# https://github.com/mikedh/trimesh
v 0.06186991 0.25677192 0.02798913
v 0.06560775 0.25517166 0.02926175
v 0.06621691 0.25642085 0.02961366
v 0.06224023 0.25781423 0.02852444
v 0.07667095 0.26054311 0.02318542
v 0.07571957 0.26202968 0.02772318
v 0.07506409 0.26455656 0.02859937
v 0.07586453 0.26549891 0.02638476
v 0.04459378 0.24882868 -0.04312222
v 0.03373075 0.25093198 -0.05103870
v 0.03247764 0.24007906 -0.05260052
v 0.04226349 0.23558958 -0.04621451
v 0.05376878 0.20533149 -0.04005818
v 0.05022771 0.21481515 -0.03996395
v 0.05088576 0.20550330 -0.05103689
v 0.05607618 0.19827978 -0.04490863
v 0.02244313 0.27406386 0.11884426
v 0.03035553 0.27460760 0.11509953
v 0.02889458 0.26752633 0.11538009
v -0.04684594 0.26380649 0.00294064
v -0.05094055 0.26271853 0.00242691
v -0.05164663 0.26405579 0.00266393
v -0.04751790 0.26490408 0.00356947
v -0.05769470 0.26918820 -0.00733885
v -0.05878709 0.27074361 -0.00286774
v -0.05834427 0.27313566 -0.00176430
v -0.05779629 0.27407527 -0.00394918
v 0.02158092 0.26679316 0.11786811
v 0.09508459 0.28370199 0.02586032
v 0.09530494 0.28178009 0.02382027
v 0.09508049 0.27972430 0.02493049
v 0.09472955 0.28145999 0.02663670
v 0.09151623 0.26659864 0.01918672
v 0.09166472 0.27398968 0.02056406
v 0.09300739 0.27658126 0.02119689
v 0.09288947 0.27426195 0.02116819
v 0.09131730 0.25593868 0.01777171
v 0.09027405 0.25637245 0.01818083
v 0.09188586 0.26115373 0.01867698
v 0.09308794 0.26103801 0.01812528
v 0.07094336 0.23285866 0.02503692
v 0.07424942 0.23487087 0.02507423
v 0.07483581 0.23343666 0.02320127
v 0.07004111 0.23179883 0.02295484
v 0.06752028 0.23336054 0.02199413
v 0.07293566 0.23383540 0.01955678
v 0.07282118 0.23671776 0.02026980
v 0.06848184 0.23590769 0.02189068
v 0.08691185 0.28706270 0.04074238
v 0.08721328 0.28392676 0.03986780
v 0.08515228 0.28230646 0.04110892
v 0.08466926 0.28539160 0.04231916
v 0.07666621 0.26186082 0.01772998
v 0.07498948 0.25539342 0.01599817
v 0.08181921 0.26035231 0.01626258
v 0.08208506 0.26297575 0.01738577
v 0.08725311 0.28099555 0.03019546
v 0.08897287 0.28303608 0.02756469
v 0.08960475 0.28146359 0.02599834
v 0.08809238 0.27915892 0.02751403
v 0.09201046 0.28589329 0.02480738
v 0.09249759 0.28368753 0.02259152
v 0.06965599 0.23928352 0.02916376
v 0.06892576 0.24185519 0.03123932
v 0.06996142 0.24349970 0.03130244
v 0.07051533 0.24327530 0.02980210
v 0.07460177 0.25898483 0.02566315
v 0.07558445 0.26200679 0.02886070
v 0.08606935 0.24546717 0.01703842
v 0.08595333 0.24665791 0.01867317
v 0.08889934 0.25114658 0.01797907
v 0.08922593 0.25046259 0.01634590
v 0.08290940 0.24824388 0.02060394
v 0.08586455 0.25165150 0.01907377
v 0.08732938 0.25269267 0.01809533
v 0.08580623 0.25015220 0.01879473
v 0.08970711 0.28338310 0.03220998
v 0.08672447 0.28363976 0.03669514
v 0.08754684 0.28299019 0.03687082
v 0.09051860 0.28263524 0.03232698
v 0.08357046 0.27353305 0.02303760
v 0.08168153 0.27741238 0.02616374
v 0.08072040 0.27688667 0.02584670
v 0.08249331 0.27354535 0.02288552
v 0.09169537 0.28300479 0.02534328
v 0.09225321 0.28099203 0.02352457
v 0.09037399 0.27955106 0.02402274
v 0.07512813 0.27481255 0.03660692
v 0.07595780 0.27609310 0.03650744
v 0.07663294 0.27476591 0.03550003
v 0.07611818 0.27326789 0.03556521
v 0.07544338 0.23337872 0.01994900
v 0.07210426 0.24531588 0.01677553
v 0.07420730 0.24636780 0.01627432
v 0.07746216 0.25094807 0.01612781
v 0.07628282 0.25212708 0.01581000
v 0.06650262 0.23354968 0.02581711
v 0.06939430 0.23360485 0.02678724
v 0.07034307 0.23297602 0.02573483
v 0.06750902 0.23270969 0.02452300
v 0.07828847 0.27920502 0.03827031
v 0.08127057 0.27933502 0.03645985
v 0.07929609 0.27828214 0.03625013
v 0.07720009 0.27801165 0.03775023
v 0.09026514 0.27174577 0.02103628
v 0.08870050 0.27721152 0.02516572
v 0.08921681 0.26127759 0.02222173
v 0.08977150 0.26255143 0.01949002
v 0.08902476 0.25846142 0.01911108
v -0.00239391 0.25189823 -0.05484988
v 0.01070598 0.25244939 -0.05675672
v 0.01120861 0.24165574 -0.05800903
v -0.00012354 0.23856264 -0.05615829
v 0.08847351 0.25724730 0.02174611
v 0.08853082 0.26873332 0.02530794
v 0.08936513 0.27002165 0.02232091
v 0.09265192 0.27863282 0.02518196
v 0.09299303 0.27324611 0.02241696
v 0.09251127 0.27945822 0.02445196
v 0.07926567 0.27949727 0.02891840
v 0.08029620 0.28406021 0.02675684
v 0.08000654 0.27884182 0.02309950
v 0.07983977 0.27783686 0.02698199
v 0.07073573 0.24672867 0.03339092
v 0.07239210 0.24887437 0.03346707
v 0.07167625 0.24754079 0.03125887
v 0.07079336 0.24567999 0.03008582
v 0.07774056 0.24872820 0.01674391
v 0.07467187 0.24521311 0.01670526
v 0.07491641 0.24460819 0.01732092
v 0.07796302 0.24665113 0.01752485
v 0.08392446 0.28117383 0.03560661
v 0.08451187 0.27681467 0.03298931
v 0.08261407 0.27625400 0.03385024
v 0.07719400 0.24693230 0.02700923
v 0.07844465 0.24863094 0.02628486
v 0.07996991 0.24654144 0.02372502
v 0.07878285 0.24437562 0.02391331
v 0.08102947 0.23788545 0.01829498
v 0.07895304 0.23814467 0.01686449
v 0.07597891 0.23550616 0.01808478
v 0.07828105 0.23508276 0.01899748
v 0.07065167 0.24465188 0.03016974
v 0.07035551 0.24463978 0.03182466
v 0.08570958 0.27450937 0.02180766
v 0.08411396 0.27915698 0.02572654
v 0.08711042 0.27687508 0.02870901
v 0.08779327 0.27515653 0.02682735
v 0.07445537 0.25981599 0.03421153
v 0.07236852 0.26092097 0.03300543
v 0.07232381 0.26019183 0.03261946
v 0.07501281 0.25829273 0.03369091
v 0.07447793 0.25922883 0.03537516
v 0.07497297 0.25770611 0.03489007
v 0.07430430 0.25710338 0.03570609
v 0.07390285 0.25789863 0.03613202
v 0.07162915 0.26143897 0.03265484
v 0.07186497 0.26102659 0.03275160
v 0.07223762 0.26160970 0.03284709
v 0.07844737 0.26893485 0.02470867
v 0.08031377 0.26210356 0.02062516
v 0.07853024 0.26151091 0.02121828
v 0.07661553 0.26704204 0.02533720
v 0.09047291 0.26416254 0.01878904
v 0.08079434 0.28049019 0.04389535
v 0.07931041 0.28249958 0.04445700
v 0.08279198 0.28720796 0.04275732
v 0.07413749 0.25069350 0.02351104
v 0.07580600 0.25040126 0.02677228
v 0.07400618 0.24958886 0.02808757
v 0.07326355 0.24980737 0.02462541
v 0.07170064 0.25221574 0.03068389
v 0.06965432 0.24916066 0.02958848
v 0.07349992 0.25015649 0.03158496
v 0.07396386 0.26454204 0.03781329
v 0.07343125 0.26223144 0.03403799
v 0.07401658 0.26065847 0.03477938
v 0.07402860 0.26045915 0.03602223
v 0.09154784 0.25580055 0.01625793
v 0.09325586 0.26121813 0.01648389
v 0.09205101 0.26171243 0.01466738
v 0.09034059 0.25606957 0.01442836
v 0.06702904 0.23592767 0.02855636
v 0.06447417 0.23519424 0.02395104
v 0.06651103 0.23821241 0.02973787
v 0.09291060 0.28751513 0.03255962
v 0.08990348 0.28988308 0.03235303
v 0.09081125 0.28899342 0.02961881
v 0.09393505 0.28667825 0.03007667
v 0.07333843 0.26924059 0.03106530
v 0.07345713 0.26713112 0.03063773
v 0.07323376 0.26787597 0.03229366
v 0.07289564 0.26975921 0.03281383
v 0.06114725 0.25464660 -0.01955639
v 0.06576858 0.24725188 -0.00324534
v 0.07251333 0.26230803 -0.00439289
v 0.06907015 0.26817736 -0.01951857
v 0.08189837 0.23995039 0.02034606
v 0.08020038 0.23741797 0.02113400
v 0.07445341 0.27087620 0.04181398
v 0.07361807 0.27202106 0.04364313
v 0.07502339 0.27723324 0.04478554
v 0.07548881 0.27442417 0.04376863
v 0.09332201 0.27687898 0.01843877
v 0.09549703 0.27546534 0.02017783
v 0.07736061 0.27899274 0.03967436
v 0.08130812 0.28306517 0.03883569
v 0.07925383 0.28056815 0.03833185
v 0.07708126 0.27866474 0.03913783
v 0.07711371 0.27048096 0.03715585
v 0.07756086 0.27147785 0.03811283
v 0.07575843 0.27248034 0.03808145
v 0.07495237 0.27136603 0.03720377
v 0.07332534 0.27569717 0.04624532
v 0.07567875 0.28099084 0.04575847
v 0.07011262 0.24453834 0.01767252
v 0.07653701 0.27071178 0.03988896
v 0.07720766 0.27282122 0.04123853
v 0.07830752 0.27276370 0.03906576
v -0.01525348 0.21027510 -0.05537723
v -0.01163211 0.21935062 -0.05418909
v -0.00773115 0.20975460 -0.06418605
v -0.01595044 0.20340990 -0.06094450
v 0.06775665 0.24178006 0.03275935
v 0.06930725 0.24385749 0.03248011
v 0.07641599 0.27782413 0.03880642
v 0.07575838 0.27676731 0.03815864
v 0.07445291 0.27311245 0.03659330
v 0.07556405 0.27181754 0.03485648
v 0.08373631 0.26878637 0.02767132
v 0.08634437 0.26130641 0.02368365
v 0.07287464 0.25722182 0.00787823
v 0.06596004 0.23916328 0.01366948
v 0.07456368 0.27297926 0.03788830
v 0.07446521 0.27347854 0.03786711
v 0.07382984 0.27283877 0.03697644
v 0.07386874 0.27214900 0.03707631
v 0.07831912 0.23537864 0.02182938
v 0.08149949 0.27340701 0.03215168
v 0.07841984 0.27116209 0.03227238
v 0.07865520 0.27260938 0.03416948
v 0.09281740 0.26559323 0.02017657
v 0.09383763 0.27308744 0.02279712
v 0.09533652 0.27394235 0.02186154
v 0.09423549 0.26589152 0.01921012
v 0.06554166 0.23411709 0.02322106
v 0.07392494 0.26682368 0.02976434
v 0.07497107 0.26490456 0.02986340
v 0.07349630 0.27100345 0.03337584
v 0.07308795 0.27168909 0.03548513
v 0.06938283 0.24622920 0.03421627
v 0.09010879 0.28561884 0.02905475
v 0.09099200 0.28444320 0.02723430
v 0.08843557 0.28398553 0.02937351
v 0.08769912 0.28443876 0.03120275
v 0.08605698 0.28476492 0.03439371
v 0.08599368 0.28595504 0.03537096
v 0.08889998 0.28638151 0.03128473
v 0.07689094 0.27132785 0.03365247
v 0.07740487 0.27259013 0.03508826
v 0.07616836 0.24559483 0.02722089
v 0.07695846 0.24082717 0.02412675
v 0.08759987 0.25456795 0.01949848
v 0.08658420 0.25411800 0.02224736
v 0.08929854 0.26745182 0.01595728
v 0.08897196 0.27606440 0.01893602
v 0.08724839 0.27510297 0.02046637
v 0.08796208 0.26726922 0.01711051
v 0.08198755 0.26826140 0.01959871
v 0.07866373 0.26914623 0.01982807
v 0.07326021 0.25869608 0.03674845
v 0.07192705 0.26142788 0.03958027
v 0.07312808 0.27043602 0.03292273
v 0.07289104 0.27114990 0.03509320
v 0.08224051 0.25174755 0.01653369
v 0.07663310 0.24301001 0.01910882
v 0.08180807 0.24924557 0.01729862
v 0.07215668 0.24203716 0.01946710
v 0.07117087 0.24048798 0.02087896
v 0.07410803 0.24079515 0.02021934
v 0.08296815 0.24965112 0.02222584
v 0.08531018 0.25157732 0.02081023
v 0.07133399 0.26145783 0.03206210
v 0.07018428 0.26060849 0.03029014
v 0.07031170 0.26113963 0.03218369
v 0.08683396 0.26832449 0.02699600
v 0.08824921 0.26100680 0.02375381
v 0.07723560 0.27367225 0.03869303
v 0.07627174 0.26497635 0.03411733
v 0.07645936 0.26737162 0.03712331
v 0.08022874 0.27613452 0.04127155
v 0.07872864 0.27513933 0.03986855
v 0.07820395 0.27435017 0.03914608
v 0.07912029 0.27432123 0.04013316
v 0.06467997 0.25317004 0.02747355
v 0.06754277 0.25090280 0.02875407
v 0.06900010 0.25357825 0.03027792
v 0.08472671 0.28498763 0.03645407
v 0.08542823 0.28363132 0.03476249
v 0.08559842 0.28041413 0.02498887
v 0.07704145 0.27669987 0.03596608
v 0.07785776 0.27559614 0.03467004
v 0.08069850 0.28907928 0.03487866
v 0.07921965 0.28596234 0.03700329
v 0.07899874 0.28562701 0.03811215
v 0.07982746 0.28927076 0.03941922
v 0.06934836 0.23730241 0.02202405
v 0.07282014 0.23825213 0.02051438
v 0.07281443 0.23938951 0.02077000
v 0.07021015 0.23883744 0.02189954
v 0.07329253 0.24905007 0.02818786
v 0.07280483 0.24927029 0.02520443
v 0.08917659 0.25657490 0.01778044
v 0.08829056 0.25553754 0.01819606
v 0.08974718 0.25980267 0.01810654
v 0.09064692 0.26117384 0.01806210
v 0.07468484 0.27105373 0.02951963
v 0.07417484 0.26983315 0.02936022
v 0.07962587 0.28126544 0.03349201
v 0.08190276 0.28380537 0.03362449
v 0.08021092 0.28498289 0.03746374
v 0.07861202 0.28308880 0.03686775
v 0.08737744 0.28188968 0.02351458
v 0.07796898 0.27416697 0.03451024
v 0.07884813 0.27475858 0.03377236
v 0.07736067 0.27435565 0.03498133
v 0.07446415 0.27069148 0.03653382
v 0.07676246 0.26965779 0.03614272
v 0.07983495 0.27698705 0.04014705
v 0.08404008 0.28111321 0.03930925
v 0.08319587 0.28138360 0.03911106
v 0.07919368 0.27785775 0.04022662
v 0.07495330 0.27521476 0.03790431
v 0.03592272 0.26333767 -0.05215354
v 0.03936901 0.27542084 -0.05440463
v -0.04951904 0.27847785 0.10281084
v -0.05489380 0.27989018 0.09604387
v -0.05443063 0.27275366 0.09662442
v -0.04907510 0.27117550 0.10201190
v 0.07760481 0.28252387 0.04404442
v 0.07922667 0.28555876 0.04152237
v 0.08010703 0.28656489 0.04184781
v 0.07820408 0.28365567 0.04378246
v 0.08733698 0.28316092 0.03118102
v 0.09206157 0.28139767 0.02611522
v 0.07570552 0.26276302 0.03072946
v 0.07256795 0.26035890 0.02928911
v 0.06233928 0.25958651 0.02765466
v 0.06268793 0.26064900 0.02817766
v 0.06349642 0.26075801 0.02710019
v 0.06321889 0.25969890 0.02634306
v 0.06610774 0.25540337 0.02515469
v 0.06853644 0.25389197 0.02642901
v 0.06750827 0.25165683 0.02661987
v 0.06531515 0.25338918 0.02473040
v 0.06195741 0.25699261 0.02596630
v 0.06212797 0.25830644 0.02690278
v 0.06313562 0.25828868 0.02546786
v 0.06311090 0.25686300 0.02407853
v 0.08370452 0.28415039 0.03816698
v 0.08576513 0.28460652 0.03694971
v 0.09304243 0.28008980 0.02714454
v 0.09341239 0.27847928 0.02563690
v 0.09079345 0.28386897 0.02987157
v 0.09149974 0.28278023 0.02805717
v 0.07264451 0.25117758 0.03461485
v 0.07412860 0.25190297 0.03350659
v 0.07372329 0.25044903 0.03291495
v 0.09406248 0.28281957 0.02849923
v 0.09463621 0.28522310 0.02793019
v 0.06985285 0.23641990 0.02834548
v 0.06847552 0.23512627 0.02806963
v 0.04287950 0.17068285 -0.00248350
v 0.05274255 0.17783250 -0.00645542
v 0.05348432 0.16876025 -0.01281127
v 0.04414381 0.16174220 -0.00866489
v 0.07937699 0.27781403 0.04358856
v 0.07799042 0.28003335 0.04445933
v 0.06184254 0.25516158 0.02643813
v 0.06208717 0.25495049 0.02481674
v 0.06455905 0.25288379 0.02575363
v 0.06663527 0.25779441 0.03014387
v 0.06268837 0.25903183 0.02899684
v 0.06633014 0.25685978 0.02585070
v 0.06687894 0.26094830 0.02874725
v 0.06693726 0.26139796 0.03034540
v 0.06923983 0.24769242 0.02692915
v 0.07119861 0.24804732 0.02534299
v 0.07185551 0.24671890 0.02838017
v 0.06311426 0.25504556 0.02335720
v 0.07399751 0.27105817 0.03171630
v 0.06934359 0.25719836 0.02738060
v 0.07263389 0.25548688 0.02570824
v 0.07203389 0.25339860 0.02525197
v 0.06904376 0.25547451 0.02664910
v 0.08085691 0.24663514 0.02222858
v 0.08113412 0.24816121 0.02320163
v 0.07526381 0.25209671 0.02269869
v 0.07788674 0.25128257 0.02491032
v 0.07524625 0.26576900 0.03132294
v 0.07608233 0.26782125 0.03409149
v 0.07189146 0.26155207 0.03211682
v 0.06971440 0.25890777 0.02862011
v 0.07273427 0.25746220 0.02672918
v 0.06691525 0.25907969 0.03048785
v 0.07043623 0.25855222 0.03182749
v 0.07024036 0.25965855 0.03208636
v 0.06695970 0.26009238 0.03066121
v 0.08067995 0.27599788 0.03423707
v 0.07670409 0.27760163 0.04439513
v 0.07826003 0.27525210 0.04284792
v 0.08459501 0.29785463 0.02609788
v 0.08375961 0.29275098 0.01846658
v 0.08118420 0.28802845 0.03023066
v 0.06645314 0.25839108 0.02679120
v 0.06325112 0.26136318 0.02888782
v 0.06360523 0.26051626 0.02950300
v 0.08806253 0.25213763 0.01840197
v 0.07239812 0.24633849 0.02857278
v 0.07357288 0.26934734 0.03497232
v 0.08887451 0.26213959 0.01497196
v 0.08733394 0.25690845 0.01464842
v 0.07287600 0.27072126 0.03499584
v 0.07337609 0.27142549 0.03608225
v 0.07217642 0.24858953 0.02514569
v 0.07270076 0.24790624 0.02844496
v 0.07350197 0.27167624 0.03646524
v 0.07417890 0.25198424 0.03210776
v 0.08673019 0.27774236 0.03042828
v 0.07767776 0.24046937 0.01755862
v 0.07514431 0.23833323 0.01882471
v 0.06316368 0.25990957 0.02941291
v 0.06670327 0.25152567 0.02714579
v 0.06674892 0.25983587 0.02771489
v 0.07287815 0.25610027 0.03169839
v 0.07233261 0.25402007 0.03154446
v 0.07456449 0.25400081 0.03267084
v 0.07968827 0.25229177 0.02408849
v 0.07667236 0.25442326 0.02140234
v 0.07827928 0.25601000 0.02021442
v 0.08183057 0.25346616 0.02336009
v 0.08541828 0.25186437 0.01465206
v 0.08294582 0.24700901 0.01539956
v 0.08501828 0.24548893 0.01513459
v 0.08800641 0.25052938 0.01438080
v 0.08608250 0.31502694 0.02433674
v 0.08383168 0.30008852 0.03423415
v 0.08488706 0.31620073 0.03696083
v 0.08546367 0.28717792 0.03038724
v 0.08600947 0.28577909 0.02808695
v 0.09151594 0.28763619 0.02698241
v 0.07786128 0.28546017 0.04311411
v 0.07871083 0.28483611 0.03935508
v 0.07867745 0.28483269 0.04129885
v 0.09271276 0.26738411 0.01562668
v 0.07398811 0.26770079 0.04000689
v 0.07629834 0.26893997 0.03865169
v 0.08157244 0.25311330 0.01591165
v 0.08148847 0.25112969 0.02447890
v 0.08410720 0.25217691 0.02343939
v 0.08910836 0.28480667 0.03788854
v 0.08576927 0.28243402 0.03850193
v 0.01132424 0.15691595 0.00682916
v 0.01291580 0.15128563 -0.00054784
v -0.00804393 0.21688235 0.10416327
v -0.00629007 0.21729654 0.10304777
v -0.00733430 0.21950607 0.10273813
v -0.00812901 0.21925034 0.10322766
v -0.00689338 0.20917703 0.09919737
v -0.00735374 0.21113662 0.09869729
v -0.00625058 0.21123126 0.09790559
v -0.00563377 0.20949554 0.09855966
v -0.01023771 0.21944681 0.10177509
v -0.01218479 0.21603680 0.10273929
v -0.01097457 0.21618614 0.10468696
v -0.00936342 0.21953374 0.10288651
v 0.08927425 0.28803939 0.03842191
v -0.00386780 0.20887272 0.09945683
v -0.00452956 0.21112482 0.09895305
v -0.00438260 0.21070248 0.10091500
v -0.00312973 0.20884472 0.10152231
v -0.01219776 0.20662259 0.10563712
v -0.01145500 0.20842856 0.10687061
v -0.01185250 0.20871927 0.10426752
v -0.01153903 0.20706783 0.10312603
v -0.00977512 0.20897920 0.10685830
v -0.00846101 0.20771873 0.10854505
v -0.00656247 0.20829631 0.10741813
v -0.00815387 0.20937058 0.10577379
v -0.01132755 0.21295583 0.10075475
v -0.01008013 0.21052855 0.10148190
v -0.01286001 0.21159491 0.10389398
v -0.00370714 0.21360166 0.10035472
v -0.00459645 0.21335672 0.09836964
v -0.00568894 0.21705648 0.09935503
v -0.00471322 0.21733041 0.10072540
v 0.04384198 0.18458599 0.00814061
v 0.05317969 0.19022554 0.00072038
v 0.02072220 0.23608634 0.09807877
v 0.01986344 0.23308478 0.09776129
v 0.01576322 0.23396394 0.09789352
v 0.01679177 0.23657799 0.09831648
v 0.07496940 0.25568438 0.03442304
v 0.07412423 0.25603029 0.03563498
v 0.08655676 0.28400296 0.02562617
v 0.08957923 0.28452206 0.03211378
v 0.08484890 0.28794032 0.03284167
v 0.08260513 0.28802708 0.03781490
v 0.08118733 0.28644639 0.03743921
v 0.08305346 0.28576973 0.03322892
v 0.09238836 0.28447670 0.03251742
v 0.07319986 0.24522713 0.02837823
v 0.08406179 0.27330390 0.03092794
v 0.08137120 0.28749368 0.03998266
v 0.08466353 0.28897917 0.04080860
v 0.09185777 0.26575243 0.01993527
v 0.09332187 0.28391373 0.03044732
v 0.09140836 0.28228408 0.03047077
v 0.08148168 0.27819461 0.04206111
v 0.08006736 0.25895721 0.01965289
v 0.08564081 0.25775343 0.02299906
v 0.08398897 0.25503397 0.02293725
v -0.07297555 0.29408270 -0.01259361
v -0.07243973 0.29215550 -0.01426573
v -0.07294212 0.29016033 -0.01328661
v -0.07318330 0.29185686 -0.01152693
v -0.06884680 0.27662939 -0.01728977
v -0.06869407 0.28408429 -0.01579913
v -0.06988154 0.28678104 -0.01585560
v -0.07003061 0.28450185 -0.01580547
v 0.07932493 0.25703171 0.01965906
v 0.07409511 0.26855871 0.02943935
v 0.06833854 0.24608532 0.03604214
v 0.07971521 0.24193177 0.02228467
v -0.06910817 0.26598710 -0.01871915
v -0.06831368 0.26630887 -0.01782893
v -0.06952787 0.27123246 -0.01793118
v -0.07033548 0.27126622 -0.01893352
v 0.08132808 0.24349238 0.02118815
v 0.04920201 0.26141724 -0.04306838
v 0.05400727 0.27352464 -0.04485632
v 0.09432078 0.26665214 0.01738320
v 0.08370904 0.28415528 0.03714384
v 0.07504549 0.24540858 0.02760987
v 0.07406642 0.24047098 0.02571259
v 0.07245681 0.24010672 0.02700351
v 0.07846411 0.27501458 0.03413279
v 0.08110953 0.25414708 0.01600687
v 0.08141643 0.25657159 0.01593329
v 0.06372798 0.26118249 0.02781127
v 0.08214057 0.24814837 0.01654209
v 0.07728504 0.24171363 0.01841407
v 0.05991934 0.19688301 -0.00681101
v 0.05965538 0.20425841 -0.01706851
v -0.05697250 0.24087168 -0.00417329
v -0.05969413 0.24331827 -0.00554569
v -0.05953635 0.24188234 -0.00753447
v -0.05539752 0.23970827 -0.00563811
v 0.06010514 0.19344333 -0.02206062
v 0.05936817 0.18535525 -0.01334441
v 0.07018011 0.25851148 0.04132222
v 0.07131577 0.25294632 0.03676538
v 0.07009476 0.25141001 0.03744899
v 0.02238042 0.16464490 0.01044463
v 0.02182212 0.15505418 -0.00001146
v 0.06674076 0.24525429 0.03900780
v 0.06365634 0.24035458 0.04757328
v 0.06610298 0.25386971 0.05470864
v 0.06796532 0.25332531 0.04393350
v 0.04748637 0.26706889 0.09574012
v 0.04968393 0.26945594 0.09264378
v 0.05048027 0.26093116 0.08903535
v 0.04807071 0.26041791 0.09229387
v 0.00541791 0.31535360 0.12663077
v -0.00496924 0.31541339 0.12701152
v -0.00359555 0.32537970 0.12477587
v 0.00698950 0.32515109 0.12410428
v 0.05679982 0.28353408 -0.04642995
v 0.05916548 0.29557747 -0.04706015
v 0.04359799 0.29632273 -0.05853650
v 0.04149697 0.28452873 -0.05677617
v 0.01166687 0.35097384 0.11256607
v 0.00084915 0.35180935 0.11365168
v 0.00304626 0.36052534 0.10626896
v -0.05251010 0.24083510 -0.00531344
v -0.05624245 0.24192025 -0.01033962
v -0.05618803 0.24477279 -0.00954817
v -0.05309928 0.24350549 -0.00574175
v 0.01385876 0.35920674 0.10534297
v 0.03945786 0.23750143 0.09346621
v 0.04152568 0.23197250 0.09163691
v 0.03746009 0.23009609 0.09353484
v 0.03601586 0.23588674 0.09489931
v 0.07305256 0.23579562 0.02609162
v 0.07180817 0.23609206 0.02702041
v -0.07174249 0.29692602 0.00481240
v -0.07198445 0.29384384 0.00381567
v -0.07092918 0.29207554 0.00567909
v -0.07059593 0.29513103 0.00701153
v -0.05563828 0.27019954 -0.01195250
v -0.05407800 0.26361156 -0.01273556
v -0.05972973 0.26927251 -0.01534609
v -0.06021259 0.27191487 -0.01461177
v 0.00576313 0.36919156 0.09707122
v 0.01665590 0.36738572 0.09651934
v -0.00221773 0.24010170 0.10189037
v -0.06825990 0.29073781 -0.00509275
v -0.06822263 0.29289103 -0.00796758
v -0.06835071 0.29135978 -0.00983272
v -0.06798498 0.28892767 -0.00786532
v -0.06956109 0.29581279 -0.01206383
v -0.06928892 0.29362446 -0.01430443
v -0.05698063 0.24721199 0.00066257
v -0.05702366 0.24969918 0.00297274
v -0.05767777 0.25149295 0.00253721
v -0.05751381 0.25129163 0.00094336
v -0.05716952 0.26752889 -0.00433756
v -0.05918970 0.27072188 -0.00188658
v -0.06551325 0.25490531 -0.01748137
v -0.06582911 0.25615674 -0.01593505
v -0.06755180 0.26096600 -0.01771188
v -0.06728239 0.26027849 -0.01928341
v -0.00126682 0.24293730 0.10050659
v 0.00270000 0.24059620 0.09858553
v 0.00192014 0.23786375 0.09958751
v -0.00892349 0.28541291 0.12458347
v -0.00778801 0.29346973 0.12646042
v 0.00125889 0.29360905 0.12686853
v -0.00070909 0.28545371 0.12517498
v 0.00729603 0.23871392 0.09783696
v 0.00615999 0.23631066 0.09796987
v -0.00236194 0.33463895 0.12235318
v 0.00837387 0.33418274 0.12167947
v 0.02736360 0.39365619 0.05391894
v -0.06385564 0.25740850 -0.01264434
v -0.06544761 0.26111016 -0.01515599
v -0.06611378 0.26230991 -0.01667906
v -0.06538662 0.25961176 -0.01546517
v 0.02563020 0.38996613 0.06160982
v 0.01511091 0.39327469 0.05992450
v -0.07100717 0.29335222 -0.00412039
v -0.07029292 0.29340383 0.00123085
v -0.07119035 0.29277456 0.00097810
v -0.07188148 0.29263544 -0.00443213
v 0.01921017 0.39797240 0.04869650
v 0.07960709 0.28159165 -0.00412410
v 0.07961337 0.27420467 0.00966884
v 0.08206729 0.28559795 0.01314123
v 0.08361354 0.29779840 0.00027309
v 0.03147591 0.17179780 0.00901020
v 0.03162215 0.16221036 -0.00125709
v -0.06281206 0.28257102 -0.01000141
v -0.06201041 0.28626227 -0.00636570
v -0.06113701 0.28561530 -0.00619204
v -0.06179378 0.28245553 -0.00973438
v -0.06974726 0.29311383 -0.01130664
v -0.06969249 0.29113778 -0.01330118
v -0.06840508 0.28949809 -0.01205705
v -0.06104233 0.28333279 0.00611357
v -0.06158534 0.28468767 0.00534995
v -0.06189454 0.28344977 0.00436412
v -0.06161739 0.28191289 0.00473320
v -0.05868460 0.24186917 -0.01067868
v -0.05295558 0.25320646 -0.01114570
v -0.05446357 0.25442928 -0.01258416
v -0.05678822 0.25936815 -0.01400463
v -0.05539592 0.26043791 -0.01365028
v 0.03927923 0.28460380 0.10989444
v 0.04228165 0.29118297 0.10884954
v 0.04603602 0.28591117 0.10334601
v 0.04287207 0.27999455 0.10503240
v -0.01030308 0.27239823 0.12106027
v -0.00331833 0.27214870 0.12227313
v -0.00493484 0.26610199 0.11972885
v -0.01078351 0.26617309 0.11866419
v -0.05335642 0.24099679 -0.00125666
v -0.05633273 0.24150029 -0.00175555
v -0.05673319 0.24097607 -0.00320329
v -0.05370632 0.24028024 -0.00301556
v 0.04784040 0.25372812 0.08974956
v 0.05070672 0.25227901 0.08671696
v 0.04898597 0.24316758 0.08738343
v 0.04592535 0.24608554 0.08987652
v 0.04224262 0.23980604 0.09203283
v -0.06398215 0.28810653 0.00599273
v -0.06587185 0.28857341 0.00320394
v -0.06413641 0.28730723 0.00385918
v -0.06297714 0.28677750 0.00594434
v 0.04473042 0.23471126 0.08997919
v -0.06793165 0.28169885 -0.01478167
v -0.06775941 0.28699467 -0.01036863
v 0.00334047 0.30383363 0.12805910
v -0.00649424 0.30393422 0.12761085
v 0.04841235 0.27836010 0.09740125
v 0.04554779 0.27385995 0.10007094
v -0.00549995 0.24193910 0.10486545
v -0.00415068 0.24468683 0.10270266
v -0.00707306 0.24759074 0.10617833
v -0.06854689 0.27118948 -0.01352568
v -0.06790213 0.27244028 -0.01613827
v -0.06742343 0.26828569 -0.01635368
v -0.06815740 0.26708737 -0.01377119
v -0.01158001 0.24522322 0.10979007
v -0.01141679 0.24927336 0.11078970
v -0.00772707 0.25043955 0.10838757
v 0.01790841 0.28693748 0.12259682
v 0.02035331 0.29481280 0.12352650
v 0.02868751 0.29536334 0.11947320
v 0.02624434 0.28771541 0.11928730
v 0.00991606 0.34261644 0.11806242
v -0.06854289 0.27863339 -0.01022883
v -0.06794673 0.27991912 -0.01328368
v -0.00092601 0.34313604 0.11905257
v -0.01120137 0.25839809 0.11443008
v -0.00686806 0.25880551 0.11421458
v -0.00736764 0.25585547 0.11150597
v -0.07106649 0.28884047 -0.01206984
v -0.07079078 0.28352651 -0.01478712
v -0.07052656 0.28965279 -0.01263556
v -0.06069700 0.28814921 -0.00280790
v -0.06001657 0.29279533 -0.00505485
v -0.05892283 0.28740856 -0.00914183
v -0.06061717 0.28654113 -0.00488374
v -0.01108594 0.25530493 0.11274414
v 0.01104759 0.23493399 0.09785716
v 0.01206773 0.23732977 0.09814642
v 0.06591216 0.23717698 0.02142937
v 0.06696948 0.23630114 0.02186583
v 0.07012610 0.27296990 0.05084129
v 0.06886954 0.26277834 0.04785977
v 0.06625485 0.26606700 0.05956824
v 0.06707431 0.27823839 0.06313680
v 0.07076176 0.28971002 0.06549488
v 0.07397192 0.30013096 0.06465237
v 0.07610490 0.28855458 0.05237947
v 0.07325651 0.28128764 0.05308942
v 0.05761399 0.20028239 -0.03097486
v 0.05516822 0.21065083 -0.02793406
v -0.01180139 0.24148825 0.11040829
v -0.01218044 0.23790063 0.11122124
v 0.04725737 0.34197924 -0.05742912
v -0.05858812 0.25495952 0.00371169
v -0.05970431 0.25731379 0.00332792
v -0.05827982 0.25588796 0.00135566
v -0.05748639 0.25376207 0.00108266
v 0.04635190 0.32784110 -0.05815928
v 0.06231924 0.32721660 -0.04488806
v 0.06092628 0.33966130 -0.04289208
v 0.07594155 0.27054128 -0.00477946
v -0.05758699 0.25716928 -0.01373295
v -0.05526624 0.25330493 -0.01245226
v -0.05581390 0.25272644 -0.01207106
v -0.05836492 0.25515491 -0.01320827
v 0.07643261 0.26521400 0.00842924
v -0.00587239 0.21352336 0.10353176
v -0.00803188 0.21991043 0.10070013
v -0.00760982 0.21690427 0.09875177
v -0.00820647 0.21925667 0.10015602
v -0.00630547 0.20992278 0.10392846
v -0.00444771 0.20867217 0.10524569
v -0.00671289 0.21334724 0.09740059
v -0.00769536 0.21334921 0.09780972
v -0.00843184 0.21708947 0.09897302
v -0.00710026 0.21993163 0.10164835
v -0.01507929 0.20432793 0.10620438
v -0.01529110 0.20446876 0.10944502
v -0.01165689 0.20583679 0.10984071
v -0.01245918 0.20544499 0.10717137
v -0.01044108 0.21887867 0.10108064
v -0.01141398 0.21652271 0.10068278
v -0.01206220 0.21150582 0.10632680
v -0.00957963 0.21647258 0.10476078
v -0.00875058 0.21942677 0.10320906
v -0.01018381 0.21227869 0.10625415
v -0.00983047 0.20808758 0.10117953
v -0.00818316 0.21296674 0.10521786
v -0.06773113 0.29062963 0.00128488
v -0.06765877 0.28627205 -0.00137125
v -0.06636716 0.28556293 0.00020732
v -0.06162969 0.25574160 -0.00454973
v -0.06217304 0.25755292 -0.00571796
v -0.06271082 0.25552860 -0.00860286
v -0.06201606 0.25324950 -0.00796606
v 0.07963505 0.24997434 0.02532138
v 0.05244746 0.20400304 0.01372303
v 0.05814707 0.21921240 0.01588200
v 0.05899885 0.22006725 0.01203571
v -0.06244854 0.24681610 -0.01426966
v -0.05994789 0.24683852 -0.01448518
v -0.05807068 0.24393836 -0.01217423
v -0.06055660 0.24382527 -0.01243597
v -0.05755556 0.25271955 0.00124846
v -0.05813037 0.25268072 0.00280866
v -0.06414106 0.28370571 -0.01197256
v -0.06373772 0.28822678 -0.00738350
v 0.05547343 0.20517795 0.00695480
v 0.08118079 0.27479365 0.03320639
v 0.05756181 0.29893267 0.09245960
v 0.06141000 0.31360245 0.08913152
v 0.06957134 0.30737939 0.07612608
v -0.06796515 0.28659558 -0.00644188
v -0.06792831 0.28490397 -0.00852859
v 0.06712822 0.29520848 0.07636450
v 0.06299419 0.32555369 0.08586882
v 0.07103439 0.31996027 0.07373951
v 0.07699869 0.31258300 0.06180339
v 0.08186205 0.29947907 0.04262044
v 0.02909261 0.24953017 0.10137774
v 0.02932880 0.24920966 0.10151722
v 0.02758415 0.24849591 0.10212035
v -0.06058951 0.26853910 0.00341837
v -0.05806590 0.26936042 0.00325240
v -0.05791677 0.26860887 0.00291719
v -0.06099535 0.26705968 0.00271654
v 0.02761453 0.24871875 0.10206728
v 0.02876924 0.24988624 0.10081260
v 0.02728369 0.24901511 0.10123764
v -0.06117223 0.26795879 0.00446695
v -0.06152572 0.26649192 0.00378589
v -0.06136878 0.26582697 0.00479007
v -0.06111164 0.26657003 0.00536032
v 0.02980268 0.25063539 0.10035978
v 0.03021040 0.25023571 0.10079663
v 0.03042971 0.24993925 0.10084029
v 0.01170384 0.24966344 0.10055815
v 0.01248589 0.25024590 0.10021238
v 0.01498853 0.24917512 0.10065202
v 0.01411384 0.24870983 0.10139214
v 0.01140539 0.24923271 0.10065840
v 0.01396414 0.24826592 0.10151510
v -0.05718611 0.26977766 0.00323747
v -0.05748352 0.26939312 0.00323854
v -0.05780933 0.27002978 0.00315872
v -0.05927473 0.27743217 -0.00635006
v -0.05978069 0.27094579 -0.01102485
v -0.05853046 0.27020746 -0.00974821
v -0.05811762 0.27559111 -0.00522371
v 0.01667338 0.25398618 0.09668271
v 0.01624649 0.25429147 0.09659986
v -0.06807691 0.27407748 -0.01724340
v 0.01746971 0.25352651 0.09702013
v 0.01048553 0.25242183 0.09904252
v 0.01043938 0.25319505 0.09965967
v -0.06839556 0.28983617 0.00986120
v -0.06701718 0.29166555 0.01102830
v -0.06881992 0.29666969 0.00811969
v 0.01601290 0.25477400 0.09716932
v 0.01608776 0.25444028 0.09677933
v 0.01063400 0.25202534 0.09890960
v -0.05681293 0.25910720 -0.00621732
v -0.05979813 0.25905964 -0.00403763
v -0.05872761 0.25810957 -0.00248532
v -0.05665279 0.25812000 -0.00488277
v -0.05737767 0.26053590 0.00110979
v -0.05553036 0.25719383 0.00089219
v -0.05963753 0.25873008 0.00111388
v -0.06140435 0.27324095 0.00709935
v -0.05944226 0.27083138 0.00379457
v -0.06035500 0.26932719 0.00415827
v -0.06097877 0.26914132 0.00529192
v -0.06867594 0.26582322 -0.02013426
v -0.06978954 0.27141133 -0.02043585
v -0.06787761 0.27168128 -0.02140246
v -0.06676637 0.26590678 -0.02121638
v 0.00914902 0.25180808 0.09846185
v 0.00846074 0.25216967 0.09821524
v -0.05478575 0.24354728 0.00112300
v -0.05054420 0.24246733 -0.00198714
v -0.05467420 0.24575278 0.00264053
v -0.07343649 0.29783413 -0.00532915
v -0.07033825 0.29983687 -0.00413813
v -0.07012200 0.29891959 -0.00696453
v -0.07336064 0.29703444 -0.00801098
v -0.05739560 0.27759042 0.00138657
v -0.05755487 0.27552339 0.00088535
v -0.05804916 0.27628246 0.00251299
v -0.05773644 0.27810127 0.00319129
v 0.00839727 0.25317946 0.09908293
v 0.01901186 0.24696344 0.10244893
v 0.01920856 0.24619639 0.10219054
v 0.01459714 0.24668817 0.10134320
v 0.01420806 0.24758348 0.10151921
v 0.01885859 0.24748750 0.10247557
v 0.02233941 0.24777900 0.10253237
v 0.02241331 0.24722531 0.10243742
v 0.02252761 0.24652293 0.10212706
v -0.02695635 0.26019260 -0.04101944
v -0.03879225 0.25390390 -0.02717970
v -0.04271635 0.26942208 -0.03117386
v -0.03219651 0.27448440 -0.04349184
v -0.06380264 0.24905716 -0.01280104
v -0.06292461 0.24641153 -0.01137538
v -0.06315684 0.27954853 0.01089136
v -0.06314035 0.28061730 0.01241045
v -0.06407808 0.28599492 0.01295684
v -0.06453174 0.28322101 0.01178001
v 0.01141038 0.24785517 0.10064833
v 0.01137737 0.24880260 0.10069053
v 0.02254513 0.24587418 0.10185300
v 0.01944258 0.24559943 0.10185589
v -0.06898510 0.28683922 -0.01824993
v -0.07178658 0.28585869 -0.01782872
v 0.01480909 0.24604683 0.10105680
v 0.01142489 0.24738280 0.10046788
v 0.00882114 0.24883442 0.09978710
v 0.00990648 0.24902835 0.10028099
v 0.01949670 0.24492921 0.10146867
v 0.01948338 0.24411675 0.10090701
v 0.01472797 0.24440548 0.10032420
v 0.01483035 0.24528687 0.10073893
v -0.06379744 0.28782931 0.00766031
v -0.06647998 0.29232746 0.00536342
v -0.06471010 0.28959584 0.00584276
v -0.06334770 0.28745764 0.00727697
v -0.06343123 0.27939546 0.00555809
v -0.06417055 0.28042805 0.00626364
v -0.06244523 0.28115904 0.00705834
v -0.06143287 0.27997655 0.00657196
v 0.02262715 0.24527702 0.10133441
v 0.02260561 0.24450365 0.10077725
v -0.06327631 0.28429234 0.01505555
v -0.06444076 0.28988004 0.01363914
v 0.03177599 0.25063238 0.09967165
v 0.03241426 0.25140506 0.09917246
v 0.03234617 0.25086474 0.09905796
v -0.05162016 0.25241265 -0.01047580
v 0.03204615 0.25028637 0.09922455
v 0.03508789 0.24933918 0.09641005
v 0.03608415 0.25081053 0.09627692
v 0.03774478 0.25064728 0.09532587
v -0.06413464 0.27962208 0.00820662
v -0.06517382 0.28171319 0.00935215
v -0.06514634 0.28175798 0.00686468
v -0.05669918 0.24948579 0.00488378
v -0.05763811 0.25175473 0.00393166
v -0.06272839 0.28653193 0.00722344
v -0.06202012 0.28539404 0.00688295
v -0.06059260 0.28159934 0.00633149
v -0.06091439 0.28047127 0.00422262
v 0.03654608 0.24899697 0.09544106
v -0.06535970 0.27804202 -0.00583960
v -0.06661117 0.27090952 -0.01091331
v 0.04440229 0.24247397 0.09068404
v 0.03859215 0.24655443 0.09442858
v 0.04015759 0.24852732 0.09376638
v 0.03121151 0.25011253 0.10015218
v 0.03044890 0.24950406 0.10066874
v 0.03113519 0.25048009 0.10027234
v 0.03172075 0.25112879 0.09968786
v 0.03151777 0.24960679 0.09963550
v 0.03058029 0.24893230 0.10026352
v 0.02939748 0.24885947 0.10134320
v 0.02951934 0.24812521 0.10098974
v 0.02770212 0.24738371 0.10157768
v 0.02759142 0.24809778 0.10193913
v 0.02540524 0.24756061 0.10229741
v -0.04857345 0.26494077 -0.01971275
v -0.04682614 0.24686691 -0.01263849
v 0.02567404 0.24811427 0.10247384
v 0.02549714 0.24687009 0.10194908
v 0.02784606 0.24688220 0.10115109
v 0.02561097 0.24629843 0.10160570
v 0.02958596 0.24766843 0.10043387
v 0.03071548 0.24858420 0.09972595
v 0.03171473 0.24938221 0.09907623
v 0.03240359 0.25007486 0.09869342
v 0.03282310 0.25086731 0.09858052
v 0.03209795 0.24911995 0.09840475
v 0.03285882 0.24875189 0.09754767
v 0.03144081 0.24775611 0.09820162
v 0.03093034 0.24825393 0.09910385
v 0.03300440 0.24994346 0.09802638
v 0.03392660 0.24971741 0.09714507
v -0.06126248 0.28148282 0.00743303
v -0.06112218 0.28196666 0.00748254
v -0.06021871 0.28125793 0.00693105
v -0.06035620 0.28058857 0.00697483
v 0.02972499 0.24741332 0.09977780
v 0.02983319 0.24691142 0.09907000
v 0.02793468 0.24587372 0.09992860
v 0.02792288 0.24637876 0.10062028
v -0.06176083 0.24424739 -0.00992556
v -0.06497128 0.28255600 -0.00093515
v -0.06234316 0.27995595 0.00053535
v -0.06329679 0.28152356 0.00222412
v 0.02568603 0.24578278 0.10106508
v 0.02579258 0.24513225 0.10043339
v -0.07056261 0.27576756 -0.01706474
v -0.07174716 0.28345138 -0.01480235
v -0.07260314 0.28445861 -0.01629137
v -0.07136834 0.27621472 -0.01856849
v 0.01881316 0.24771516 0.10236035
v 0.01875966 0.24825829 0.10139064
v 0.02229043 0.24810874 0.10159074
v 0.02237515 0.24799784 0.10243927
v 0.02568525 0.24827507 0.10243602
v -0.05127026 0.24141537 -0.00322160
v -0.05757367 0.27526140 -0.00011848
v -0.05881278 0.27353323 -0.00059269
v 0.02533481 0.24835372 0.10156165
v 0.02238247 0.24853063 0.10063075
v 0.02159829 0.25241861 0.09754749
v 0.02298371 0.25250956 0.09756486
v 0.02516462 0.24874069 0.10061125
v -0.05848169 0.27938715 0.00376536
v -0.05901527 0.28003299 0.00587051
v 0.01919601 0.24878369 0.10047559
v 0.02003208 0.25257671 0.09754671
v 0.01596420 0.24976340 0.10000424
v -0.05809097 0.25420392 0.00548281
v 0.01857888 0.25305998 0.09718390
v 0.01334223 0.25057989 0.09984048
v 0.01980558 0.25845063 0.10757045
v 0.01975985 0.25851619 0.10779320
v 0.02419351 0.25803441 0.10805286
v 0.02394901 0.25795317 0.10760830
v 0.06853966 0.29389802 -0.03443639
v 0.07068007 0.31016439 -0.03407992
v 0.06159695 0.31048107 -0.04707949
v 0.02691156 0.25616458 0.10666628
v 0.02694059 0.25713634 0.10660903
v 0.02955719 0.25635377 0.10548998
v 0.02943538 0.25557694 0.10528903
v 0.02690003 0.25514695 0.10668890
v -0.06969194 0.29558843 -0.00709590
v -0.06977259 0.29451308 -0.00923888
v -0.06847356 0.29379976 -0.00609951
v -0.06858994 0.29420149 -0.00414641
v -0.06845142 0.29439440 -0.00055493
v -0.06873191 0.29558733 0.00043444
v -0.06949269 0.29627562 -0.00452535
v -0.06157982 0.28010538 0.00237395
v -0.06257529 0.28141275 0.00356704
v 0.02926837 0.25463462 0.10494934
v 0.02386104 0.25567555 0.10809509
v -0.06100981 0.25428414 -0.00390527
v -0.06089524 0.24955970 -0.00717516
v -0.06673053 0.26428068 -0.01545334
v -0.06711385 0.26379567 -0.01249240
v -0.06535277 0.27703452 -0.01913084
v -0.06544147 0.28556752 -0.01585299
v -0.06474155 0.28446645 -0.01373132
v -0.06479231 0.27670375 -0.01747353
v 0.02390117 0.25684288 0.10800447
v 0.02388856 0.25775471 0.10771339
v 0.02971359 0.25516152 0.10063778
v 0.02878517 0.25579089 0.10147516
v -0.06052697 0.27713951 -0.01227202
v -0.05762153 0.27775139 -0.01093505
v -0.06078178 0.26728454 0.00622158
v -0.06079677 0.26985210 0.00954540
v -0.05798294 0.27879322 0.00336514
v -0.05868632 0.27950308 0.00558083
v -0.06116834 0.26072198 -0.01577307
v -0.05835194 0.25137681 -0.01132733
v -0.06140807 0.25817731 -0.01502760
v -0.05456453 0.24987502 -0.00906299
v -0.05445695 0.24827135 -0.00743681
v -0.05677509 0.24889684 -0.00932929
v 0.02894530 0.25500879 0.10276340
v 0.03026562 0.25474879 0.10160898
v 0.03051983 0.25476432 0.09991257
v 0.03114979 0.25441799 0.10065724
v 0.02582103 0.25562918 0.09725113
v 0.02540334 0.25586352 0.09760444
v 0.02476094 0.25612098 0.09808753
v -0.06440663 0.25888631 -0.01109843
v -0.06567359 0.26102352 -0.01335657
v 0.02603599 0.25540653 0.09698986
v -0.05665515 0.26977181 0.00278760
v -0.05501745 0.26879352 0.00158598
v -0.05582091 0.26929092 0.00337045
v -0.06785855 0.27804315 -0.00789507
v -0.06839151 0.27083236 -0.01170276
v -0.06391681 0.28251401 0.00701804
v 0.02611602 0.25518411 0.09680448
v -0.06180114 0.27393839 0.00272283
v -0.06312355 0.27633965 0.00550647
v -0.06750681 0.28532818 0.00774406
v -0.06563509 0.28415072 0.00710763
v -0.06493284 0.28328851 0.00702022
v -0.06624009 0.28335762 0.00752981
v -0.04959739 0.26057085 0.00118156
v -0.05300360 0.25868541 0.00105482
v -0.05465418 0.26156572 0.00195460
v 0.02610309 0.25493950 0.09669499
v 0.02600775 0.25467774 0.09663628
v 0.04744069 0.22817175 0.08481966
v 0.04710563 0.23832293 0.08851562
v -0.06818982 0.29456291 0.00180684
v -0.06823455 0.29324827 -0.00007820
v -0.06459580 0.28955761 -0.00899655
v 0.05025658 0.23237951 0.08334942
v 0.03090169 0.25086597 0.10019355
v -0.06223060 0.28539675 0.00442527
v -0.06252719 0.28438219 0.00310768
v 0.03151892 0.25152713 0.09967427
v -0.06313565 0.29808214 0.00202265
v -0.06320509 0.29486629 0.00451972
v -0.06353403 0.29454216 0.00559558
v -0.06434633 0.29833591 0.00642477
v 0.03043746 0.25128406 0.09985487
v -0.05380037 0.24499041 -0.00599426
v -0.05603117 0.24633881 -0.00868201
v -0.05600986 0.24739499 -0.00829618
v -0.05432000 0.24656369 -0.00649507
v -0.05824284 0.25743559 -0.00190426
v -0.05656965 0.25754589 -0.00415421
v 0.03102727 0.25191674 0.09945177
v -0.06715523 0.26638710 -0.01761349
v -0.06669031 0.26526326 -0.01688012
v -0.06755704 0.26967242 -0.01746194
v -0.06818145 0.27111042 -0.01785116
v 0.03217600 0.25228250 0.09926741
v 0.03251470 0.25207037 0.09919314
v 0.02835238 0.25018507 0.10004471
v 0.02471556 0.25324601 0.09719707
v 0.02519632 0.25366706 0.09701674
v -0.05769579 0.27942285 -0.00042662
v -0.05737219 0.27815482 -0.00042568
v -0.06273963 0.29011858 0.00131476
v -0.06454028 0.29290625 0.00039473
v -0.06454434 0.29401362 0.00458029
v -0.06298751 0.29188654 0.00463516
v -0.06536154 0.29122347 -0.01093142
v 0.02919355 0.25108615 0.09968512
v 0.02699345 0.24934404 0.10033606
v 0.02401250 0.25283447 0.09737407
v 0.02550629 0.25402078 0.09686033
v 0.02574056 0.25434747 0.09678556
v -0.06269047 0.28299758 0.00288178
v -0.06310677 0.28363362 0.00189072
v 0.02965552 0.25168523 0.09930037
v -0.06233777 0.28312722 0.00356041
v 0.03023017 0.25231814 0.09893982
v 0.03149643 0.25265995 0.09928168
v -0.06073809 0.27927282 0.00615080
v -0.06269066 0.27855530 0.00475663
v -0.06650689 0.28609729 0.00696765
v -0.06934205 0.29065958 0.00466055
v -0.06843086 0.29086506 0.00489773
v -0.06581989 0.28689998 0.00735994
v 0.03092436 0.25349993 0.09880863
v 0.03097846 0.25394413 0.09903501
v 0.03171071 0.25313252 0.09947412
v -0.06138035 0.28376830 0.00722866
v 0.03177333 0.25360093 0.09963487
v 0.03071986 0.25296861 0.09875707
v 0.01082264 0.26490030 -0.05883110
v 0.01063876 0.27737486 -0.06210290
v 0.03086049 0.25437936 0.09938072
v 0.03157872 0.25399879 0.10002087
v 0.03272369 0.25165376 0.09894763
v 0.03279060 0.25245836 0.09907778
v 0.03336699 0.25346386 0.09927647
v 0.03319512 0.25178918 0.09868227
v -0.06528789 0.29149827 0.01137589
v -0.06524779 0.29459149 0.00850911
v -0.06607655 0.29567832 0.00845301
v -0.06558001 0.29264775 0.01092301
v -0.06843603 0.29294455 -0.00417815
v 0.03391685 0.25196347 0.09830420
v 0.03351046 0.25085002 0.09795539
v 0.03428382 0.25405353 0.09943609
v 0.03560377 0.25458151 0.09930412
v -0.07061304 0.29155806 -0.01083921
v -0.06004148 0.27157375 -0.00025098
v -0.05681321 0.26876736 -0.00017613
v 0.03529635 0.25219035 0.09768777
v 0.03463327 0.25088307 0.09725241
v 0.03246303 0.25290221 0.09920548
v -0.04700687 0.26664463 0.00278600
v -0.04740591 0.26775172 0.00315772
v -0.04763646 0.26794267 0.00180289
v -0.04719534 0.26684737 0.00118141
v 0.03269250 0.25348884 0.09943627
v 0.03344559 0.25449020 0.10082375
v -0.04962552 0.26291358 -0.00150284
v -0.05252225 0.26174337 -0.00141367
v -0.05194841 0.25939411 -0.00087377
v -0.04893972 0.26077390 -0.00162373
v 0.03410551 0.25522751 0.10119544
v 0.03284792 0.25399414 0.10061924
v 0.03203869 0.25415391 0.10188715
v 0.03241432 0.25478867 0.10221349
v -0.04625373 0.26399669 0.00132105
v -0.04665077 0.26533112 0.00214250
v -0.04690133 0.26539838 0.00038327
v -0.04644722 0.26393133 -0.00071679
v 0.03291564 0.25545144 0.10247318
v 0.03114634 0.25505850 0.10372131
v -0.06817658 0.29366320 0.00379255
v -0.06939171 0.29433692 0.00180565
v 0.03144015 0.25577277 0.10410111
v 0.03090284 0.25431338 0.10330375
v 0.03234661 0.25390103 0.10033302
v -0.07210809 0.29032141 -0.01039572
v -0.07195336 0.28876558 -0.01200424
v -0.07087623 0.29393208 -0.00672565
v -0.07078929 0.29290640 -0.00877969
v 0.03163084 0.25411856 0.10135560
v 0.03056476 0.25428945 0.10261412
v 0.02909166 0.25417322 0.10422717
v -0.06009755 0.25968686 0.00430708
v -0.06081484 0.26063433 0.00255907
v -0.06035827 0.25908691 0.00220595
v -0.07326245 0.29315996 -0.00946568
v -0.07328933 0.29559591 -0.01048189
v -0.05713204 0.24438921 -0.00041659
v -0.05595377 0.24290536 -0.00007297
v -0.02583528 0.17497198 -0.01758091
v -0.03217071 0.18338014 -0.02523409
v -0.03053381 0.17460194 -0.03118522
v -0.02457588 0.16652958 -0.02368070
v -0.06744170 0.28701180 0.01015401
v -0.06623173 0.28909427 0.01155852
v 0.02682187 0.25451541 0.10593407
v 0.02658068 0.25532007 0.10423677
v 0.02379916 0.25508985 0.10738187
v -0.04640026 0.26216149 0.00159039
v -0.04591326 0.26196122 -0.00009458
v -0.04878340 0.26025468 -0.00034495
v -0.05206122 0.26547897 0.00303616
v -0.04787838 0.26617205 0.00372882
v 0.02352343 0.25574881 0.10522629
v 0.02001329 0.25855613 0.10910015
v 0.02484004 0.25837716 0.10921483
v 0.02358695 0.25640979 0.10382174
v 0.02216435 0.25637937 0.09922098
v 0.02052362 0.25644425 0.09914605
v 0.02020059 0.25639212 0.10368110
v -0.05008704 0.26445279 -0.00074120
v 0.01083371 0.25364417 0.10054533
v 0.01146256 0.25422984 0.10145406
v -0.05133118 0.26862085 0.00181602
v -0.05195834 0.26913223 0.00315170
v -0.05440591 0.25553992 -0.00108917
v -0.05539105 0.25605711 -0.00337479
v -0.05752368 0.25490648 -0.00095032
v -0.04642272 0.26206633 -0.00137310
v -0.05813003 0.27945024 0.00182025
v 0.01644308 0.25533414 0.09791468
v 0.01615719 0.25502658 0.09751360
v 0.00931589 0.25340453 0.10073493
v 0.01038555 0.25384092 0.10197176
v -0.05338793 0.26519346 -0.00063850
v -0.05557730 0.26378548 -0.00385727
v -0.05521401 0.26160255 -0.00394161
v -0.05304055 0.26340720 -0.00120509
v -0.06286726 0.25564301 -0.01033346
v -0.06336394 0.25723282 -0.00951277
v -0.05717122 0.26053193 -0.00756730
v -0.06075580 0.26015210 -0.00656079
v -0.05965170 0.27447525 0.00060883
v -0.06136792 0.27668655 0.00288057
v -0.05717390 0.26994878 0.00259964
v -0.05407934 0.26696187 0.00038882
v -0.05609512 0.26585335 -0.00268875
v -0.05229321 0.26679698 0.00326605
v -0.05607936 0.26674128 0.00298220
v -0.05588768 0.26783332 0.00330049
v -0.05228670 0.26781067 0.00343236
v -0.06481205 0.28510517 0.00150375
v -0.06542143 0.28653723 0.01185273
v -0.06651119 0.28430799 0.00980097
v -0.06158610 0.30703750 -0.00738306
v -0.05843599 0.30174667 -0.01434289
v -0.06172050 0.29695424 -0.00224404
v -0.05040966 0.26602891 0.00008462
v -0.04812966 0.26855901 0.00357310
v -0.04872836 0.26778707 0.00382058
v -0.06690608 0.26183701 -0.01684777
v -0.05815799 0.25458616 -0.00097507
v -0.05937736 0.27784511 0.00493416
v -0.06504698 0.27174297 -0.01976220
v -0.06408964 0.26637319 -0.01969130
v -0.05864487 0.27907616 0.00546698
v -0.05948961 0.27985916 0.00626297
v -0.05613684 0.25675330 -0.00395828
v -0.05796920 0.25626436 -0.00157340
v -0.05976871 0.28011131 0.00656226
v -0.06028262 0.26067036 0.00128928
v -0.06834218 0.28743157 -0.00467558
v 0.01443944 0.25568256 0.10305850
v 0.01766427 0.25607869 0.09877567
v -0.05890409 0.24895449 -0.01324418
v -0.05733032 0.24663831 -0.01125899
v 0.01693795 0.25568691 0.09835403
v -0.04837536 0.26711792 0.00393568
v 0.01297750 0.25497800 0.10214628
v -0.05147032 0.25917733 -0.00005244
v -0.05091713 0.26749894 0.00088167
v 0.01341808 0.25526235 0.10470890
v 0.01149290 0.25451627 0.10302649
v 0.01990488 0.25592139 0.10557143
v -0.05851231 0.26457039 0.00184967
v -0.05806880 0.26247451 0.00154962
v -0.06070404 0.26272583 0.00191458
v 0.04912463 0.37601942 -0.04509185
v 0.04949963 0.36145270 -0.05341463
v -0.06188687 0.26126540 -0.00790611
v -0.05769715 0.26297119 -0.00889060
v -0.05847869 0.26457030 -0.01067837
v -0.06335162 0.26264510 -0.00944097
v -0.06304479 0.26113367 -0.01897152
v -0.06182461 0.25605661 -0.01732360
v -0.06371024 0.25475782 -0.01861727
v -0.06542315 0.26013082 -0.02045019
v 0.05965805 0.35663798 -0.03650133
v 0.05899297 0.36742473 -0.02963459
v -0.06022157 0.32423046 -0.00947331
v -0.06421921 0.30936435 0.00013240
v -0.06455712 0.32569572 0.00254068
v -0.06591332 0.29651421 -0.00383858
v -0.06564904 0.29504964 -0.00610420
v -0.06973246 0.29757154 -0.00963898
v -0.06462473 0.29446360 0.01047324
v -0.06387696 0.29375735 0.00675680
v -0.06470208 0.29384866 0.00848344
v -0.06828805 0.27734137 -0.02093323
v 0.02637569 0.25617862 0.10269807
v 0.02361882 0.25631160 0.09862457
v 0.06625148 0.36369213 -0.01877536
v 0.06494243 0.37021866 -0.01314372
v 0.05864175 0.37537220 -0.02031237
v 0.04742989 0.23034154 -0.03749700
v 0.04185979 0.22306193 -0.05141346
v -0.06224517 0.27637032 0.00926563
v -0.06353427 0.27783251 0.00725190
v 0.00709081 0.25278684 0.10106055
v -0.06013108 0.26197833 -0.01601015
v 0.00855436 0.25378945 0.10239886
v -0.06381533 0.26029360 -0.00840698
v -0.06564708 0.26158819 -0.01039864
v -0.07273275 0.29482272 0.00123404
v -0.07037255 0.29215986 0.00308897
v 0.00614750 0.25187218 0.10000412
v 0.00554795 0.25158057 0.09990589
v 0.00645195 0.25274658 0.10095786
v 0.00769649 0.25384650 0.10222246
v 0.01029371 0.25464562 0.10381375
v 0.00955428 0.25469571 0.10406487
v 0.01248338 0.25552171 0.10638653
v 0.01269403 0.25509787 0.10588913
v 0.01968851 0.25557029 0.10760461
v 0.01961687 0.25611401 0.10825257
v 0.01220214 0.25635403 0.10600321
v 0.00920671 0.25520307 0.10360871
v 0.01192002 0.25725323 0.10552801
v 0.00914497 0.25611219 0.10359161
v 0.01965856 0.25810620 0.10778593
v 0.01966088 0.25720558 0.10815148
v 0.00875602 0.24988419 0.09978698
v 0.00668477 0.25022411 0.09918343
v 0.00925928 0.25031707 0.09997644
v 0.00702035 0.25067842 0.09921773
v 0.01056193 0.25103194 0.09948538
v 0.00641342 0.25102061 0.09928249
v 0.00564420 0.25071219 0.09911458
v -0.00265530 0.15776388 0.00367871
v -0.00150203 0.15227278 -0.00364797
v 0.01143182 0.25135854 0.09934638
v 0.00588581 0.25282970 0.10055272
v 0.00474895 0.25135145 0.09964569
v 0.00498394 0.25337374 0.09985553
v 0.00418315 0.25156814 0.09921370
v 0.00690382 0.25519705 0.10160027
v 0.00722715 0.25423518 0.10160719
v 0.00475063 0.25052157 0.09877615
v 0.00521844 0.25011533 0.09867953
v 0.00415661 0.25039810 0.09859164
v 0.00462143 0.24985732 0.09842239
v 0.01121618 0.24669734 0.10015403
v 0.01099494 0.24594267 0.09993665
v 0.00813656 0.24826537 0.09923397
v 0.00762931 0.24773371 0.09901641
v 0.01931302 0.24320780 0.10029612
v 0.02250270 0.24363659 0.10009803
v 0.01895424 0.24216136 0.09957640
v -0.02237320 0.21769293 0.10083126
v -0.02342355 0.21825218 0.09917440
v -0.02203521 0.22032946 0.09937029
v -0.02157785 0.22000045 0.10010253
v 0.02240627 0.24251944 0.09932877
v 0.01412867 0.24249686 0.09914564
v 0.01451725 0.24344255 0.09983580
v 0.03326469 0.15530096 -0.00756696
v 0.03366717 0.24806772 0.09690158
v 0.03477741 0.24735880 0.09601022
v 0.03283251 0.24594776 0.09686778
v 0.03202948 0.24704126 0.09754388
v 0.03020126 0.24606976 0.09824969
v -0.02218251 0.21004573 0.09568851
v -0.02134186 0.21189788 0.09556668
v -0.02196770 0.21210484 0.09438519
v -0.02303399 0.21048994 0.09463917
v 0.03056019 0.24478935 0.09767936
v 0.02803512 0.24380134 0.09843825
v 0.02796359 0.24501255 0.09915929
v 0.02581723 0.24430141 0.09969358
v 0.02562950 0.24299896 0.09888874
v 0.03707196 0.25229567 0.09667291
v 0.03820907 0.25510547 0.09818481
v 0.03894017 0.25231013 0.09575425
v 0.04062988 0.25562319 0.09690545
v 0.00355039 0.25396651 0.10003172
v -0.01903744 0.21991356 0.09970747
v -0.01815387 0.21631975 0.10130356
v -0.02006339 0.21667050 0.10251974
v -0.02030776 0.22013760 0.10032563
v 0.00320692 0.25193393 0.09884481
v 0.00178508 0.25407413 0.10088663
v 0.00162996 0.25185832 0.09924807
v 0.00270111 0.25626847 0.10329731
v 0.00471800 0.25614157 0.10208787
v 0.00339288 0.25028116 0.09829019
v 0.00396406 0.24953057 0.09812076
v 0.00214854 0.25009137 0.09822680
v 0.00304259 0.24883860 0.09783305
v 0.01055522 0.24509697 0.09941269
v 0.01008945 0.24418311 0.09884064
v 0.00707572 0.24708597 0.09867744
v 0.00624815 0.24626514 0.09822525
v 0.06622287 0.28157228 -0.03373516
v 0.07154029 0.32594621 -0.03184764
v 0.03203085 0.26243302 0.11117570
v 0.02998423 0.25984809 0.10974793
v 0.02618266 0.26011500 0.11127584
v 0.02776535 0.26297641 0.11370341
v 0.03461636 0.26677340 0.11164455
v 0.03765723 0.26455781 0.10849957
v 0.03512921 0.26134101 0.10849898
v 0.03293069 0.25910923 0.10790996
v 0.03848080 0.25715083 0.10029076
v 0.03635369 0.25656912 0.10123824
v 0.03595453 0.25756940 0.10304390
v 0.03796509 0.25853026 0.10278429
v 0.04107093 0.25787440 0.09919517
v 0.04074610 0.25997308 0.10207818
v 0.03681543 0.25971857 0.10563014
v 0.03465802 0.25820997 0.10554416
v 0.03959425 0.26185545 0.10539339
v 0.00935792 0.25940824 0.10874675
v 0.01043961 0.25858557 0.10700195
v 0.00774534 0.25753582 0.10447709
v 0.00641477 0.25793058 0.10494860
v 0.00786895 0.26022217 0.11027543
v 0.00411847 0.25826457 0.10612144
v 0.02092454 0.26254776 0.11488806
v 0.02057162 0.26048887 0.11170955
v 0.01172131 0.25781003 0.10534309
v 0.00976074 0.25699496 0.10420118
v 0.01158297 0.25794232 0.10537075
v 0.00925706 0.25691265 0.10380964
v 0.06976587 0.37306798 0.00966404
v 0.06951877 0.37363181 0.02391948
v 0.05645378 0.38862303 0.01869868
v 0.05788203 0.38601711 0.00402671
v 0.02702300 0.25742820 0.10665764
v 0.02741294 0.25763839 0.10717849
v 0.03007433 0.25694340 0.10612674
v 0.02968351 0.25665003 0.10567154
v 0.03173133 0.25619423 0.10435842
v 0.03222894 0.25653136 0.10479878
v 0.03372162 0.25624686 0.10310619
v 0.03325821 0.25592968 0.10292514
v 0.03412086 0.25570181 0.10183208
v 0.03473132 0.25582963 0.10163002
v 0.00940462 0.25749439 0.10465954
v 0.01138138 0.25803965 0.10584663
v 0.06839187 0.35386488 -0.02392550
v 0.03143094 0.30409932 0.11846118
v 0.03948720 0.30313247 0.11241053
v 0.03642435 0.29498696 0.11420558
v 0.02822825 0.25804308 0.10848998
v 0.03104654 0.25752172 0.10707687
v 0.03312585 0.25718227 0.10524850
v 0.03449639 0.25686070 0.10332395
v 0.03525158 0.25646874 0.10204287
v 0.06960093 0.24896333 0.03613548
v 0.07064057 0.24950841 0.03499128
v 0.08369164 0.26744786 0.01976548
v 0.08148677 0.27346796 0.02278872
v 0.07996175 0.27618077 0.02512003
v 0.07782798 0.27876914 0.04012261
v 0.08178102 0.28258100 0.03936772
v 0.08551859 0.24843928 0.01927094
v 0.08154870 0.24563128 0.02101825
v -0.07264845 0.29806253 0.00173597
v 0.08562719 0.24935772 0.01908271
v 0.09080555 0.28270817 0.03015883
v 0.09153368 0.28171784 0.02848344
v 0.09227071 0.28126508 0.02890740
v 0.05634382 0.25801608 -0.03120111
v 0.06292380 0.27145788 -0.03283802
v 0.09220419 0.28039241 0.02672957
v 0.07332194 0.25435656 0.03540520
v 0.08494595 0.26692230 0.01949708
v 0.08690380 0.26699597 0.01793770
v 0.08769215 0.26233679 0.01598431
v 0.08689290 0.26248643 0.01685013
v 0.08652288 0.25728172 0.01575483
v 0.08597577 0.25781408 0.01651804
v 0.08777887 0.25247604 0.01825742
v 0.08953679 0.25659466 0.01795556
v 0.08325523 0.28336257 0.03869204
v 0.08252588 0.28197724 0.03930114
v 0.08400387 0.28321782 0.03853057
v 0.07446984 0.25367635 0.03396739
v 0.07605533 0.27712154 0.03911357
v 0.07554235 0.27463499 0.03875236
v 0.07524944 0.27518955 0.03851958
v 0.07158533 0.25980476 0.03249507
v 0.07162748 0.26072767 0.03266595
v 0.07291179 0.25825045 0.03206061
v 0.07510125 0.25621927 0.03313051
v 0.06885483 0.24984419 0.02942909
v 0.06875456 0.24959071 0.02726583
v 0.06909215 0.24854256 0.02729543
v 0.08664652 0.29009625 0.03810437
v 0.07571199 0.27361357 0.03859283
v 0.07703807 0.27453333 0.03917377
v 0.07737800 0.27567616 0.03993981
v 0.08487336 0.28279531 0.03823532
v 0.07764382 0.27660051 0.04017405
v 0.07683250 0.27668417 0.03998555
v 0.07853729 0.27840343 0.04027186
v 0.07630198 0.27688974 0.03965996
v 0.07845535 0.25842255 0.02036677
v 0.07660175 0.25757176 0.02179639
v 0.07111344 0.26770338 0.04432054
v 0.07226739 0.26660344 0.04173033
v 0.08004039 0.24450526 0.02230944
v 0.07859413 0.28053823 0.03075434
v 0.07921921 0.28374875 0.03059094
v 0.09112407 0.26124620 0.01848747
v 0.08302563 0.25302237 0.02385421
v 0.08044789 0.25193042 0.02465223
v 0.08536396 0.25451398 0.02321266
v 0.08727078 0.25729877 0.02305041
v 0.07364256 0.27020478 0.03132324
v 0.08500015 0.27523059 0.03136228
v 0.08581395 0.27369237 0.02964462
v 0.08316129 0.27482551 0.03235631
v 0.07963531 0.28611681 0.03402142
v 0.07876698 0.28517437 0.03596611
v 0.07891107 0.28088939 0.03290777
v 0.07817296 0.28329083 0.03570066
v 0.07074790 0.25290972 0.03084855
v 0.07122052 0.24913327 0.02505277
v 0.07112526 0.25104085 0.02580197
v 0.07244400 0.24943700 0.02460925
v 0.07279367 0.25070262 0.02446745
v 0.07364172 0.25263387 0.02392064
v 0.07451167 0.25482696 0.02364324
v 0.07487540 0.25698057 0.02422111
v 0.07039931 0.25700483 0.03140955
v 0.07673665 0.28082922 0.04418902
v 0.06987572 0.25531533 0.03080241
v 0.07186458 0.25842428 0.03212406
v 0.07193468 0.25665331 0.03171943
v 0.07151867 0.25476450 0.03126766
v 0.07583184 0.24763389 0.02769069
v 0.07720545 0.24976721 0.02674954
v 0.07434522 0.24792223 0.02854793
v 0.07860736 0.25083041 0.02547605
v 0.07330223 0.24791755 0.02864484
v 0.07883937 0.28107196 0.03222974
v 0.07875188 0.28401038 0.03394614
v 0.06904673 0.25136277 0.03892772
v 0.05289971 0.23883559 0.08182223
v 0.05497243 0.24929807 0.08121638
v 0.01715356 0.18956745 0.06546022
v 0.01637706 0.18671530 0.06440394
v 0.04379170 0.22415450 0.08648448
v 0.03881023 0.21994829 0.08872531
v 0.01286844 0.18995400 0.07804291
v 0.01219292 0.18934177 0.07764061
v 0.01142191 0.18971041 0.07777415
v 0.01210696 0.19010425 0.07782261
v 0.01065689 0.19090638 0.07623897
v 0.01153208 0.19106495 0.07578610
v 0.01149165 0.19067463 0.07659207
v 0.01072175 0.19052731 0.07703362
v 0.01443295 0.20217912 0.08835231
v 0.01777187 0.20602340 0.09014402
v 0.02101686 0.20282057 0.08752541
v 0.01763674 0.19939493 0.08634244
v 0.01493171 0.19281355 0.06915824
v 0.01449130 0.19402464 0.07014309
v 0.01258365 0.19240868 0.07325201
v 0.01300643 0.19204512 0.07270209
v 0.01489973 0.19052364 0.06815062
v 0.01304464 0.19111089 0.07178940
v 0.01703704 0.19311400 0.06705181
v 0.01632681 0.19519016 0.06824557
v 0.02181976 0.18611240 0.07429580
v 0.01826775 0.18727598 0.07585536
v 0.01897234 0.18954265 0.07795273
v 0.02248287 0.18963386 0.07718019
v 0.01070909 0.21193023 0.09276535
v 0.01446239 0.20888202 0.09162615
v 0.01150123 0.20514476 0.08979981
v 0.00775702 0.20874800 0.09088884
v 0.00377991 0.21262003 0.09277879
v 0.00669409 0.21525162 0.09377985
v 0.00081206 0.21758981 0.09850655
v 0.00110749 0.21385755 0.09792079
v -0.00001632 0.21157342 0.10036217
v 0.00030408 0.21390307 0.10020541
v -0.00070039 0.20888264 0.09704565
v 0.00173436 0.21255024 0.09572493
v -0.00410878 0.20798366 0.09609558
v -0.02508020 0.21015346 0.09460534
v -0.02397784 0.21224809 0.09457041
v -0.02503450 0.21189772 0.09622870
v -0.02665779 0.21025057 0.09612949
v -0.00450966 0.20814641 0.09726779
v -0.00027546 0.20908211 0.09556411
v -0.02058092 0.20705578 0.10375501
v -0.02157910 0.20896532 0.10455219
v -0.02001744 0.20912720 0.10243432
v -0.02001639 0.20750237 0.10123058
v 0.00041769 0.20938091 0.09350656
v -0.00354314 0.20800352 0.09475248
v -0.00517313 0.20861052 0.09840126
v -0.00275887 0.20827873 0.09893660
v -0.02299727 0.20970425 0.10382031
v -0.02509932 0.20871192 0.10476659
v -0.02624902 0.20945019 0.10288589
v -0.02390800 0.21027482 0.10212217
v -0.01845679 0.21325371 0.09917976
v -0.02017432 0.21103328 0.09921359
v -0.01862105 0.21182413 0.10262163
v -0.02500148 0.21484613 0.09553440
v -0.02337959 0.21443504 0.09414022
v -0.02235021 0.21801305 0.09555398
v -0.02376747 0.21844372 0.09636413
v -0.00187167 0.20932224 0.10129328
v -0.01245086 0.20577011 0.10478915
v -0.01200456 0.20603293 0.10731696
v -0.00596569 0.23883368 0.10644041
v -0.00261889 0.23694743 0.10297473
v -0.00633380 0.23568125 0.10708193
v -0.00306720 0.23405425 0.10381432
v -0.00347949 0.20964806 0.10526432
v -0.00240920 0.21196635 0.10470085
v -0.00647065 0.20920131 0.10860460
v -0.00583144 0.21164472 0.10931449
v -0.01124163 0.25242540 0.11162134
v -0.01327242 0.20464125 0.09916382
v -0.01292646 0.20425102 0.09836040
v -0.01397178 0.20474297 0.10119702
v 0.04392433 0.38898990 -0.02185085
v 0.04180344 0.39617667 -0.00543441
v 0.03579004 0.40050474 0.02185701
v 0.03102071 0.39977250 0.03465842
v -0.00894801 0.19107093 0.09101017
v -0.00943367 0.19331476 0.09185992
v 0.00187560 0.19444622 0.07586484
v -0.00355408 0.19433412 0.07631110
v -0.00488329 0.19080208 0.07927434
v 0.00029593 0.19093712 0.07923184
v 0.00450003 0.19147971 0.07823561
v 0.00637420 0.19475514 0.07507049
v 0.00260895 0.19653617 0.07440482
v -0.00297958 0.19666426 0.07452159
v -0.00112452 0.18822411 0.08261161
v -0.00642762 0.18783163 0.08349942
v -0.00729518 0.18811175 0.08662213
v -0.00168628 0.18861052 0.08519499
v 0.00356730 0.20607093 0.09073626
v -0.00068769 0.20578757 0.09201442
v -0.00513384 0.20458542 0.09418868
v -0.00854864 0.20340839 0.09577478
v -0.00929294 0.20490910 0.09717815
v -0.00668623 0.20636202 0.09605162
v -0.00960973 0.20538031 0.09804802
v -0.00709078 0.20667937 0.09706287
v -0.00722330 0.20708369 0.09805553
v -0.00694304 0.20811090 0.09910010
v -0.00884428 0.20751911 0.09974204
v -0.00839829 0.20871928 0.10002480
v -0.00966915 0.20595486 0.09882213
v -0.01367850 0.22579657 0.11362319
v -0.01326181 0.23018216 0.11283563
v -0.00494545 0.19529180 0.09162559
v -0.00966853 0.19518286 0.09217857
v -0.01042755 0.19845262 0.09344031
v -0.00626793 0.19898091 0.09298502
v -0.00166319 0.19923890 0.09156136
v 0.00027480 0.19470598 0.08983566
v -0.01249477 0.20379260 0.09756719
v -0.00450390 0.19340381 0.09098910
v -0.00394118 0.19135328 0.08999227
v 0.00090137 0.19276376 0.08894305
v 0.00146603 0.19106683 0.08772527
v 0.00541565 0.19369628 0.08716242
v 0.00392662 0.19862002 0.08959635
v 0.01006550 0.19805677 0.08739965
v 0.00999631 0.19265951 0.08381785
v 0.01857760 0.19182344 0.08007158
v 0.01413096 0.18981570 0.07812537
v 0.01411850 0.19070910 0.07908873
v 0.01356766 0.19134410 0.08030961
v 0.01720393 0.19399360 0.08235411
v 0.02195856 0.19298507 0.08025788
v 0.02027402 0.19636530 0.08335082
v 0.01462003 0.19595227 0.08488204
v 0.01241944 0.19197382 0.08176289
v 0.01286951 0.19033134 0.07886957
v 0.01211332 0.19025469 0.07831000
v 0.01242368 0.19059005 0.07985614
v 0.01169144 0.19024345 0.07907902
v 0.01156720 0.19073521 0.08095087
v 0.01101934 0.19016282 0.07990809
v 0.00975932 0.19015299 0.08114810
v 0.00994097 0.19104931 0.08255582
v 0.01061586 0.19079708 0.07655637
v 0.00945844 0.19041403 0.07734905
v 0.00921644 0.18988189 0.07851787
v 0.01035488 0.19025442 0.07760380
v 0.01137778 0.19101967 0.07603739
v 0.01101613 0.19049050 0.07706405
v 0.01191717 0.19253398 0.07408653
v 0.01080591 0.19242978 0.07473658
v -0.03023071 0.18914276 -0.00827686
v -0.03466586 0.19590391 -0.01887460
v 0.01210435 0.19118959 0.07541440
v 0.01184027 0.19080675 0.07636349
v 0.01147333 0.19029483 0.07754551
v 0.01121309 0.19024569 0.07808630
v 0.01055836 0.19004875 0.07875602
v 0.00945687 0.18980440 0.07969718
v 0.00194892 0.18982747 0.08588095
v 0.00575270 0.19061942 0.08468120
v 0.00597589 0.18974996 0.08272611
v 0.00247308 0.18886709 0.08321182
v 0.00608141 0.18937089 0.08078603
v 0.00736005 0.19673260 0.07357316
v 0.00272905 0.18879259 0.08114763
v 0.01044418 0.19482814 0.07306986
v 0.01185150 0.19676115 0.07153393
v 0.00847607 0.19204889 0.07625683
v 0.01375402 0.19460687 0.07133661
v 0.01263420 0.19458115 0.07163487
v 0.01513676 0.19635206 0.06974982
v 0.01372039 0.19647270 0.07057653
v 0.00644467 0.18961224 0.07899009
v 0.00568443 0.19192405 0.08596598
v -0.00298878 0.18985648 0.08786647
v -0.00825054 0.18957613 0.08907799
v -0.04339831 0.24001192 0.08367707
v -0.04286615 0.23691280 0.08373086
v -0.03907358 0.23734145 0.08557414
v -0.03985602 0.24008566 0.08552532
v -0.01404738 0.21647084 0.11592565
v -0.01389779 0.22142145 0.11471222
v 0.01091814 0.19008578 0.07769637
v 0.01434085 0.14640643 -0.00633833
v -0.06158599 0.26448742 0.00332923
v -0.06132686 0.26473609 0.00476725
v -0.06521454 0.29329991 -0.00852565
v 0.01348277 0.18881547 0.07744642
v 0.01445760 0.18842885 0.06713001
v 0.01228426 0.19010751 0.07156871
v 0.01913152 0.18241628 0.07201840
v 0.01480624 0.17792138 0.07096086
v 0.01241439 0.18067902 0.07390849
v 0.01608624 0.18436396 0.07439511
v 0.00939894 0.18494463 0.07775818
v 0.01202949 0.18721509 0.07737862
v -0.07069466 0.29452768 -0.00411631
v 0.01083234 0.18811846 0.07808809
v 0.00831445 0.18643862 0.07887654
v 0.00745564 0.18764381 0.07968126
v 0.00999579 0.18895751 0.07833053
v 0.00607640 0.18980008 0.07873641
v 0.00138636 0.18933757 0.08032094
v 0.00204627 0.18795691 0.07458924
v 0.00689374 0.18832892 0.07346682
v 0.01107210 0.18932624 0.07218425
v 0.00966544 0.19062695 0.07683240
v -0.06633715 0.29728049 -0.00139150
v -0.06639913 0.29724690 0.00379293
v -0.06524505 0.29554898 0.00418535
v -0.06512885 0.29496813 -0.00040461
v 0.00646005 0.18947689 0.07951318
v 0.00966874 0.19021745 0.07764606
v 0.00158838 0.18885484 0.08139561
v 0.02311472 0.14969926 -0.00630581
v 0.00970519 0.18970776 0.07825856
v 0.00675483 0.18896429 0.07974048
v 0.00208711 0.18783861 0.08186130
v 0.00291267 0.18593927 0.08167006
v 0.00369314 0.18391994 0.08102946
v 0.00464404 0.18184064 0.07925953
v 0.00699067 0.17680094 0.07443942
v 0.00854304 0.17320038 0.07106368
v 0.00115784 0.17426655 0.07467686
v 0.00222194 0.17039725 0.07205372
v -0.00060590 0.17936733 0.08052258
v -0.00148701 0.18189633 0.08308749
v -0.00211317 0.18444616 0.08375327
v -0.00258232 0.18679632 0.08372329
v -0.01180503 0.20258576 0.09630559
v -0.01017749 0.20692663 0.10057534
v -0.01168098 0.20617343 0.10238425
v -0.01029988 0.20682997 0.10908966
v -0.01461903 0.20454858 0.10348903
v -0.00809784 0.20832045 0.10974644
v -0.00983383 0.20733558 0.11044295
v -0.00962944 0.20836873 0.11191772
v -0.00841184 0.20945194 0.11130370
v -0.01132779 0.20639518 0.11094140
v -0.01053153 0.20780392 0.11247553
v -0.01527546 0.20503819 0.11113913
v -0.01508821 0.20726027 0.11428843
v -0.01443927 0.21235165 0.11628418
v -0.01494800 0.20903221 0.11554502
v -0.00937275 0.20967253 0.11299931
v -0.00791517 0.21199287 0.11254291
v -0.07329716 0.29473099 -0.00503123
v -0.00753932 0.21567130 0.11193107
v -0.00510247 0.21504834 0.10832177
v 0.01196107 0.38579580 0.07383452
v -0.00303942 0.18819121 0.08313946
v -0.00346444 0.18901160 0.08135091
v -0.05896828 0.25356829 -0.00148638
v -0.06665601 0.28272891 -0.00323528
v 0.00355098 0.18161635 0.06455742
v 0.00295419 0.18445525 0.06842057
v -0.00169415 0.18402210 0.06852441
v -0.06631213 0.29665819 0.00626685
v -0.06944453 0.29856876 0.00560638
v -0.00116604 0.18127127 0.06486754
v -0.00730055 0.18893011 0.08122526
v -0.06956866 0.27581757 -0.01681334
v -0.07327028 0.29421788 -0.00736199
v -0.07190032 0.29234892 -0.00649412
v -0.06859922 0.28754774 0.00786716
v -0.05947834 0.26777640 -0.01194078
v -0.06612889 0.26733401 -0.01133016
v -0.06490923 0.26442426 -0.01072298
v -0.05909060 0.26577309 -0.01166326
v -0.05739543 0.27695760 -0.00045814
v -0.00620650 0.18762076 0.07492904
v -0.00269605 0.18771678 0.07514857
v -0.00759577 0.18807222 0.08328526
v -0.00740590 0.18638119 0.08406304
v -0.00709223 0.18381520 0.08438478
v -0.00528553 0.18383262 0.06824194
v -0.00453787 0.18092042 0.06452130
v -0.05803396 0.25396541 0.00766051
v 0.01273362 0.18675888 0.06709047
v -0.06238748 0.25085780 -0.00998251
v -0.06312824 0.25253496 -0.01168260
v -0.00524727 0.26472133 -0.05677189
v -0.00717692 0.27744919 -0.06001376
v -0.07056732 0.27690095 -0.02021143
v 0.01385139 0.18427511 0.06386195
v 0.00797415 0.18497029 0.06778519
v 0.00882540 0.18250702 0.06433429
v -0.00389653 0.16905911 0.07254212
v -0.00467463 0.17321803 0.07454763
v -0.00681299 0.18077312 0.08333693
v -0.00612799 0.17783158 0.08049290
v 0.03922030 0.39943951 0.00846787
v 0.05451464 0.31760871 0.09705655
v 0.05128313 0.30802357 0.10087775
v -0.06769124 0.29360878 0.00283237
v 0.04340213 0.31264487 0.10810684
v 0.04647859 0.32075754 0.10467915
v 0.05656246 0.32791001 0.09327371
v 0.04852594 0.32990754 0.10089295
v 0.04400650 0.38390678 0.05922718
v 0.04127179 0.37723646 0.07160048
v 0.02284420 0.38336170 0.07404347
v 0.04274478 0.39109468 0.04592066
v 0.05601601 0.38588643 0.03691892
v 0.05343110 0.37937492 0.05560784
v 0.05000341 0.37274814 0.06891517
v -0.06025636 0.25392458 -0.00301729
v -0.05923026 0.24887882 -0.00443867
v -0.05835427 0.24832189 -0.00260891
v -0.06287862 0.28387070 0.00236134
v 0.04289505 0.21156496 -0.05930936
v 0.07070570 0.33810318 -0.02920286
v 0.04576508 0.36625710 0.08036469
v 0.03773252 0.36998501 0.08300595
v 0.03467268 0.36234957 0.09294243
v 0.04207686 0.35965911 0.08970232
v 0.01963416 0.37544718 0.08615451
v 0.00870610 0.37746036 0.08657373
v 0.04573738 0.31050721 -0.05955793
v -0.01274366 0.23439066 0.11196561
v 0.05453734 0.23813213 -0.02203773
v 0.06160963 0.22961196 -0.00759228
v 0.05964494 0.17661504 -0.01958096
v 0.07145590 0.24280211 0.01862441
v 0.07141867 0.24355079 0.01810585
v 0.06028207 0.20997505 -0.00064683
v 0.06211133 0.22237654 0.00571878
v 0.04975343 0.24340683 -0.03284274
v 0.08299096 0.25617200 0.01608647
v 0.08382434 0.25987509 0.01657279
v 0.08401145 0.25523782 0.01644449
v 0.08507634 0.25920823 0.01671265
v 0.08521646 0.26316088 0.01787476
v 0.08433674 0.25338659 0.01664798
v 0.07841444 0.28398183 0.03804772
v 0.07951232 0.28508341 0.03956802
v -0.05958353 0.26301205 -0.01565795
v -0.05950486 0.26550844 -0.01576860
v 0.06968176 0.24024235 0.02120571
v 0.06999969 0.24137026 0.02009539
v -0.04808905 0.26840022 0.00236826
v 0.06922192 0.24084209 0.02039622
v 0.06866946 0.23999254 0.02120166
v 0.06894325 0.23892647 0.02213173
v 0.06822192 0.23908783 0.02197252
v 0.07892191 0.29559681 0.04972629
v 0.06798399 0.24035431 0.01904611
v 0.07058070 0.24299476 0.01810776
v 0.07013677 0.24205777 0.01909243
v 0.06883352 0.24107666 0.01951210
v 0.06789909 0.23949346 0.02097331
v 0.06733023 0.23821186 0.02188818
v 0.06807030 0.23763922 0.02207343
v -0.06146808 0.25709870 -0.01592606
v -0.05875519 0.25015563 -0.01230587
v -0.03638443 0.20324001 -0.02823271
v -0.03112867 0.21040995 -0.03788792
v -0.02999434 0.19953083 -0.04299031
v -0.03405828 0.19167295 -0.03409834
v -0.06042085 0.26675811 0.01189364
v -0.05991558 0.26129276 0.00698119
v -0.05952305 0.25956070 0.00821500
v 0.08459667 0.25264832 0.01584943
v 0.07475811 0.23977073 0.01955779
v -0.01375570 0.16669290 0.00263074
v -0.00942764 0.15711202 -0.00682083
v 0.08036707 0.27970511 0.02996258
v 0.08088113 0.27875635 0.02820037
v 0.08323813 0.28073069 0.02798577
v 0.08268734 0.28209558 0.02991702
v 0.07268263 0.27716011 -0.02017464
v 0.07568765 0.28941017 -0.02116644
v 0.03285357 0.21569699 -0.06304128
v 0.03230843 0.22795708 -0.05661616
v 0.08535559 0.31252676 0.00672223
v 0.07991322 0.28054270 0.03174756
v 0.08230745 0.28300947 0.03171800
v 0.08410271 0.26374048 0.01795579
v 0.07912577 0.28011864 0.03140055
v 0.07963889 0.27921930 0.02964534
v 0.08359621 0.28510475 0.03116058
v 0.08415617 0.28388178 0.02903228
v 0.08474534 0.28233874 0.02684338
v 0.08007226 0.27815554 0.02783306
v -0.05803503 0.25305954 0.01098751
v -0.05956597 0.24819231 0.01974000
v -0.06324410 0.26203963 0.02544586
v -0.06024178 0.26138338 0.01498745
v 0.08015276 0.28552169 0.03186558
v 0.08377302 0.32983768 0.03944264
v 0.08530956 0.33007056 0.02445017
v 0.08006620 0.34651878 0.04164915
v 0.08209801 0.34797239 0.02619664
v 0.08085854 0.34921083 0.00860460
v 0.08431187 0.33034509 0.00672199
v 0.07840456 0.28442636 0.03701530
v 0.08027846 0.28622583 0.03977849
v 0.05803778 0.33661368 0.08869188
v 0.06434678 0.33434093 0.08112527
v 0.04979571 0.33796719 0.09678297
v 0.05054038 0.34526998 0.09261410
v 0.05810335 0.34478188 0.08440094
v 0.06773264 0.34276372 0.07242452
v 0.08182766 0.31583849 0.04933845
v 0.07970887 0.32926735 0.05343716
v 0.07431281 0.32785416 0.06622978
v -0.06256910 0.27393383 0.07059361
v -0.06292778 0.27646708 0.06676222
v -0.06314451 0.26800346 0.06303327
v -0.06244153 0.26728681 0.06705920
v 0.07540952 0.34513471 0.05655865
v 0.06465488 0.35399103 0.06951152
v 0.07125599 0.35613543 0.05608605
v 0.05888023 0.36397642 0.06799535
v 0.06402414 0.36805487 0.05498736
v 0.06739325 0.37243283 0.03979386
v 0.07571623 0.35857928 0.04157124
v 0.05735170 0.35236296 0.08049060
v 0.04981725 0.35175160 0.08912508
v 0.05337727 0.36000708 0.07894032
v 0.04849193 0.35729837 0.08607839
v 0.07092505 0.32674840 0.07262312
v 0.06251790 0.23439637 0.01836132
v 0.06249129 0.23256913 0.02204941
v -0.03262188 0.31751078 0.11858721
v -0.02332803 0.31637543 0.12307440
v -0.02248168 0.32627231 0.12107120
v -0.03199053 0.32718429 0.11619292
v 0.06603611 0.23864734 0.03360848
v -0.00791965 0.28762648 -0.06197031
v -0.00815897 0.29982772 -0.06279497
v 0.01113500 0.29835531 -0.06651941
v 0.01056209 0.28659284 -0.06408533
v 0.05894253 0.24576135 0.07347576
v 0.05865609 0.25815305 0.07637464
v 0.06383795 0.25530982 0.06489082
v 0.06184464 0.24170613 0.05973159
v -0.02809505 0.35330537 0.10381113
v -0.01857918 0.35292494 0.10938291
v -0.01647321 0.36163893 0.10206763
v -0.02614543 0.36162147 0.09669600
v -0.05793464 0.24358077 0.07130335
v -0.05966927 0.23828638 0.06868352
v -0.05713941 0.23596103 0.07218252
v -0.05568869 0.24160157 0.07410149
v 0.05716990 0.27133942 0.07988970
v 0.06263065 0.26871893 0.06932698
v 0.06363074 0.28192934 0.07343660
v 0.05759010 0.28452018 0.08554386
v 0.07598385 0.35123348 -0.00925973
v 0.07876971 0.33539706 -0.01357473
v -0.05900145 0.24414755 -0.00399315
v -0.05830384 0.24431075 -0.00253068
v 0.07964855 0.32311502 -0.01586853
v 0.03395662 0.28791645 0.11479442
v -0.01401336 0.37035325 0.09289114
v -0.02381220 0.36993858 0.08779304
v 0.04582461 0.38452095 -0.03236721
v 0.03483274 0.31400603 0.11517636
v 0.06831274 0.37037838 -0.00385253
v 0.02223184 0.23034355 -0.05977568
v 0.05845876 0.38004836 -0.01135816
v 0.07767926 0.36000976 0.02624814
v 0.07698864 0.36047676 0.01156430
v 0.07256953 0.36123690 -0.00626589
v 0.07833319 0.30780861 -0.01917486
v 0.04139354 0.35330683 0.09537448
v 0.04389600 0.25901815 0.09726103
v 0.04336914 0.25546399 0.09468494
v 0.04365722 0.26273268 0.10034199
v 0.04151063 0.25084898 0.09364294
v 0.00126378 0.23510776 0.10037924
v 0.00050420 0.23241000 0.10105841
v -0.00023154 0.22938046 0.10159691
v 0.00414414 0.23088916 0.09875341
v 0.00319511 0.22747892 0.09899761
v -0.00447612 0.22755843 0.10518993
v -0.00364366 0.23090453 0.10453539
v -0.00117573 0.22631577 0.10201286
v -0.00210207 0.22278096 0.10201965
v -0.00509581 0.22388189 0.10589074
v 0.00284098 0.21327655 0.09422715
v 0.00403872 0.21802050 0.09543388
v 0.00113971 0.22097267 0.09831960
v 0.00704231 0.22541746 0.09749822
v 0.00573927 0.22192200 0.09692709
v 0.00221673 0.22441322 0.09906964
v 0.00851266 0.22912040 0.09755407
v -0.00208770 0.21857712 0.10242240
v -0.00172806 0.21447539 0.10359876
v -0.00528494 0.21946265 0.10699908
v -0.00754959 0.22008994 0.11031114
v -0.00753864 0.22465175 0.10904954
v 0.00508410 0.23364782 0.09843539
v 0.00984701 0.23202011 0.09774666
v 0.00924542 0.21904172 0.09567897
v 0.01366925 0.21612957 0.09507076
v 0.01153572 0.22346152 0.09676377
v 0.01567256 0.22108991 0.09640299
v 0.01294973 0.22727391 0.09724306
v 0.01728875 0.22517613 0.09690709
v 0.01772371 0.21315312 0.09403001
v 0.02130545 0.21015322 0.09213321
v 0.02479723 0.20660686 0.08912383
v 0.02414100 0.21507198 0.09372322
v 0.02809418 0.21114187 0.09050445
v 0.02627875 0.22009352 0.09489016
v 0.03081135 0.21650596 0.09202854
v -0.02382352 0.24140090 0.09693752
v -0.02381636 0.24427284 0.09542634
v -0.02686652 0.24240962 0.09210370
v -0.02682540 0.23965679 0.09302054
v -0.02266678 0.28612745 0.12163343
v -0.02348753 0.29424235 0.12315117
v -0.03176726 0.29528335 0.12008087
v -0.03024488 0.28702849 0.11889945
v 0.02018497 0.21822369 0.09555857
v 0.02207058 0.22271325 0.09621371
v 0.01880709 0.22914657 0.09736718
v 0.01445881 0.23071547 0.09767304
v 0.02799551 0.23141477 0.09670942
v 0.02753029 0.22576031 0.09597747
v 0.02324762 0.22754394 0.09674819
v 0.02406758 0.23224156 0.09730296
v 0.03263284 0.22315966 0.09372042
v 0.03244941 0.23053218 0.09561686
v 0.03189489 0.23553637 0.09629546
v 0.01820423 0.24016988 0.09909625
v 0.01348930 0.24065520 0.09878464
v 0.02179042 0.24024920 0.09885679
v 0.02795300 0.23554254 0.09714697
v 0.02450922 0.23571348 0.09775732
v 0.03647317 0.24477443 0.09521161
v 0.03394968 0.24313359 0.09626599
v 0.02811020 0.24103422 0.09795927
v 0.02518351 0.24051316 0.09854738
v 0.03119234 0.24191588 0.09725200
v 0.00907191 0.24234498 0.09834202
v 0.00461877 0.24431615 0.09812258
v 0.05952587 0.21685806 -0.01211436
v -0.00721958 0.22859524 0.10840093
v -0.00675423 0.23227520 0.10772626
v 0.00104151 0.25766826 0.10758848
v -0.00041066 0.25557896 0.10488670
v -0.00768736 0.25318512 0.10998063
v 0.00415300 0.26009643 0.11221491
v 0.00148450 0.24654299 0.09852697
v -0.03095172 0.24099396 0.08954383
v -0.03024512 0.23851284 0.09003116
v -0.00027200 0.24868099 0.09946649
v -0.00105256 0.25073937 0.10079278
v -0.00129272 0.25327718 0.10261028
v -0.02145947 0.33562642 0.11847349
v -0.03102347 0.33642912 0.11306323
v -0.01177242 0.39645001 0.04464017
v -0.01401811 0.39287329 0.05224644
v -0.00350439 0.39476648 0.05532221
v -0.00173558 0.39958698 0.04354723
v 0.01338239 0.27294651 0.12123580
v 0.01016643 0.26606056 0.11965077
v 0.04671329 0.29833823 0.10544227
v 0.05088339 0.29181531 0.09957998
v 0.03569461 0.27304053 0.11132996
v 0.03946916 0.27013111 0.10762329
v 0.04224171 0.26649794 0.10392217
v 0.05266532 0.28216898 0.09267585
v 0.05313429 0.27114457 0.08728318
v 0.05435060 0.26022485 0.08351521
v -0.04646671 0.28962460 -0.03324355
v -0.05369154 0.28244716 -0.02102436
v -0.05576975 0.29425073 -0.01852213
v -0.04979125 0.30630380 -0.03070949
v 0.03897949 0.33117533 0.10855345
v -0.02096975 0.17480655 -0.00250344
v -0.01709229 0.16526124 -0.01198785
v 0.02296601 0.21757603 -0.06589855
v 0.04011054 0.33912507 0.10466604
v 0.03724968 0.32273164 0.11193173
v 0.03269989 0.35519761 0.10028361
v 0.03120032 0.34796336 0.10637553
v 0.04095086 0.34652394 0.10036288
v 0.03032807 0.34028614 0.11114781
v 0.02949888 0.33232075 0.11467926
v 0.02767322 0.32378533 0.11784159
v 0.02551598 0.31471416 0.12087719
v 0.02274197 0.30416369 0.12361275
v 0.05256162 0.22455300 -0.02667199
v -0.00790025 0.21999732 0.10188876
v -0.00874290 0.21984915 0.10239123
v -0.05980638 0.29056260 0.08776192
v -0.06124231 0.29733291 0.08568333
v -0.06282314 0.29249349 0.07884131
v -0.06135463 0.28636605 0.08166860
v -0.00879304 0.21998785 0.10101674
v -0.00962549 0.21982852 0.10147698
v -0.00980742 0.21875925 0.10054044
v -0.00868855 0.21092503 0.09982263
v -0.00998894 0.21327810 0.09914230
v -0.01035372 0.21688108 0.09969001
v 0.06483666 0.23398675 0.02874975
v -0.02127301 0.27308106 0.11864279
v -0.02804255 0.27368313 0.11680172
v -0.02619298 0.26737314 0.11508952
v -0.02047030 0.26670253 0.11656703
v -0.06193713 0.26054278 0.06469439
v -0.06333636 0.25929299 0.06080769
v -0.06316416 0.25020376 0.06169038
v -0.06117735 0.25278416 0.06532426
v -0.05956592 0.24616803 0.06886338
v -0.06141129 0.24139154 0.06580530
v -0.03277008 0.30569464 0.12055068
v -0.02381420 0.30472901 0.12421529
v -0.06311806 0.28516904 0.07217400
v -0.06213586 0.28055835 0.07572602
v -0.02189988 0.24291407 0.10107063
v -0.02193723 0.24571645 0.09868078
v -0.02036953 0.24837968 0.10311978
v -0.01805674 0.24559151 0.10823552
v -0.01821805 0.24970031 0.10917039
v -0.02043626 0.25120118 0.10549103
v -0.04582516 0.29050580 0.10888575
v -0.04746147 0.29859546 0.10892610
v -0.05316891 0.30008161 0.10147573
v -0.05180672 0.29219070 0.10226117
v -0.02985949 0.34494478 0.10923575
v -0.02016619 0.34422377 0.11471014
v -0.01914447 0.25886488 0.11284505
v -0.02285722 0.25979608 0.11075507
v -0.02154239 0.25671011 0.10848604
v -0.01880354 0.25577119 0.11117734
v -0.03468388 0.23769806 0.08780299
v -0.03542827 0.24014039 0.08776395
v -0.05051782 0.24470985 -0.00541054
v -0.05171149 0.24375801 -0.00501917
v -0.06298668 0.28129318 0.02046250
v -0.06163364 0.27108380 0.01798545
v -0.06415048 0.27429613 0.02975745
v -0.06493962 0.28664702 0.03290056
v -0.06755096 0.29854050 0.03381757
v -0.06882085 0.30927357 0.03184395
v -0.06667706 0.29761675 0.01983605
v -0.06545429 0.29017544 0.02151744
v -0.02327344 0.20587237 -0.05030949
v -0.02187891 0.21608382 -0.04583596
v -0.01858811 0.24190709 0.10878997
v -0.01902617 0.23830996 0.10957129
v 0.01267101 0.34408364 -0.06629352
v 0.01204926 0.33006749 -0.06646642
v -0.00788029 0.33167392 -0.06162335
v -0.00643854 0.34427440 -0.05894607
v -0.04440017 0.27799690 -0.03298494
v -0.05125401 0.27320179 -0.02061160
v -0.02449410 0.21458824 0.09930505
v -0.02048449 0.22058967 0.09784989
v -0.02040398 0.21762006 0.09582399
v -0.02020741 0.21991861 0.09742858
v -0.02470194 0.21096894 0.09968574
v -0.02714451 0.21005441 0.10001121
v -0.02107256 0.21413383 0.09418510
v -0.02037890 0.21402708 0.09498210
v -0.01973598 0.21770407 0.09638532
v -0.02171694 0.22075483 0.09829603
v -0.01857176 0.20451093 0.10545363
v -0.01978362 0.20471023 0.10846101
v -0.02303055 0.20648028 0.10727780
v -0.02117489 0.20592017 0.10522203
v -0.01863432 0.21930164 0.09914665
v -0.01788061 0.21682806 0.09914576
v -0.02041505 0.21191548 0.10440950
v -0.02130715 0.21713211 0.10198672
v -0.02100088 0.22011855 0.10033004
v -0.02195821 0.21289742 0.10357200
v -0.02053882 0.20870280 0.09859429
v -0.02323219 0.21379720 0.10178779
v -0.06264085 0.25897557 -0.00697292
v -0.03946682 0.20996036 -0.00700094
v -0.04348231 0.22573183 -0.00736605
v -0.04222933 0.22670864 -0.01131506
v -0.03868775 0.21152011 -0.01433431
v -0.06494585 0.28392169 0.00033532
v -0.06650403 0.30682331 0.06421943
v -0.06664544 0.32168984 0.05970992
v -0.06861289 0.31629008 0.04419394
v -0.06815779 0.30387133 0.04518227
v -0.06516005 0.33363864 0.05626230
v -0.06790751 0.32878700 0.04164837
v -0.06879786 0.32196230 0.02815910
v -0.06639896 0.30881137 0.00848068
v -0.05059680 0.25445378 0.08331297
v -0.05086980 0.25418833 0.08319913
v -0.04967842 0.25327724 0.08451246
v -0.04966400 0.25349921 0.08446793
v -0.05000023 0.25474593 0.08296286
v -0.04897465 0.25372848 0.08388679
v -0.05065032 0.25560257 0.08214028
v -0.05125106 0.25526130 0.08233587
v -0.05147626 0.25499699 0.08226259
v -0.03468365 0.25250953 0.08999418
v -0.03520379 0.25315893 0.08944406
v -0.03780136 0.25237641 0.08883335
v -0.03738603 0.25182891 0.08983599
v -0.03450569 0.25204551 0.09021233
v -0.03736443 0.25136399 0.09001015
v -0.03698532 0.25729162 0.08468671
v -0.03652081 0.25752008 0.08487450
v -0.03781592 0.25698552 0.08440749
v -0.03261166 0.25504202 0.08935992
v -0.03274018 0.25583389 0.08997594
v -0.03642931 0.25800532 0.08535169
v -0.03636346 0.25766921 0.08494525
v -0.03281538 0.25463259 0.08935966
v -0.03130902 0.25423256 0.08958207
v -0.03046239 0.25451934 0.08947520
v -0.03064607 0.25559053 0.09033488
v -0.04238965 0.25076559 0.08849888
v -0.04254038 0.25002038 0.08816807
v -0.03801659 0.24989328 0.08949505
v -0.03765735 0.25072294 0.08988129
v -0.04220277 0.25125775 0.08859883
v -0.04530549 0.25195792 0.08717786
v -0.04538414 0.25142586 0.08703803
v -0.04542356 0.25077337 0.08657138
v -0.03478647 0.25056431 0.09040825
v -0.03464580 0.25152799 0.09045835
v -0.04534367 0.25014099 0.08622818
v -0.04265448 0.24948768 0.08763312
v -0.03815262 0.24926774 0.08913068
v -0.03476670 0.25009665 0.09025048
v -0.03197233 0.25128502 0.09067057
v -0.03310633 0.25161526 0.09063403
v -0.04256006 0.24882525 0.08711182
v -0.04239733 0.24801169 0.08657967
v -0.03787171 0.24765958 0.08826779
v -0.03806026 0.24853881 0.08867942
v -0.04525586 0.24955191 0.08567487
v -0.04509395 0.24876107 0.08516990
v -0.05211376 0.25580719 0.08064066
v -0.05236441 0.25664100 0.07993601
v -0.05232974 0.25608698 0.07984971
v -0.05215175 0.25547948 0.08014329
v -0.05375682 0.25487190 0.07605179
v -0.05444045 0.25643280 0.07564546
v -0.05556198 0.25645208 0.07407968
v -0.05472784 0.25466114 0.07469396
v -0.06053875 0.24905556 0.06672327
v -0.05648162 0.25249052 0.07276146
v -0.05737237 0.25463292 0.07148840
v -0.05187780 0.25524256 0.08130102
v -0.05146563 0.25457078 0.08206926
v -0.05181456 0.25560001 0.08145551
v -0.05199936 0.25629732 0.08069246
v -0.05189668 0.25474909 0.08071734
v -0.05147453 0.25400537 0.08162235
v -0.05088678 0.25382873 0.08304246
v -0.05092983 0.25312385 0.08260064
v -0.04966991 0.25217521 0.08392902
v -0.04963885 0.25287956 0.08432840
v -0.04789209 0.25213146 0.08556087
v -0.04815536 0.25270292 0.08562683
v -0.04790417 0.25143737 0.08518203
v -0.04968014 0.25167286 0.08347432
v -0.04792810 0.25086945 0.08480637
v -0.05080995 0.25269726 0.08195080
v -0.05140979 0.25364843 0.08106352
v -0.05184948 0.25453037 0.08012335
v -0.05226423 0.25529441 0.07950483
v -0.05255076 0.25613424 0.07921200
v -0.05193549 0.25429627 0.07934950
v -0.05230466 0.25399888 0.07822002
v -0.05143787 0.25285336 0.07942404
v -0.05137260 0.25332746 0.08040927
v -0.05249276 0.25521991 0.07863165
v -0.05296665 0.25509295 0.07741521
v -0.05068844 0.25240943 0.08140932
v -0.05054025 0.25190386 0.08072715
v -0.04933150 0.25070497 0.08217393
v -0.04954354 0.25124106 0.08281381
v -0.04783256 0.25030765 0.08436172
v -0.04771897 0.24970746 0.08359362
v -0.04210048 0.25146729 0.08855353
v -0.04157816 0.25199366 0.08773945
v -0.04482769 0.25225976 0.08637761
v -0.04528145 0.25217351 0.08710246
v -0.04813944 0.25286931 0.08559920
v -0.04744624 0.25289246 0.08496998
v -0.04442941 0.25270742 0.08537744
v -0.04185704 0.25640321 0.08300625
v -0.04309047 0.25659281 0.08258693
v -0.04684414 0.25322166 0.08421378
v -0.04149581 0.25253418 0.08670096
v -0.04043549 0.25638130 0.08359788
v -0.03831683 0.25306866 0.08779643
v -0.03900462 0.25655979 0.08424677
v -0.03576754 0.25361779 0.08866416
v -0.04389348 0.26231769 0.09322806
v -0.04396560 0.26236653 0.09344558
v -0.04801928 0.26245505 0.09169425
v -0.04762017 0.26233342 0.09140770
v -0.02206358 0.29968664 -0.05583984
v -0.02208042 0.31605986 -0.05568746
v -0.00818911 0.31499630 -0.06302434
v -0.05013534 0.26091400 0.08925934
v -0.04996869 0.26190326 0.08917393
v -0.05190048 0.26146999 0.08694719
v -0.05182652 0.26064685 0.08682068
v -0.05025709 0.25987625 0.08924873
v -0.05167881 0.25962448 0.08658229
v -0.04810271 0.26005921 0.09187125
v -0.04794600 0.26123866 0.09182836
v -0.04765300 0.26213130 0.09154953
v -0.05008365 0.26015067 0.08236031
v -0.04952924 0.26063848 0.08366074
v -0.05035533 0.25990134 0.08477707
v -0.05103980 0.25981072 0.08302782
v -0.05055552 0.25979245 0.08141248
v -0.05146523 0.25958338 0.08172943
v -0.04510728 0.25997454 0.08114891
v -0.04485496 0.26017308 0.08164467
v -0.04442775 0.26040208 0.08230047
v -0.04521541 0.25977457 0.08081172
v -0.04523415 0.25955635 0.08060543
v -0.04521058 0.25931087 0.08051060
v -0.04512790 0.25904521 0.08049081
v -0.06239368 0.23514615 0.05987383
v -0.06250902 0.24521276 0.06352173
v -0.06374771 0.23963569 0.05723988
v -0.05152283 0.25594956 0.08149986
v -0.05176882 0.25667250 0.08078556
v -0.05092091 0.25631499 0.08142649
v -0.05119316 0.25700796 0.08083485
v -0.05208462 0.25749335 0.08015762
v -0.05237656 0.25731659 0.07993166
v -0.04925900 0.25498474 0.08246718
v -0.04439611 0.25749528 0.08160363
v -0.04471626 0.25795791 0.08127896
v -0.04975723 0.25597042 0.08183222
v -0.04828338 0.25400200 0.08321790
v -0.04389874 0.25701207 0.08198862
v -0.04488283 0.25834423 0.08100505
v -0.04498375 0.25872543 0.08077227
v -0.04993434 0.25661486 0.08129762
v -0.05020966 0.25730032 0.08073311
v -0.05144570 0.25779676 0.08050294
v -0.05060703 0.25854066 0.08024539
v -0.05069162 0.25899282 0.08042763
v -0.05164377 0.25828651 0.08048509
v -0.05171242 0.25875607 0.08062245
v -0.05046857 0.25798219 0.08030878
v -0.05068299 0.25942466 0.08080207
v -0.05164805 0.25915372 0.08104397
v -0.05252136 0.25691879 0.07961087
v -0.05253091 0.25773180 0.07971208
v -0.05299078 0.25880837 0.07959022
v -0.05277589 0.25712383 0.07914041
v -0.05323793 0.25739351 0.07845215
v -0.05285630 0.25620735 0.07830320
v -0.05382933 0.25950977 0.07938580
v -0.05488248 0.26021442 0.07874571
v -0.05418496 0.25776699 0.07726191
v -0.05353218 0.25636420 0.07709514
v -0.05224392 0.25813746 0.08000271
v -0.05246059 0.25875080 0.08003406
v -0.05362405 0.25989532 0.08100943
v -0.05431373 0.26076084 0.08112334
v -0.05301997 0.25935954 0.08096145
v -0.05282550 0.25943756 0.08253078
v -0.05327873 0.26011446 0.08274044
v -0.05378394 0.26084322 0.08284651
v -0.05272989 0.26028624 0.08465026
v -0.05304473 0.26107690 0.08486564
v -0.05243389 0.25947663 0.08438139
v -0.05245496 0.25920716 0.08090465
v -0.05223972 0.25936368 0.08215912
v -0.05181860 0.25941482 0.08383583
v -0.05124929 0.25911725 0.08599855
v -0.04996078 0.25920427 0.08852388
v -0.04885500 0.25999036 0.08702217
v -0.04782912 0.25947681 0.09117673
v -0.04656535 0.25999582 0.08936436
v -0.04477132 0.26248932 0.09451391
v -0.04921158 0.26282510 0.09275489
v -0.04583423 0.26073617 0.08787887
v -0.04252530 0.26040673 0.08436565
v -0.04114641 0.26021075 0.08519603
v -0.04289263 0.26018384 0.08950801
v -0.03343177 0.25634184 0.09062295
v -0.03433629 0.25699586 0.09118985
v -0.03708303 0.25860271 0.08586209
v -0.03668106 0.25827146 0.08561216
v -0.03216901 0.25595203 0.09143533
v -0.03363229 0.25651485 0.09210117
v -0.03759712 0.25876296 0.09143154
v -0.03853229 0.25946057 0.08617388
v -0.03768270 0.25899687 0.08605592
v -0.03592067 0.25790700 0.09118722
v -0.03744732 0.25830120 0.09335504
v -0.03510213 0.25729117 0.09267910
v -0.04354452 0.25970253 0.09136818
v 0.00920740 0.37896982 -0.05456407
v 0.01110792 0.36451045 -0.06315227
v -0.00612982 0.36101595 -0.05227940
v -0.00702035 0.37175950 -0.04496770
v -0.04789639 0.26074407 0.08588336
v -0.04363251 0.26043239 0.08339436
v -0.01830559 0.36907464 -0.03825115
v -0.01889180 0.37561116 -0.03245223
v -0.00966183 0.37974098 -0.03600238
v -0.00878249 0.23430444 -0.05062988
v 0.00079929 0.22606194 -0.06060135
v -0.03039670 0.25508574 0.09266226
v -0.03217056 0.25627968 0.09326451
v -0.02920556 0.25402841 0.09208415
v -0.02864809 0.25365531 0.09223558
v -0.02977400 0.25496367 0.09282742
v -0.03130917 0.25623706 0.09346466
v -0.03430549 0.25731960 0.09389164
v -0.03372369 0.25731519 0.09444283
v -0.03728322 0.25852937 0.09529929
v -0.03732708 0.25809237 0.09472524
v -0.04428445 0.25939369 0.09329776
v -0.04442424 0.25998005 0.09394972
v -0.03673335 0.25933731 0.09506868
v -0.03314202 0.25778615 0.09416918
v -0.03615115 0.26017600 0.09476857
v -0.03294512 0.25865680 0.09420280
v -0.04390293 0.26195094 0.09348391
v -0.04424540 0.26105431 0.09385081
v -0.03179188 0.25229394 0.09076633
v -0.02959182 0.25238118 0.09121661
v -0.03229173 0.25278419 0.09074424
v -0.02986917 0.25286502 0.09113763
v -0.03314667 0.25366247 0.08977966
v -0.02923737 0.25315297 0.09128551
v -0.02855629 0.25275096 0.09156285
v -0.03380801 0.25409102 0.08932333
v -0.02907361 0.25496441 0.09268717
v -0.02783795 0.25331706 0.09233569
v -0.02789536 0.25535631 0.09249769
v -0.02710672 0.25344303 0.09221892
v -0.03015381 0.25743988 0.09327887
v -0.03057023 0.25655678 0.09311371
v -0.02762845 0.25245550 0.09166421
v -0.02807208 0.25211787 0.09129928
v -0.02701160 0.25226751 0.09172080
v -0.02744376 0.25180435 0.09130888
v -0.03451662 0.24938199 0.09003018
v -0.03419665 0.24871770 0.08953921
v -0.03121220 0.25060186 0.09064128
v -0.03062334 0.25008416 0.09042238
v -0.04208970 0.24703892 0.08618374
v -0.04480651 0.24787779 0.08457904
v -0.04166529 0.24594702 0.08572789
v -0.04455362 0.24673437 0.08394282
v -0.03710259 0.24562313 0.08764814
v -0.03762607 0.24666809 0.08790560
v -0.01592970 0.15868045 -0.01804937
v -0.05283980 0.25346223 0.07701539
v -0.05359564 0.25282520 0.07594807
v -0.05241848 0.25125319 0.07734369
v -0.05175672 0.25225121 0.07831107
v -0.05060584 0.25107864 0.07983394
v -0.05088340 0.24984202 0.07906468
v -0.04908443 0.24857956 0.08084701
v -0.04913140 0.24983622 0.08145492
v -0.04751721 0.24887699 0.08289419
v -0.04719830 0.24751440 0.08226888
v -0.05531644 0.25805286 0.07562391
v -0.05661349 0.26107100 0.07655881
v -0.05662121 0.25827953 0.07391880
v -0.05820754 0.26184160 0.07432662
v -0.02661400 0.25574163 0.09333362
v -0.02602721 0.25366798 0.09231855
v -0.02540686 0.25563487 0.09490077
v -0.02486665 0.25339183 0.09356494
v -0.02698640 0.25797582 0.09672175
v -0.02829271 0.25809550 0.09474687
v -0.02621703 0.25205290 0.09184061
v -0.02675149 0.25139359 0.09133057
v -0.02510576 0.25172111 0.09231637
v -0.02588876 0.25058910 0.09151344
v -0.03371374 0.24780200 0.08935373
v -0.03317630 0.24683170 0.08914278
v -0.03005508 0.24937749 0.09034334
v -0.02921262 0.24846776 0.09014158
v -0.02191587 0.28713834 -0.05486284
v -0.02180109 0.33181116 -0.05346179
v -0.05586151 0.26807123 0.09118448
v -0.05378291 0.26510492 0.09091340
v -0.05104141 0.26488748 0.09399901
v -0.05307698 0.26814079 0.09538852
v -0.05795644 0.27259573 0.09076039
v -0.05948868 0.27068546 0.08644049
v -0.05756964 0.26724696 0.08718221
v -0.05556476 0.26474592 0.08754979
v -0.05753482 0.26319680 0.07844178
v -0.05616332 0.26240030 0.08019628
v -0.05649765 0.26339716 0.08203487
v -0.05797106 0.26453438 0.08082877
v -0.05930714 0.26419932 0.07633249
v -0.05999861 0.26623940 0.07907753
v -0.05798254 0.26574874 0.08376957
v -0.05617620 0.26400948 0.08457275
v -0.06016069 0.26814732 0.08251975
v -0.03505708 0.26205418 0.09887992
v -0.03534044 0.26131877 0.09678738
v -0.03191933 0.25989363 0.09566449
v -0.03086290 0.26011640 0.09669225
v -0.03435948 0.26273417 0.10106842
v -0.02926487 0.26023445 0.09873490
v -0.04763477 0.26676410 0.09946527
v -0.04628481 0.26446182 0.09693699
v -0.03582206 0.26068056 0.09470348
v -0.03367154 0.25960970 0.09450082
v -0.03569213 0.26080960 0.09477638
v -0.03305906 0.25945631 0.09439118
v -0.03265800 0.37963811 -0.01410361
v -0.03859113 0.38076246 -0.00101303
v -0.02292786 0.39387146 0.00031628
v -0.01797169 0.39081618 -0.01378931
v -0.05000990 0.26218700 0.08917747
v -0.05057246 0.26243296 0.08951153
v -0.05254847 0.26213598 0.08729891
v -0.05204409 0.26177332 0.08706261
v -0.05337949 0.26154020 0.08499359
v -0.05394496 0.26198193 0.08515303
v -0.05465762 0.26181969 0.08304594
v -0.05421235 0.26140347 0.08310665
v -0.05452676 0.26127550 0.08170874
v -0.05496916 0.26148218 0.08126090
v -0.03349310 0.26006854 0.09506564
v -0.03570751 0.26089227 0.09528969
v -0.01907004 0.35932580 -0.04416494
v -0.05402182 0.30940905 0.09924527
v -0.05862183 0.30914587 0.09029965
v -0.05783947 0.30051795 0.09340017
v -0.05183231 0.26301616 0.09032486
v -0.05376488 0.26289064 0.08773033
v -0.05487199 0.26278275 0.08517383
v -0.05536161 0.26254350 0.08292191
v -0.05553051 0.26219153 0.08142184
v -0.05879783 0.25699288 0.00721471
v -0.05906975 0.25768009 0.00568803
v -0.06221185 0.27652007 -0.01296499
v -0.06089374 0.28229097 -0.00935937
v -0.06023609 0.28484464 -0.00661512
v -0.06443948 0.28766283 0.00787602
v -0.06720099 0.29193076 0.00565046
v -0.06541052 0.25787967 -0.01511249
v -0.06303020 0.25466418 -0.01181124
v -0.06538973 0.25880370 -0.01522014
v -0.07118075 0.29274428 -0.00649984
v -0.07114491 0.29181692 -0.00842263
v -0.07203965 0.29141650 -0.00836012
v -0.01695802 0.26257730 -0.04981023
v -0.02058933 0.27659687 -0.05325547
v -0.07113293 0.29054558 -0.01035923
v -0.06073884 0.26296705 0.00487612
v -0.06326759 0.27608636 -0.01373388
v -0.06432110 0.27633014 -0.01601720
v -0.06453970 0.27181345 -0.01835313
v -0.06432714 0.27188051 -0.01715265
v -0.06389640 0.26667911 -0.01823325
v -0.06377740 0.26716492 -0.01724431
v -0.06659169 0.26214880 -0.01677711
v -0.06757399 0.26642740 -0.01763102
v -0.06810299 0.29285288 0.00443457
v -0.06784895 0.29140612 0.00537832
v -0.06868179 0.29278550 0.00396590
v -0.06119587 0.26242512 0.00309555
v -0.06262346 0.28580990 0.00767733
v -0.06233473 0.28324884 0.00783153
v -0.06190803 0.28376383 0.00776176
v -0.05724988 0.26814148 0.00310773
v -0.05726003 0.26906583 0.00325809
v -0.05841315 0.26672354 0.00216432
v -0.06107334 0.26500708 0.00213702
v -0.05462225 0.25780869 0.00107463
v -0.05362378 0.25748116 -0.00087006
v -0.05409610 0.25643793 -0.00097783
v -0.06998024 0.29981226 0.00262047
v -0.06252460 0.28226528 0.00757362
v -0.06387157 0.28333628 0.00754724
v -0.06435980 0.28452083 0.00780074
v -0.06939820 0.29244208 0.00331704
v -0.06458101 0.28546980 0.00794643
v -0.06375346 0.28547108 0.00810699
v -0.06518844 0.28737822 0.00771104
v -0.06311178 0.28561214 0.00806259
v -0.05839082 0.26710901 -0.01059909
v -0.05740418 0.26611176 -0.00844540
v -0.06165204 0.27605104 0.01402102
v -0.06162458 0.27507588 0.01153044
v -0.06241247 0.25343016 -0.01001364
v -0.06077040 0.28917030 -0.00081715
v -0.06089456 0.29250300 -0.00115018
v -0.06873747 0.27125415 -0.01773484
v -0.06471850 0.26233882 -0.00954580
v -0.06286810 0.26097715 -0.00778818
v -0.06636731 0.26408780 -0.01108110
v -0.06768993 0.26706743 -0.01197623
v -0.05769642 0.27855584 0.00159149
v -0.06744608 0.28476369 -0.00312565
v -0.06762445 0.28333440 -0.00519882
v -0.06632128 0.28415674 -0.00138922
v -0.06223303 0.29495731 0.00160651
v -0.06248653 0.29397634 0.00380580
v -0.06192391 0.28961390 0.00109603
v -0.06209557 0.29200518 0.00378849
v -0.05650980 0.26112610 0.00168224
v -0.05514738 0.25720456 -0.00363465
v -0.05489079 0.25923988 -0.00342734
v -0.05596119 0.25768524 -0.00456128
v -0.05589807 0.25904584 -0.00533353
v -0.05613413 0.26099163 -0.00592807
v -0.05650924 0.26321924 -0.00635053
v -0.05697123 0.26551539 -0.00584453
v -0.05606556 0.26518646 0.00257362
v -0.06476725 0.28972846 0.01179497
v -0.05556416 0.26343957 0.00217520
v -0.05750308 0.26678562 0.00264701
v -0.05760861 0.26501918 0.00222334
v -0.05730330 0.26307881 0.00195506
v -0.06057649 0.25629357 -0.00328775
v -0.06110264 0.25855654 -0.00472055
v -0.05951272 0.25643510 -0.00212449
v -0.06172545 0.25971520 -0.00627862
v -0.05860152 0.25631061 -0.00151287
v -0.06156148 0.28980261 0.00054617
v -0.06172487 0.29276285 0.00199193
v -0.05927513 0.25938025 0.01006277
v -0.06471385 0.24619053 0.05509911
v -0.06506822 0.25686252 0.05401228
v -0.03133469 0.19261609 0.05480041
v -0.03054266 0.18966724 0.05407439
v -0.06041749 0.23071213 0.06292193
v -0.05746188 0.22594845 0.06694905
v -0.03303193 0.19285072 0.06775205
v -0.03230882 0.19218332 0.06766067
v -0.03161195 0.19247010 0.06813376
v -0.03221257 0.19294009 0.06787591
v -0.03002279 0.19356522 0.06708364
v -0.03060842 0.19380242 0.06628881
v -0.03098483 0.19343327 0.06702720
v -0.03049357 0.19320828 0.06778745
v -0.03747476 0.20547773 0.07651792
v -0.04075237 0.20970900 0.07678802
v -0.04300460 0.20677970 0.07317917
v -0.03985058 0.20302072 0.07335190
v -0.03056064 0.19573700 0.05896096
v -0.03047635 0.19678514 0.06030767
v -0.03035184 0.19499582 0.06395756
v -0.03050834 0.19471301 0.06320630
v -0.03034128 0.19348097 0.05788873
v -0.03023557 0.19389194 0.06211703
v -0.03149998 0.19614553 0.05637978
v -0.03112854 0.19813682 0.05783643
v -0.03991566 0.18993798 0.06067871
v -0.03725480 0.19065200 0.06364642
v -0.03846747 0.19309995 0.06516241
v -0.04128599 0.19365695 0.06284513
v -0.03490058 0.21474776 0.08240812
v -0.03810206 0.21216838 0.07962780
v -0.03514270 0.20810632 0.07914488
v -0.03188618 0.21119714 0.08192848
v -0.02871445 0.21462549 0.08542572
v -0.03138842 0.21759574 0.08514695
v -0.02790060 0.21935694 0.09204070
v -0.02840627 0.21566929 0.09126200
v -0.02872217 0.21338345 0.09378438
v -0.02866200 0.21569166 0.09366338
v -0.02694486 0.21054199 0.09103231
v -0.02815590 0.21438643 0.08896993
v -0.02360802 0.20919177 0.09166317
v -0.02371203 0.20933405 0.09287451
v -0.02668781 0.21073598 0.08954297
v -0.02646157 0.21102349 0.08750813
v -0.02355247 0.20925422 0.09021150
v -0.02349552 0.20970264 0.09420244
v -0.02594871 0.20970897 0.09362097
v -0.02767408 0.21091877 0.09537812
v -0.02011111 0.20615947 0.10308884
v -0.02157097 0.20654432 0.10515235
v -0.02251255 0.23984346 0.10260232
v -0.02429487 0.23826165 0.09802033
v -0.02288426 0.23669866 0.10329060
v -0.02462446 0.23539257 0.09890275
v -0.02794137 0.21112461 0.09963833
v -0.02844540 0.21357265 0.09877227
v -0.02675885 0.21041766 0.10394146
v -0.02736632 0.21296951 0.10443531
v -0.01845795 0.25283411 0.11013238
v -0.01707802 0.20488271 0.09821068
v -0.01712071 0.20450649 0.09733556
v -0.01732861 0.20494573 0.10038434
v 0.00572496 0.39128721 -0.03076403
v 0.00162379 0.39863977 -0.01490416
v -0.00452345 0.40356788 0.01231588
v -0.00594506 0.40242887 0.02574886
v -0.01927535 0.19173503 0.08862309
v -0.01900141 0.19383124 0.08991362
v -0.02187185 0.19582266 0.07077341
v -0.01717031 0.19526052 0.07304440
v -0.01781184 0.19159590 0.07648741
v -0.02238300 0.19227499 0.07434635
v -0.02557278 0.19327146 0.07167684
v -0.02537675 0.19683918 0.06767710
v -0.02152503 0.19812576 0.06871603
v -0.01658159 0.19758801 0.07121800
v -0.02292437 0.18958840 0.07773878
v -0.01865624 0.18857916 0.08074884
v -0.01921352 0.18884780 0.08390556
v -0.02352520 0.18994753 0.08033095
v -0.02850301 0.20802365 0.08359627
v -0.02529458 0.20729935 0.08655326
v -0.02233045 0.20564653 0.09027086
v -0.02006141 0.20413628 0.09304886
v -0.01981340 0.20556921 0.09471108
v -0.02149108 0.20728509 0.09264566
v -0.01982187 0.20601869 0.09562872
v -0.02151198 0.20756480 0.09371947
v -0.02173060 0.20796461 0.09465186
v -0.02223438 0.20901573 0.09550826
v -0.02089648 0.20822524 0.09685068
v -0.02122542 0.20946790 0.09694867
v -0.02000198 0.20658688 0.09636153
v -0.02038705 0.22623889 0.11212467
v -0.01984571 0.23060185 0.11133175
v -0.02264017 0.19632140 0.08781980
v -0.01861710 0.19574305 0.09018870
v -0.01802787 0.19894068 0.09169565
v -0.02150095 0.19994020 0.08953570
v -0.02506352 0.20067823 0.08643000
v -0.02649617 0.19639373 0.08373056
v -0.01724109 0.20408462 0.09642573
v -0.02301418 0.19450864 0.08698533
v -0.02327600 0.19257481 0.08559363
v -0.02697984 0.19447131 0.08275293
v -0.02714357 0.19276093 0.08145268
v -0.03005366 0.19598277 0.07894139
v -0.02926233 0.20067354 0.08219545
v -0.03375361 0.20089445 0.07727723
v -0.03279368 0.19527410 0.07437535
v -0.03876337 0.19538687 0.06729250
v -0.03422985 0.19279759 0.06739603
v -0.03454169 0.19371104 0.06831084
v -0.03453103 0.19430022 0.06967221
v -0.03831120 0.19744398 0.06999634
v -0.04175452 0.19700593 0.06590472
v -0.04124766 0.20022203 0.06954192
v -0.03693124 0.19915920 0.07335566
v -0.03409207 0.19474556 0.07163762
v -0.03334363 0.19323926 0.06847499
v -0.03241993 0.19308282 0.06830685
v -0.03335694 0.19346434 0.06953521
v -0.03239208 0.19302191 0.06915961
v -0.03307682 0.19352701 0.07089601
v -0.03219657 0.19285838 0.07018064
v -0.03164813 0.19272882 0.07183681
v -0.03231139 0.19369723 0.07303087
v -0.03022314 0.19339024 0.06733792
v -0.02961298 0.19288905 0.06853224
v -0.02999934 0.19235459 0.06968074
v -0.03053680 0.19284636 0.06838779
v -0.03060383 0.19371316 0.06656213
v -0.03083415 0.19317155 0.06763725
v -0.03013452 0.19506188 0.06497167
v -0.02943395 0.19494237 0.06582372
v -0.03096524 0.19394492 0.06576078
v -0.03118387 0.19358225 0.06666528
v -0.03148004 0.19305758 0.06789665
v -0.03150815 0.19296418 0.06847455
v -0.03127083 0.19268328 0.06933777
v -0.03076549 0.19232252 0.07064371
v -0.02693567 0.19151884 0.07956879
v -0.02963778 0.19269522 0.07693921
v -0.02909228 0.19182785 0.07506500
v -0.02631967 0.19056059 0.07695054
v -0.02836519 0.19141650 0.07325344
v -0.02530902 0.19890383 0.06584634
v -0.02563317 0.19044942 0.07497160
v -0.02814952 0.19714169 0.06471367
v -0.02848156 0.19918835 0.06278734
v -0.02809102 0.19436051 0.06802104
v -0.03028865 0.19729996 0.06171153
v -0.02946940 0.19712791 0.06249665
v -0.03058722 0.19917746 0.05972476
v -0.02969381 0.19917123 0.06097750
v -0.02782110 0.19173820 0.07132773
v -0.02999119 0.19403599 0.07815777
v -0.02340808 0.19101267 0.08349292
v -0.01924222 0.19027264 0.08655559
v -0.02226865 0.21698830 0.11412774
v -0.02121946 0.22190335 0.11307164
v -0.03105193 0.19280508 0.06831162
v -0.00052695 0.14753929 -0.00949864
v -0.03346006 0.19176520 0.06692480
v -0.02973661 0.19133852 0.05709420
v -0.02954862 0.19281791 0.06220548
v -0.03694145 0.18590254 0.05967478
v -0.03312466 0.18086810 0.06051748
v -0.03193197 0.18339773 0.06422321
v -0.03499633 0.18748796 0.06318305
v -0.03042631 0.18736610 0.06912141
v -0.03231393 0.19000877 0.06748991
v -0.03139833 0.19083114 0.06865166
v -0.02967790 0.18888673 0.07047550
v -0.02908304 0.19003011 0.07156824
v -0.03064643 0.19158550 0.06927125
v -0.02719314 0.19183783 0.07156424
v -0.02372471 0.19095233 0.07477917
v -0.02192623 0.18959235 0.06908594
v -0.02577185 0.19036843 0.06635611
v -0.02882790 0.19191743 0.06329249
v -0.02942156 0.19319232 0.06805913
v -0.02791223 0.19160420 0.07209344
v -0.02983970 0.19281009 0.06880806
v -0.02440414 0.19054869 0.07565130
v -0.00811781 0.15189990 -0.01307686
v -0.03023044 0.19231284 0.06935419
v -0.02834788 0.19114892 0.07214777
v -0.02516043 0.18961768 0.07579724
v -0.02609243 0.18781482 0.07526700
v -0.02674136 0.18578540 0.07446007
v -0.02710110 0.18375893 0.07241718
v -0.02761652 0.17903820 0.06666015
v -0.02811238 0.17542236 0.06308959
v -0.02280637 0.17581445 0.06928276
v -0.02311069 0.17208475 0.06618242
v -0.02313294 0.18089506 0.07543178
v -0.02328587 0.18333280 0.07829200
v -0.02262458 0.18576251 0.07920276
v -0.02188824 0.18806203 0.07940923
v -0.01747222 0.20293210 0.09494744
v -0.02014483 0.20750594 0.09817259
v -0.01968629 0.20664212 0.10043143
v -0.02378578 0.20761773 0.10601614
v -0.01778635 0.20469451 0.10279952
v -0.02589060 0.20939758 0.10571073
v -0.02475873 0.20822772 0.10707496
v -0.02550255 0.20931531 0.10836743
v -0.02620728 0.21051860 0.10730790
v -0.02374949 0.20711952 0.10815220
v -0.02500460 0.20867391 0.10925423
v -0.02046623 0.20532574 0.10999666
v -0.02175565 0.20764196 0.11283271
v -0.02260183 0.21285667 0.11449324
v -0.02222282 0.20948981 0.11388965
v -0.02604229 0.21068630 0.10926996
v -0.02684491 0.21316154 0.10827450
v -0.02643143 0.21683727 0.10764892
v -0.02714578 0.21641746 0.10329120
v -0.00762469 0.38735297 0.06933780
v -0.02106261 0.18936728 0.07910575
v -0.01980671 0.19010533 0.07766150
v -0.01973869 0.18307266 0.05943011
v -0.02054924 0.18599783 0.06317584
v -0.01648740 0.18503949 0.06510563
v -0.01569888 0.18221357 0.06152134
v -0.01637834 0.18954661 0.07911931
v -0.01473600 0.18811335 0.07310639
v -0.01797795 0.18868724 0.07175700
v -0.01710145 0.18869288 0.08107547
v -0.01782037 0.18708442 0.08169310
v -0.01855053 0.18454687 0.08190347
v -0.01319051 0.18432452 0.06654088
v -0.01258538 0.18146329 0.06261064
v -0.02841203 0.18947439 0.05780326
v -0.02833178 0.18694340 0.05460940
v -0.02472478 0.18697144 0.06073211
v -0.02427798 0.18456198 0.05714940
v -0.01802374 0.16998643 0.06923614
v -0.01770645 0.17408986 0.07150196
v -0.01872691 0.18154439 0.08067475
v -0.01839865 0.17857787 0.07787971
v -0.00181241 0.40229866 -0.00122629
v -0.06356733 0.32499090 0.06985222
v -0.06358117 0.31527305 0.07453869
v -0.05929159 0.31906554 0.08488201
v -0.05956654 0.32737213 0.08048455
v -0.06232890 0.33537450 0.06579126
v -0.05855476 0.33659041 0.07634921
v -0.03001012 0.38887638 0.04201706
v -0.03375097 0.38232678 0.05418129
v -0.01770954 0.38632220 0.06474550
v -0.02233278 0.39552897 0.03079580
v -0.03075204 0.39154977 0.01691465
v -0.03726711 0.38529462 0.03436665
v -0.04072601 0.37867260 0.04770772
v 0.00257618 0.21447311 -0.06914277
v -0.02060877 0.34382531 -0.05061816
v -0.04264490 0.37203521 0.06016855
v -0.03625205 0.37488067 0.06620292
v -0.03886535 0.36719236 0.07637565
v -0.04422565 0.36526498 0.06998979
v -0.02093086 0.37816978 0.07717921
v -0.01104791 0.37873754 0.08224742
v 0.01163164 0.31270814 -0.06724925
v -0.01932287 0.23480365 0.11042349
v -0.02157093 0.24313813 -0.04045041
v -0.03477809 0.23604967 -0.02973436
v -0.03220880 0.18305480 -0.03988729
v -0.05352230 0.25058463 -0.00939421
v -0.05317397 0.25133196 -0.00978976
v -0.03900315 0.21658474 -0.02275656
v -0.04203922 0.22929958 -0.01802151
v -0.01201196 0.24749941 -0.04792514
v -0.06110679 0.26523653 -0.01637115
v -0.06175357 0.26899803 -0.01600046
v -0.06229775 0.26439670 -0.01656739
v -0.06300300 0.26845166 -0.01647337
v -0.06322729 0.27238369 -0.01543774
v -0.06286950 0.26258245 -0.01660271
v -0.06318779 0.29281315 0.00580983
v -0.06469506 0.29409322 0.00665055
v -0.05339329 0.24787423 -0.00669383
v -0.05297344 0.24903062 -0.00765279
v -0.05258938 0.24840544 -0.00720417
v -0.05252817 0.24752653 -0.00626980
v -0.05329810 0.24654856 -0.00570378
v -0.05257216 0.24663514 -0.00554489
v -0.06735629 0.30492437 0.01629911
v -0.05101328 0.24786387 -0.00794983
v -0.05248572 0.25076172 -0.00937648
v -0.05261566 0.24975336 -0.00839441
v -0.05184765 0.24863622 -0.00775473
v -0.05183857 0.24704701 -0.00683592
v -0.05186314 0.24576756 -0.00575700
v -0.05262419 0.24522071 -0.00534622
v -0.06276991 0.26185468 -0.01750751
v -0.05717027 0.24797361 -0.01024072
v -0.06211428 0.28848717 -0.00220980
v -0.06195641 0.28755310 -0.00406639
v -0.06379104 0.28978747 -0.00518920
v -0.06387899 0.29116195 -0.00324197
v -0.03398168 0.28399566 -0.04508561
v -0.03477859 0.29660827 -0.04669018
v 0.01309922 0.21713050 -0.06821866
v 0.01193140 0.22957267 -0.06143177
v -0.05220674 0.32127810 -0.02512223
v -0.06234139 0.28933156 -0.00036816
v -0.06416047 0.29209206 -0.00142783
v -0.06220067 0.27286756 -0.01487270
v -0.06156843 0.28878456 -0.00038297
v -0.06140208 0.28792280 -0.00221853
v -0.06481089 0.29429442 -0.00246097
v -0.06456554 0.29306528 -0.00463124
v -0.06429406 0.29151717 -0.00662746
v -0.06113616 0.28687263 -0.00408281
v -0.06180036 0.29436788 -0.00052823
v -0.06301139 0.33917841 0.00557338
v -0.05795322 0.33925372 -0.00857894
v -0.05894994 0.35554913 0.00946836
v -0.05365991 0.35675302 -0.00530447
v -0.04487944 0.35734570 -0.02062227
v -0.04954138 0.33897281 -0.02433887
v -0.06270112 0.29321846 0.00490397
v -0.06538474 0.29527423 0.00655110
v -0.06052412 0.34411815 0.06092711
v -0.06319931 0.34238595 0.05164491
v -0.05691603 0.34466076 0.07228617
v -0.05473555 0.35198030 0.06800692
v -0.05778794 0.35220370 0.05705373
v -0.06150653 0.35094377 0.04254262
v -0.06738599 0.32533970 0.01509340
v -0.06583776 0.33860904 0.01992981
v -0.06660101 0.33684590 0.03362839
v -0.06129730 0.35388339 0.02490847
v -0.05611867 0.36174271 0.04125084
v -0.05601957 0.36436772 0.02637853
v -0.04924132 0.37095189 0.04260261
v -0.04781138 0.37545273 0.02878366
v -0.04372657 0.37983230 0.01392548
v -0.05349607 0.36695823 0.01157449
v -0.05445871 0.35945615 0.05415581
v -0.05175076 0.35829365 0.06532626
v -0.04941567 0.36660165 0.05470033
v -0.04859824 0.36359787 0.06335251
v -0.06640129 0.33549362 0.04099540
v -0.04637184 0.24161625 -0.00700666
v -0.04841937 0.23966584 -0.00332488
v -0.05589309 0.24627295 0.00628920
v -0.06560213 0.25379476 0.04528688
v -0.06525613 0.26599607 0.04821514
v -0.06533897 0.26346609 0.03554098
v -0.06277813 0.24974558 0.03136860
v -0.06432256 0.27880266 0.05239542
v -0.06485896 0.27661279 0.04008763
v -0.06590061 0.29009029 0.04388766
v -0.06580058 0.29205891 0.05760182
v -0.03240814 0.35814148 -0.03455220
v -0.03491811 0.34258947 -0.03989877
v -0.03610329 0.33044788 -0.04256384
v -0.05686313 0.29318282 0.09485172
v 0.00793482 0.38700068 -0.04123448
v -0.05437668 0.31960240 0.09495322
v -0.02577523 0.37638906 -0.02601822
v -0.01266179 0.38449046 -0.02814606
v -0.04839242 0.36823466 -0.00303620
v -0.04140522 0.36821437 -0.01617250
v -0.02962313 0.36784425 -0.03017081
v -0.03559209 0.31500235 -0.04560737
v -0.04686015 0.35896546 0.07503591
v -0.06094342 0.26558709 0.07338034
v -0.05980149 0.26189300 0.07111727
v -0.06156990 0.26929739 0.07631730
v -0.05823191 0.25706375 0.07084243
v -0.02690424 0.23683508 0.09403028
v -0.02681974 0.23410387 0.09485959
v -0.02679117 0.23102106 0.09564780
v -0.02934364 0.23295797 0.09126471
v -0.02901374 0.22947030 0.09177707
v -0.02478118 0.22884272 0.10062931
v -0.02482392 0.23222938 0.09979297
v -0.02651002 0.22789128 0.09638838
v -0.02612251 0.22426194 0.09668504
v -0.02499369 0.22511303 0.10138880
v -0.02838521 0.21518548 0.08724417
v -0.02939078 0.22006480 0.08793630
v -0.02768045 0.22272924 0.09190147
v -0.03212420 0.22780862 0.08877407
v -0.03112551 0.22415191 0.08872072
v -0.02853206 0.22632353 0.09215279
v -0.03300678 0.23166205 0.08830737
v -0.02681428 0.22010534 0.09682874
v -0.02823126 0.21609537 0.09762041
v -0.02586321 0.22074734 0.10231440
v -0.02518061 0.22119726 0.10626690
v -0.02409323 0.22569641 0.10529245
v -0.02974572 0.23578197 0.09068082
v -0.03396273 0.23468697 0.08802305
v -0.03406098 0.22163658 0.08601044
v -0.03805327 0.21929204 0.08341779
v -0.03608927 0.22635382 0.08613752
v -0.03990398 0.22448123 0.08389632
v -0.03712160 0.23032725 0.08610041
v -0.04110464 0.22874334 0.08382083
v -0.04157113 0.21682636 0.08057685
v -0.04427966 0.21425952 0.07717149
v -0.04655272 0.21110293 0.07288359
v -0.04701871 0.21948680 0.07757728
v -0.04959137 0.21603408 0.07279919
v -0.04888612 0.22474772 0.07790624
v -0.05212548 0.22169885 0.07318936
v -0.04391146 0.22216928 0.08110289
v -0.04537501 0.22685996 0.08106880
v -0.04220030 0.23285899 0.08369343
v -0.03822822 0.23390397 0.08591108
v -0.04994174 0.23620020 0.07921334
v -0.04988944 0.23054019 0.07857113
v -0.04613308 0.23179932 0.08119486
v -0.04655253 0.23656231 0.08149599
v -0.05378811 0.22852965 0.07422058
v -0.05359379 0.23586589 0.07622896
v -0.05269004 0.24078096 0.07715325
v -0.04101046 0.24385160 0.08563642
v -0.03660765 0.24364343 0.08771728
v -0.04410155 0.24433078 0.08388828
v -0.04954960 0.24030794 0.07968824
v -0.04670474 0.24008632 0.08175142
v -0.05508569 0.25044045 0.07440947
v -0.05349603 0.24856709 0.07625727
v -0.04929745 0.24581176 0.08038436
v -0.04698095 0.24497047 0.08214734
v -0.05161897 0.24704473 0.07838191
v -0.03232708 0.24482879 0.08925019
v -0.02797514 0.24628973 0.09081693
v -0.03261588 0.22312000 -0.03327373
v -0.02362345 0.22963840 0.10469027
v -0.02325309 0.23332681 0.10396062
v -0.02718257 0.25934646 0.10130806
v -0.02497609 0.25699696 0.09945451
v -0.02085040 0.25398630 0.10712515
v -0.03185292 0.26222339 0.10446949
v -0.02505854 0.24811324 0.09278335
v -0.02356349 0.25003669 0.09430532
v -0.02321547 0.25197873 0.09590773
v -0.02350030 0.25449434 0.09775011
v -0.04260749 0.27629071 0.10896038
v -0.03982878 0.26910058 0.10865162
v -0.06270717 0.30514622 0.08056916
v -0.06471892 0.29887420 0.07328884
v -0.05819052 0.27888611 0.09025468
v -0.06030150 0.27636936 0.08527021
v -0.06148859 0.27299345 0.08053602
v -0.06444404 0.28932366 0.06607990
v -0.06362167 0.27844164 0.06047179
v -0.06425421 0.26759881 0.05633037
v -0.05324730 0.33691901 0.08754186
v -0.05177099 0.34487727 0.08388428
v -0.05416105 0.32842594 0.09117089
v -0.04110325 0.35994250 0.08355020
v -0.04346930 0.35273799 0.08937009
v -0.04962295 0.35230258 0.07946377
v -0.04567137 0.34507880 0.09393345
v -0.04716470 0.33707434 0.09719722
v -0.04800735 0.32841650 0.10095356
v -0.04850895 0.31933340 0.10440277
v -0.04841308 0.30835930 0.10799117
v -0.01914564 0.22952195 -0.04351313
v -0.02111710 0.22071402 0.09888522
v -0.02061049 0.22048901 0.09967051
v -0.01994409 0.22057307 0.09849040
v -0.01942602 0.22033788 0.09923260
v -0.01899412 0.21921630 0.09848176
v -0.02066213 0.21153654 0.09716912
v -0.01891310 0.21367101 0.09720294
v -0.01836395 0.21726061 0.09789158
v -0.05316057 0.24145664 0.00223689
v -0.02868194 0.19108188 -0.04812996
v -0.02330431 0.19778217 -0.05590376
v 0.06127728 0.18466969 -0.02842723
v 0.05928874 0.19218339 -0.03667301
v 0.02394528 0.14438444 -0.01138900
v 0.03444772 0.14883344 -0.01222029
v 0.03688965 0.14104299 -0.01794331
v 0.02600043 0.13758208 -0.01758547
v 0.06697915 0.16909072 -0.04394875
v 0.06306852 0.17728211 -0.03549103
v 0.06252100 0.18458237 -0.04456626
v 0.06812480 0.17676963 -0.05394273
v 0.05942299 0.19051597 -0.05367890
v 0.06536974 0.18223765 -0.06366004
v 0.05865332 0.18588109 -0.07204588
v 0.05353701 0.19544493 -0.06142876
v 0.04497031 0.19943653 -0.06754173
v 0.04883302 0.18885961 -0.07803260
v 0.04531975 0.15453051 -0.01386406
v 0.05435050 0.16143404 -0.01868711
v 0.05706814 0.15408814 -0.02628909
v 0.04785597 0.14682139 -0.02062523
v 0.06077348 0.16922817 -0.02597935
v 0.06382425 0.16140801 -0.03437713
v 0.03837441 0.19199961 -0.08240980
v 0.03503178 0.20298867 -0.07121141
v 0.03028150 0.12163770 -0.02907233
v 0.02073255 0.12147754 -0.03093402
v 0.01922789 0.12857851 -0.02493383
v 0.02872591 0.12940904 -0.02409802
v 0.05807804 0.12058525 -0.04092534
v 0.07239162 0.12758504 -0.04652648
v 0.07780386 0.12003204 -0.04771052
v 0.06216443 0.11125106 -0.04217760
v 0.06705181 0.08713560 -0.03515083
v 0.08903909 0.09749615 -0.04094838
v 0.08273762 0.07314331 -0.03412732
v 0.06619387 0.06737645 -0.03384569
v 0.07831752 0.05194719 -0.02881390
v 0.06404126 0.04778130 -0.03042306
v 0.06759713 -0.00350543 -0.02273826
v 0.05329954 -0.00390948 -0.02285604
v 0.05639799 0.01265265 -0.02384765
v 0.07069246 0.01338716 -0.02397020
v 0.07340066 -0.07974541 -0.02977628
v 0.06201474 -0.07591204 -0.02522911
v 0.06943140 -0.06442305 -0.02060194
v 0.07934550 -0.06663185 -0.02415411
v 0.12716672 0.02652774 -0.03480528
v 0.13072014 0.04669994 -0.03263402
v 0.13904536 0.03699180 -0.03659932
v 0.13410071 0.01786121 -0.04092270
v 0.11148910 0.14039934 -0.06370080
v 0.10209735 0.12190090 -0.05129667
v 0.09533084 0.12579571 -0.05473836
v 0.10448951 0.14308967 -0.06487164
v 0.11937062 -0.05693970 -0.05429924
v 0.11436643 -0.06741488 -0.05204330
v 0.11038985 -0.06147561 -0.04322492
v 0.11396318 -0.05153058 -0.04424021
v 0.08470482 -0.14113118 -0.06673859
v 0.07101672 -0.14072788 -0.05635524
v 0.07203741 -0.12228812 -0.05805393
v 0.08567955 -0.12248367 -0.06734319
v 0.12297194 -0.10419287 -0.11563988
v 0.12788954 -0.10256825 -0.13504107
v 0.12477043 -0.11938643 -0.13550591
v 0.12156224 -0.12049946 -0.11529044
v 0.09206229 -0.00368403 -0.02615547
v 0.08062556 -0.00345005 -0.02386168
v 0.08395911 0.01351889 -0.02475749
v 0.09590112 0.01391078 -0.02650605
v 0.30385557 0.05473676 -0.02675308
v 0.30547255 0.03968762 -0.03117977
v 0.28196284 0.04459771 -0.03516294
v 0.28019878 0.05943086 -0.03064810
v 0.11272214 -0.21112584 -0.09863843
v 0.11299173 -0.20981880 -0.11675000
v 0.11519245 -0.22649856 -0.11349528
v 0.11467711 -0.22756030 -0.09483589
v 0.16661116 0.10652199 -0.02602810
v 0.17140085 0.12919563 -0.03659253
v 0.18052122 0.12434104 -0.03672294
v 0.17797247 0.10133316 -0.02810633
v 0.11627696 -0.00605103 -0.03794234
v 0.12203769 0.00971641 -0.03641807
v 0.12820581 0.00262747 -0.04368493
v 0.12247104 -0.01084040 -0.04532917
v 0.13974550 -0.07178739 -0.13156539
v 0.13589358 -0.07607448 -0.11534715
v 0.14195156 -0.05890128 -0.11449956
v 0.14594650 -0.05429495 -0.12868235
v 0.12975931 -0.09119226 -0.11587527
v 0.13378790 -0.08827619 -0.13392127
v 0.10977259 -0.00442821 -0.03317468
v 0.10173901 -0.00405206 -0.02935171
v 0.10603981 0.01445374 -0.02897900
v 0.11461257 0.01417643 -0.03170340
v 0.06674866 -0.09016097 -0.03826566
v 0.05343939 -0.08520289 -0.03299710
v 0.10887183 -0.22932906 -0.07638898
v 0.09854434 -0.23161225 -0.06048241
v 0.09677356 -0.21464224 -0.06520547
v 0.10719301 -0.21274053 -0.08067445
v 0.05724983 -0.10604189 -0.05475162
v 0.06059111 -0.09736881 -0.04989205
v 0.07370268 -0.09893848 -0.05449276
v 0.07067051 -0.10726020 -0.06048468
v 0.08473977 -0.23351924 -0.04789822
v 0.06880645 -0.23532452 -0.03844793
v 0.06643517 -0.21756090 -0.04507698
v 0.08255742 -0.21639074 -0.05331591
v 0.07424255 0.03204374 -0.02578916
v 0.06025560 0.02969995 -0.02611507
v 0.09319232 -0.08025232 -0.04013343
v 0.08393145 -0.08097753 -0.03504968
v 0.08888321 -0.06753705 -0.02886139
v 0.09688618 -0.06771310 -0.03394754
v 0.13992512 0.00718781 -0.05126391
v 0.15035573 0.02536182 -0.04562312
v 0.15439945 0.00852017 -0.06370178
v 0.14285135 -0.00292591 -0.06620885
v 0.11967009 -0.24171270 -0.11046626
v 0.11915960 -0.24291734 -0.09105907
v 0.08907113 -0.25020164 -0.04193212
v 0.07210000 -0.25256929 -0.03181167
v 0.18067905 0.00956377 -0.10240172
v 0.18791807 0.01870419 -0.10059559
v 0.19182697 0.01999134 -0.10846335
v 0.18500450 0.01183563 -0.11135365
v 0.03543630 -0.06095281 -0.02297968
v 0.04869623 -0.05716327 -0.01872556
v 0.05294646 -0.06875196 -0.02143902
v 0.04162360 -0.07566074 -0.02784330
v 0.08945728 -0.09110793 -0.04872863
v 0.08611691 -0.09869543 -0.05959739
v 0.07872546 -0.09198961 -0.04366240
v 0.02246584 -0.06431910 -0.03040935
v 0.02865999 -0.08352709 -0.04008253
v 0.04532729 0.02651873 -0.02823117
v 0.04152621 0.01096144 -0.02511106
v 0.04812054 0.04420009 -0.03083979
v 0.03206168 0.04060838 -0.03198729
v 0.03310644 0.05884027 -0.03336330
v 0.04928558 0.06227193 -0.03289139
v 0.03294463 0.07649717 -0.03221245
v 0.04903637 0.08054462 -0.03291945
v 0.04326660 0.11601698 -0.03669898
v 0.04565837 0.10609856 -0.03753717
v 0.13288581 -0.00579061 -0.05404252
v 0.12767088 -0.01758894 -0.05563010
v 0.10341434 -0.24765296 -0.05506331
v 0.13369125 0.10652436 -0.15585628
v 0.13277662 0.09278449 -0.16609651
v 0.14445153 0.09313563 -0.15414400
v 0.14501017 0.10769272 -0.14337243
v 0.11797600 0.14108728 -0.05974041
v 0.11039627 0.12199619 -0.04566048
v 0.16975021 0.02652095 -0.14139688
v 0.17947236 0.03017090 -0.13418423
v 0.18079358 0.03906021 -0.13492677
v 0.17065617 0.03642073 -0.14172368
v 0.19879845 0.03558803 -0.11842930
v 0.19702938 0.02847488 -0.11717387
v 0.21398100 0.03561424 -0.11305434
v 0.21467784 0.04290997 -0.11528617
v 0.11114991 -0.22490083 -0.13126652
v 0.10789303 -0.20823501 -0.13444108
v 0.12043812 -0.07736379 -0.18582806
v 0.02964229 0.18545206 -0.09818386
v 0.02730368 0.19466043 -0.08782215
v 0.12499525 -0.08958602 -0.17022274
v 0.13440478 -0.07102665 -0.16639885
v 0.13111275 -0.05690108 -0.18010163
v 0.04936077 0.08601195 -0.18067887
v 0.04909222 0.07214718 -0.18861300
v 0.06744691 0.07637960 -0.18784571
v 0.06727592 0.08997968 -0.17972478
v 0.10262223 0.11407781 -0.16464639
v 0.10261687 0.12624821 -0.15514386
v 0.08361115 0.12034202 -0.16188470
v 0.08418669 0.10893187 -0.17009947
v 0.11923920 0.10427211 -0.16609232
v 0.11825065 0.09069976 -0.17544654
v 0.14846405 -0.04680856 -0.14130978
v 0.14136252 -0.06394689 -0.14656138
v 0.16165292 -0.01762864 -0.12064366
v 0.16328201 -0.01203116 -0.13069442
v 0.15902895 -0.02068743 -0.13367262
v 0.15715051 -0.02647149 -0.12261552
v 0.09737782 0.14763774 -0.06492972
v 0.10035581 0.16028129 -0.07972567
v 0.10850603 0.15629441 -0.07937226
v 0.07670056 0.15574847 -0.12522846
v 0.07760956 0.15145916 -0.13117957
v 0.08846142 0.15444690 -0.12399895
v 0.08545431 0.15776038 -0.11860758
v 0.06368664 0.00674569 -0.21940367
v 0.04461357 0.00941108 -0.22228888
v 0.04098553 -0.01812725 -0.22569530
v 0.05999604 -0.02293131 -0.22307564
v 0.17699683 0.01524211 -0.13229623
v 0.16840455 0.00922550 -0.13850504
v 0.16850832 0.00170139 -0.13448766
v 0.17643866 0.00839921 -0.12949115
v 0.15908909 -0.01311899 -0.14213306
v 0.16297883 -0.00504477 -0.13827920
v 0.16236690 0.00310647 -0.14367177
v 0.15776229 -0.00414125 -0.14894617
v 0.13975891 -0.03961672 -0.17119589
v 0.14168149 -0.05272994 -0.15940794
v 0.14911512 -0.03654956 -0.15213364
v 0.14802715 -0.02523271 -0.16263437
v 0.02331906 -0.10798477 -0.21512887
v 0.03857968 -0.11327219 -0.21466367
v 0.04491302 -0.08502969 -0.22041877
v 0.02871830 -0.08102329 -0.22343512
v 0.19716188 0.02991349 -0.07892396
v 0.19502985 0.03348200 -0.06743394
v 0.20773229 0.03456801 -0.06645188
v 0.21266469 0.03089702 -0.07786642
v 0.23116794 0.07689268 -0.11698706
v 0.22150317 0.07236885 -0.11969578
v 0.22277817 0.06570700 -0.11996592
v 0.23233363 0.07107195 -0.11791700
v 0.23634112 0.02634765 -0.08529523
v 0.22985214 0.02949184 -0.07571612
v 0.24981299 0.02690569 -0.07300809
v 0.25581318 0.02394288 -0.08307762
v 0.13235986 0.15102732 -0.08036481
v 0.12505072 0.14110900 -0.05800779
v 0.12576252 0.15366668 -0.07903409
v 0.24306563 0.02708484 -0.10156648
v 0.24427831 0.03269132 -0.10774939
v 0.22761863 0.03169649 -0.10826927
v 0.22610265 0.02746502 -0.10226779
v 0.28087381 0.07636745 -0.03261217
v 0.30420548 0.07172579 -0.02941169
v 0.28129056 0.02169089 -0.08932476
v 0.28464639 0.02561974 -0.09780352
v 0.26359576 0.02641820 -0.09962483
v 0.26095325 0.02278993 -0.09220745
v 0.10907071 -0.09785117 -0.18714939
v 0.11676308 -0.10827617 -0.17204434
v 0.09169472 -0.22222511 -0.16228440
v 0.10303233 -0.22359933 -0.14789711
v 0.09864060 -0.20539902 -0.15095574
v 0.08743910 -0.20279208 -0.16486655
v 0.11489660 -0.24127854 -0.12927753
v 0.09464626 -0.24111079 -0.16029665
v 0.10630018 -0.24109225 -0.14594153
v 0.08441743 0.16640601 -0.07226433
v 0.07796728 0.17211570 -0.08470978
v 0.08588284 0.16757223 -0.09114422
v 0.09224758 0.16369678 -0.07684705
v 0.15650943 -0.35568962 -0.12402940
v 0.15649891 -0.38552454 -0.12523188
v 0.16085431 -0.38279209 -0.09812777
v 0.15941846 -0.35401130 -0.09686776
v 0.06112037 0.16603766 -0.11265656
v 0.07463346 0.16735204 -0.10306345
v 0.06700406 0.17304552 -0.09451264
v 0.05668255 0.17221266 -0.10312308
v 0.15608338 -0.32830799 -0.09825867
v 0.15389791 -0.32744265 -0.12423351
v 0.09005624 0.15157099 -0.06320126
v 0.08197735 0.15566786 -0.05944285
v 0.08403441 0.13779654 -0.05387299
v 0.07599808 0.14484055 -0.05012672
v 0.06634670 0.13658440 -0.04175022
v 0.15883452 -0.38391647 -0.07153915
v 0.15563259 -0.35716075 -0.07236074
v 0.07331408 0.17552838 -0.07307234
v 0.06498235 0.17877962 -0.08205052
v 0.05352959 0.17999735 -0.09027424
v 0.04103636 0.18258038 -0.09578018
v 0.12248769 -0.25734469 -0.12818056
v 0.12685966 -0.25746936 -0.10755681
v 0.10595506 -0.50024521 -0.18092142
v 0.07882271 -0.50249553 -0.19001041
v 0.07602275 -0.51527131 -0.17747970
v 0.10790422 -0.51449639 -0.16845235
v 0.01207535 -0.48356968 -0.19558707
v 0.00777006 -0.49427235 -0.17831023
v 0.04164212 -0.50781137 -0.18046722
v 0.04693170 -0.49637806 -0.19490778
v 0.05323714 -0.36775973 -0.22502521
v 0.05383305 -0.34511182 -0.21712843
v 0.02570406 -0.34326431 -0.22047071
v 0.02430622 -0.36651477 -0.22611833
v 0.10141513 -0.25842133 -0.16156054
v 0.11357648 -0.25785094 -0.14636417
v 0.12575069 -0.25807372 -0.08662386
v 0.16554692 -0.52310169 -0.08237211
v 0.15762240 -0.55834711 -0.08107358
v 0.15095130 -0.55682641 -0.04580258
v 0.15724453 -0.52048588 -0.04544596
v 0.12751681 -0.56026238 -0.13822171
v 0.13455370 -0.53227538 -0.14420050
v 0.10381310 -0.53426147 -0.15984684
v 0.09735529 -0.55813479 -0.15280932
v 0.05449837 -0.25471961 -0.02373090
v 0.07473193 -0.27025032 -0.02651832
v 0.05662807 -0.27281556 -0.01860268
v 0.00581815 -0.25914291 -0.00854166
v 0.02324537 -0.25752062 -0.01156953
v 0.02215876 -0.27597663 -0.00569060
v 0.00435709 -0.27725044 -0.00182699
v 0.00686083 -0.38389876 -0.00788297
v -0.00645407 -0.38195971 -0.00748725
v -0.00403963 -0.36152124 -0.00276144
v 0.01181914 -0.36244202 -0.00440189
v 0.14521256 -0.36010101 -0.04924567
v 0.12854594 -0.36280826 -0.03132881
v 0.12430307 -0.34147763 -0.03524108
v 0.14032525 -0.33778557 -0.05275401
v 0.00407886 -0.50095630 -0.15778092
v 0.03511981 -0.51610249 -0.16234523
v 0.13313526 -0.55315483 -0.01428874
v 0.13686758 -0.51636392 -0.01422958
v 0.10555467 -0.55132937 0.00789581
v 0.07375220 -0.54716802 0.01613916
v 0.07823131 -0.51475513 0.01406465
v 0.11012364 -0.51553947 0.00635274
v 0.00871574 -0.45249304 -0.03105932
v -0.00569811 -0.46959579 -0.05048694
v -0.00787231 -0.46031898 -0.04920797
v 0.00325696 -0.43978903 -0.02941178
v 0.01527009 -0.46981865 -0.20941874
v 0.04750967 -0.48078650 -0.20716423
v 0.04783272 -0.46230072 -0.21795595
v 0.01718436 -0.45362189 -0.21889697
v 0.08103459 -0.24079527 -0.17117384
v 0.08669464 -0.25936264 -0.17333074
v 0.06604107 -0.24003161 -0.17849459
v 0.07793490 -0.22065987 -0.17335045
v 0.06335209 -0.21842922 -0.18008441
v 0.08707671 -0.07421893 -0.21057075
v 0.09929802 -0.08700107 -0.20000204
v 0.11212536 -0.06546429 -0.19899523
v 0.10110874 -0.04942537 -0.20916808
v 0.08534259 0.08223574 -0.18668307
v 0.08487485 0.09598853 -0.17868724
v 0.06234136 -0.54763484 -0.15830463
v 0.02546179 -0.52608550 -0.14970323
v 0.03094606 -0.56541282 -0.14609657
v 0.06349832 -0.57682210 -0.15085529
v 0.14025345 -0.58967805 -0.11066370
v 0.14921644 -0.55905914 -0.11382765
v 0.12053833 -0.58867413 -0.13264215
v 0.14887244 -0.59068167 -0.07953753
v 0.14370620 -0.58968180 -0.04469825
v 0.10043710 -0.58438051 0.00926860
v 0.06899022 -0.57971257 0.01616190
v -0.00085237 -0.54010367 -0.03093998
v 0.01749555 -0.54217774 -0.00908177
v 0.01332422 -0.56905347 -0.01216488
v -0.00311068 -0.56521368 -0.03515647
v 0.04433609 -0.39333963 -0.01025921
v 0.07835010 -0.37948120 -0.01384000
v 0.08103369 -0.40183231 -0.00966980
v 0.05246120 -0.41614771 -0.00964753
v 0.01045027 -0.24088852 -0.01509750
v 0.02348281 -0.23865305 -0.01845033
v 0.03832576 -0.25589463 -0.01618101
v 0.03680884 -0.23740585 -0.02324688
v 0.05219879 -0.23668711 -0.03041849
v 0.02210765 -0.15467682 -0.03390726
v 0.03817256 -0.15683046 -0.03841655
v 0.03543352 -0.17646505 -0.03656481
v 0.02035874 -0.17499371 -0.03151818
v 0.02449452 -0.13421424 -0.03754333
v 0.04125291 -0.13682002 -0.04138453
v 0.02664394 -0.09746343 -0.04979511
v 0.04559403 -0.09279038 -0.04530439
v 0.04245342 -0.10234709 -0.05100489
v 0.02982072 0.02303415 -0.03062032
v 0.02675881 0.00783648 -0.02841018
v 0.14957541 -0.38545167 -0.04689601
v -0.00101829 -0.52500194 -0.12623207
v -0.01336769 -0.52957714 -0.10294764
v -0.01043881 -0.55787224 -0.10684887
v 0.00439469 -0.55896235 -0.12977923
v 0.15115649 -0.33298337 -0.07387517
v 0.11367964 -0.24499904 -0.07170904
v 0.11982346 -0.26038697 -0.06673174
v 0.11223073 -0.12007119 -0.09612133
v 0.11211766 -0.10204469 -0.09319642
v 0.06070521 -0.05436732 -0.01757857
v 0.06086165 -0.06289801 -0.01914974
v 0.15764320 -0.52643627 -0.11736418
v 0.08830321 -0.64592779 0.00803995
v 0.05803487 -0.64198971 0.01217897
v 0.06442650 -0.61099297 0.01423804
v 0.09419841 -0.61580247 0.00886311
v -0.01048863 -0.59191793 -0.06342173
v -0.00372620 -0.59367758 -0.04016007
v -0.00304761 -0.62450570 -0.04383396
v -0.00799522 -0.62341285 -0.06764403
v -0.00564064 -0.65501821 -0.07006811
v -0.00294149 -0.65669471 -0.04634921
v -0.00371916 -0.68740892 -0.05070388
v -0.00454503 -0.68572938 -0.07318902
v 0.12628397 -0.58806425 -0.01363941
v 0.12656644 -0.65040106 -0.04115228
v 0.11263708 -0.64938223 -0.01231456
v 0.11903172 -0.61938560 -0.01322451
v 0.13415381 -0.62032962 -0.04320435
v 0.09448609 -0.58530647 -0.14560334
v -0.01211579 -0.56285822 -0.05862516
v -0.01187502 -0.53869545 -0.05352312
v 0.00129021 -0.62600541 -0.10991929
v 0.01640122 -0.62943488 -0.12874337
v 0.01039848 -0.59563667 -0.12977731
v -0.00517085 -0.59206718 -0.10878406
v 0.11286532 -0.64419490 -0.12250336
v 0.12751618 -0.64678657 -0.10082911
v 0.13337353 -0.61844045 -0.10506518
v 0.11657882 -0.61652291 -0.12686220
v 0.13173392 -0.64895135 -0.07237649
v 0.13935462 -0.61973244 -0.07534142
v 0.11314074 -0.70834458 -0.03631558
v 0.09795678 -0.70748204 -0.01057218
v 0.10576568 -0.67906761 -0.01125462
v 0.11982744 -0.68015957 -0.03875326
v 0.12051105 -0.70640367 -0.06662096
v 0.12605670 -0.67790830 -0.06960918
v 0.12291685 -0.67480642 -0.09659465
v 0.11806447 -0.70275909 -0.09225635
v 0.10553209 -0.69877928 -0.11265089
v 0.10953492 -0.67149693 -0.11792788
v 0.08987340 -0.66893220 -0.13241439
v 0.08806735 -0.69566816 -0.12700279
v 0.06687457 -0.66581011 -0.13860001
v 0.04282480 -0.66226113 -0.13693228
v 0.04559968 -0.68995517 -0.13219181
v 0.06777406 -0.69278836 -0.13299093
v 0.00969256 -0.68649399 -0.11127310
v 0.02539566 -0.68804497 -0.12519816
v 0.02128456 -0.65968043 -0.12757435
v 0.00604614 -0.65743446 -0.11038116
v 0.01970984 -0.79796195 -0.11632913
v 0.03761254 -0.79769492 -0.11838672
v 0.03419509 -0.76930666 -0.12090558
v 0.01623781 -0.76924431 -0.11642589
v 0.05422140 -0.79748070 -0.12034757
v 0.07168452 -0.79854399 -0.12001043
v 0.06878532 -0.77096933 -0.12041090
v 0.05187679 -0.77012062 -0.12037973
v 0.09613822 -0.77586991 -0.09832968
v 0.08472555 -0.77285129 -0.11354834
v 0.08717654 -0.79994690 -0.11192606
v 0.09735779 -0.80248672 -0.09629981
v 0.10747506 -0.80604231 -0.07682678
v 0.10837328 -0.78032643 -0.07981266
v 0.10516270 -0.80884790 -0.05551518
v 0.10885774 -0.78406417 -0.05727486
v 0.09345334 -0.78553391 -0.03466263
v 0.08927722 -0.80935401 -0.03455530
v -0.00526083 -0.80299795 -0.07185708
v -0.00451816 -0.80007142 -0.09128620
v -0.00696854 -0.77092493 -0.08794858
v -0.00537766 -0.77439815 -0.06888480
v 0.01427339 -0.78013456 -0.02669443
v 0.02948348 -0.78071976 -0.00430764
v 0.02784415 -0.80704045 -0.01245107
v 0.01598029 -0.80762339 -0.03643428
v 0.11514700 -0.73292708 -0.06338994
v 0.10618172 -0.73541117 -0.03408135
v 0.10115420 -0.72493070 -0.10711057
v 0.11331265 -0.72923785 -0.08784555
v 0.01239217 -0.71416843 -0.11288163
v 0.02895714 -0.71513391 -0.12365857
v -0.00492528 -0.71699679 -0.05654940
v -0.00521963 -0.71470898 -0.07783480
v 0.06443530 -0.73053569 0.00144996
v 0.08921247 -0.73395884 -0.01135574
v 0.08125958 -0.75955141 -0.01121248
v 0.05845923 -0.75680602 0.00115886
v 0.11066177 -0.75888032 -0.06077774
v 0.10981130 -0.75484502 -0.08364260
v 0.09783193 -0.75023711 -0.10213195
v 0.08475182 -0.74722683 -0.11649965
v 0.06837645 -0.74490291 -0.12282156
v 0.05011554 -0.74318039 -0.12308021
v 0.03159119 -0.74187630 -0.12230648
v 0.01444813 -0.74136573 -0.11488259
v -0.00574152 -0.74288470 -0.08321624
v -0.00453459 -0.74605250 -0.06347086
v 0.05416152 -0.78279293 0.00170995
v 0.07675670 -0.78460670 -0.01204062
v 0.07588368 -0.80850375 -0.01463759
v 0.05122804 -0.80687374 -0.00450614
v 0.05010880 -0.83064610 -0.01227348
v 0.02861993 -0.83085912 -0.01988037
v 0.05796216 -0.82617456 -0.11984731
v 0.07356013 -0.82606900 -0.11845614
v 0.08830688 -0.82755631 -0.11033142
v 0.10795952 -0.83155763 -0.07625359
v 0.10115474 -0.83436304 -0.05198404
v 0.08740564 -0.83510321 -0.03130022
v 0.07266855 -0.83109975 -0.01649559
v 0.00721482 -0.85601348 -0.08963396
v 0.00162200 -0.82712537 -0.09030838
v -0.00053727 -0.82834035 -0.07309417
v 0.00529802 -0.85716718 -0.07281093
v 0.02678646 -0.85633844 -0.11342104
v 0.04235711 -0.85568303 -0.12222578
v 0.04138230 -0.82634491 -0.11450620
v 0.02638089 -0.82756919 -0.11137183
v 0.05989812 -0.85532153 -0.12559217
v 0.07787269 -0.85533947 -0.12150109
v 0.09382343 -0.85542119 -0.11267668
v 0.10114177 -0.82876265 -0.09638359
v 0.10604600 -0.85648876 -0.09691973
v 0.10749424 -0.85874319 -0.07415085
v 0.09889227 -0.86100191 -0.04536813
v 0.07956631 -0.89263910 -0.02510591
v 0.07763322 -0.86245650 -0.02750352
v 0.10010267 -0.89035660 -0.04168974
v 0.05146663 -0.98956567 -0.02442862
v 0.07480156 -0.98793441 -0.02457593
v 0.07051256 -1.02221322 -0.02542375
v 0.04943869 -1.02418268 -0.02471174
v 0.00787108 -0.88685626 -0.07260346
v 0.00806921 -0.88779974 -0.09187661
v 0.02502753 -0.88804644 -0.11858356
v 0.04234732 -0.88709420 -0.12783776
v 0.11133339 -0.91914994 -0.07041512
v 0.10917204 -0.88795197 -0.07050374
v 0.10832027 -0.88601387 -0.09601490
v 0.10947399 -0.91771120 -0.09601896
v 0.00174058 -0.98479682 -0.06979395
v 0.00128513 -0.98603982 -0.08894339
v 0.00185939 -0.95269364 -0.09167369
v 0.00257171 -0.95133311 -0.07129206
v 0.02218438 -0.92080379 -0.12036975
v 0.02033945 -0.95402819 -0.12014088
v 0.03773313 -0.95349818 -0.12976867
v 0.04006526 -0.92011636 -0.13009764
v 0.10551055 -0.98683494 -0.06707090
v 0.11029698 -0.95201296 -0.06948654
v 0.10898609 -0.95162719 -0.09433840
v 0.10475515 -0.98728281 -0.09096725
v 0.10157130 -0.92084724 -0.04208820
v 0.09987355 -0.95269692 -0.04255079
v 0.07862850 -0.95486039 -0.02456668
v 0.07924506 -0.92269897 -0.02412270
v 0.05344852 -0.95545477 -0.02414955
v 0.05306822 -0.92339820 -0.02454369
v -0.01904369 -0.45326814 -0.04481016
v -0.01894126 -0.46702743 -0.06088190
v -0.01878343 -0.47319335 -0.07257472
v 0.00877990 -1.05789769 -0.07850483
v 0.00469073 -1.02125883 -0.08413370
v 0.00465745 -1.02136648 -0.06600498
v 0.00899075 -1.05909467 -0.06196262
v 0.03740818 -0.98836309 -0.12565315
v 0.02046500 -0.98772341 -0.11724496
v 0.02222289 -1.02322209 -0.10957272
v 0.03809658 -1.02398992 -0.11725572
v 0.09114046 -1.06127071 -0.06021743
v 0.09893356 -1.02334619 -0.06395879
v 0.09775323 -1.02463222 -0.08615586
v 0.08900937 -1.06212902 -0.08119725
v 0.06647921 -1.05958283 -0.02603929
v 0.09025839 -1.02176130 -0.03995618
v 0.08416284 -1.06001496 -0.03928751
v 0.06021123 -1.09639359 -0.02399024
v 0.04304295 -1.09781563 -0.02337588
v 0.04676842 -1.06101310 -0.02496068
v 0.01281679 -1.09444344 -0.05734706
v 0.01100969 -1.09379911 -0.07219797
v 0.03514687 -1.09390652 -0.09971462
v 0.03779549 -1.05929804 -0.10762739
v 0.02338103 -1.05926573 -0.10058047
v 0.02230728 -1.09433842 -0.09250621
v 0.06989456 -1.06303215 -0.10474971
v 0.05420098 -1.06089664 -0.10917869
v 0.05067347 -1.09498227 -0.10085504
v 0.06502941 -1.09710944 -0.09618649
v 0.07946680 -1.09586549 -0.07523087
v 0.08175839 -1.06290102 -0.09548788
v 0.07375136 -1.09698474 -0.08758965
v 0.08312313 -1.09494746 -0.05579074
v 0.07749024 -1.09535456 -0.03594838
v -0.01049137 -0.49507856 -0.11311732
v -0.01510384 -0.50076675 -0.08858530
v -0.01336893 -0.51133025 -0.09565793
v -0.00309571 -0.50341356 -0.11924712
v 0.01167938 -0.59799117 -0.01533447
v 0.00937155 -0.62993342 -0.01891552
v 0.00459169 -0.69114798 -0.02778481
v 0.00764264 -0.66188419 -0.02211891
v 0.00326899 -0.72077131 -0.03427006
v 0.00324647 -0.74995410 -0.04121302
v 0.00295206 -0.77881539 -0.04946877
v 0.00316183 -0.80595428 -0.05527245
v 0.00683816 -0.83205444 -0.05624469
v 0.01106172 -0.85968506 -0.05367358
v 0.01439860 -0.91806883 -0.05262114
v 0.00570179 -0.91873729 -0.07230894
v 0.01453616 -0.88814598 -0.05299659
v 0.01132070 -0.98521608 -0.04914732
v 0.01234068 -0.95069194 -0.05117075
v 0.01326393 -1.02299738 -0.04733536
v 0.01625648 -1.06097853 -0.04550765
v 0.01974882 -1.09605598 -0.04246190
v 0.05246458 -0.48732090 0.00523128
v 0.02628067 -0.49355865 -0.00843002
v 0.02996532 -0.47243112 -0.01023860
v 0.05556613 -0.46146262 0.00026242
v -0.01061936 -0.47694343 -0.06418763
v -0.01367786 -0.48021418 -0.07569396
v -0.01451838 -0.47553891 -0.07348497
v -0.01141051 -0.47042298 -0.06292902
v 0.09947878 -0.76064003 -0.03366320
v 0.08588719 -0.72178388 -0.12127201
v 0.06791925 -0.71891147 -0.12701742
v 0.04834883 -0.71658760 -0.12739469
v -0.01833168 -0.47521502 -0.08479239
v 0.01708964 -0.72391140 -0.01316845
v 0.03826842 -0.72690868 0.00055313
v 0.03322408 -0.75426579 -0.00136822
v 0.01356506 -0.75273436 -0.01753107
v 0.05139754 -0.89619595 -0.02546446
v 0.03129399 -0.92108279 -0.03563406
v 0.02996514 -0.89202315 -0.03528427
v 0.05089138 -0.87089229 -0.02517633
v 0.08174304 -0.88553649 -0.12524204
v 0.09804156 -0.88526928 -0.11468914
v 0.08266386 -0.91759360 -0.12871943
v 0.06279267 -0.88564348 -0.12957868
v 0.06159873 -0.91858751 -0.13307630
v 0.02583997 -0.66793609 -0.00139585
v 0.05089405 -0.67171746 0.00907362
v 0.04415036 -0.69988358 0.00463435
v 0.02087313 -0.69595319 -0.00681788
v 0.09515260 -0.18746978 -0.15522051
v 0.08487841 -0.18324535 -0.16881497
v 0.10896037 -0.08339922 -0.06002726
v 0.10922904 -0.09123389 -0.07483418
v 0.09755412 -0.09633318 -0.06669846
v 0.09914363 -0.08904178 -0.05468942
v 0.11675512 -0.07529570 -0.06381093
v 0.11783633 -0.08317430 -0.07887596
v 0.12292746 -0.06467228 -0.06664501
v 0.03316256 0.14587401 -0.13938215
v 0.03326754 0.15529267 -0.13135120
v 0.12493385 -0.07238927 -0.08108532
v 0.15050381 -0.00735441 -0.07931876
v 0.16072664 0.00198222 -0.07850538
v 0.02599341 -0.11502524 -0.04289551
v 0.00848573 -0.11295381 -0.04206477
v 0.00927097 -0.09663552 -0.04857615
v 0.03936804 -0.27423018 -0.00948806
v 0.02253045 -0.38736689 -0.00965625
v 0.02983876 -0.36300310 -0.00723085
v 0.05159827 -0.36204523 -0.01072671
v -0.01194464 -0.44095325 -0.03280696
v 0.06101107 -0.09112309 -0.21569058
v 0.05413989 -0.11956234 -0.21085592
v 0.06700836 0.10294510 -0.17114604
v 0.04921380 0.09886222 -0.17237201
v 0.06527967 0.12412730 -0.15637141
v 0.06401704 0.13334435 -0.14947835
v 0.04796376 0.12948886 -0.15143415
v -0.01090487 -0.15313934 -0.03430530
v -0.01140578 -0.17292990 -0.03069569
v 0.04858649 0.12028854 -0.15794086
v 0.04728134 0.16526358 -0.11827356
v -0.00870993 -0.09557548 -0.04985994
v -0.00959182 -0.11290494 -0.04421408
v 0.04479006 0.17436610 -0.10707988
v -0.01401835 -0.48603809 -0.07722569
v -0.01555663 -0.48504180 -0.09591730
v -0.01563517 -0.48106050 -0.08948830
v 0.00265781 -0.51798511 -0.02769989
v -0.00996275 -0.51889014 -0.04886363
v -0.00757815 -0.50282133 -0.04693705
v 0.00601007 -0.49924058 -0.02596132
v 0.16058624 -0.48306072 -0.04470423
v 0.16995895 -0.48539191 -0.08063839
v 0.06959907 -0.52793342 -0.16564792
v 0.33014908 0.02320849 -0.09090653
v 0.33330387 0.03273130 -0.09719150
v 0.31014055 0.03305769 -0.10126774
v 0.30705407 0.02396310 -0.09481689
v 0.08450886 0.00563771 -0.21546888
v 0.08542056 -0.02688388 -0.21687774
v 0.08897157 0.13208593 -0.05557941
v 0.13999394 0.13880855 -0.05109149
v 0.13288414 0.12214747 -0.03532340
v 0.12579668 0.12298267 -0.04030311
v 0.13227826 0.14057988 -0.05499136
v -0.01783742 -0.47568750 -0.09607339
v 0.15282616 0.11935721 -0.12516850
v 0.15193829 0.13171940 -0.11056466
v 0.14471659 0.13305207 -0.11945547
v 0.14514381 0.12040567 -0.13366956
v 0.02215937 -0.39042917 -0.23005021
v 0.05131496 -0.39231306 -0.22922255
v 0.02933991 -0.18892160 -0.19317219
v 0.04556635 -0.19310325 -0.19016623
v 0.04609271 -0.17082262 -0.19641663
v -0.01628715 -0.48276615 -0.13403606
v -0.01583723 -0.48128045 -0.14227660
v 0.03033772 -0.16635248 -0.19902010
v 0.10808598 -0.01101494 -0.20778455
v 0.11599626 -0.03071799 -0.20202076
v 0.02064512 -0.03270188 -0.02588892
v 0.03467759 -0.03256924 -0.02208158
v 0.03434776 -0.04635726 -0.02141535
v 0.02019043 -0.04735976 -0.02643730
v 0.27912453 0.06370244 -0.10956326
v 0.26000810 0.05606369 -0.11421874
v 0.26409596 0.04276575 -0.11152035
v 0.28573865 0.04506787 -0.10914145
v 0.16181424 -0.48715234 -0.12235031
v 0.13786858 -0.50645512 -0.15262944
v 0.11287541 -0.15336831 -0.15072255
v 0.10471762 -0.14885007 -0.16944966
v 0.09838968 -0.16887993 -0.16259970
v 0.10731141 -0.17278039 -0.14502461
v 0.12766954 -0.09767590 -0.15327391
v 0.12195469 -0.11556123 -0.15446852
v 0.13491833 -0.08137488 -0.15090892
v 0.18742102 0.01627514 -0.11775842
v 0.19483176 0.02285964 -0.11424550
v 0.18873659 0.02207800 -0.12105621
v 0.02166240 -0.51665425 -0.00814609
v 0.02908254 -0.43413362 -0.01609062
v 0.02218199 -0.41920760 -0.01558729
v -0.01545248 -0.47700322 -0.08564021
v 0.06909431 0.15226094 -0.04276688
v 0.06104223 0.14500493 -0.03459455
v 0.22312248 0.02654527 -0.09492660
v 0.24090543 0.02527202 -0.09384835
v 0.17120326 -0.00298103 -0.10500461
v 0.17473760 -0.00130055 -0.11605154
v 0.16738111 -0.00975641 -0.11859599
v 0.16385514 -0.01186739 -0.10643417
v 0.17628580 0.00282611 -0.12410998
v 0.16882569 -0.00489292 -0.12796317
v 0.11030501 0.03456137 -0.02848502
v 0.11401733 0.05487867 -0.02930486
v 0.12280438 0.05239060 -0.03041537
v 0.11930747 0.03257966 -0.03093861
v 0.09984781 0.03388886 -0.02728368
v 0.08779701 0.03294770 -0.02650052
v 0.09181841 0.05398469 -0.02885483
v 0.10388935 0.05506705 -0.02875496
v 0.06593412 0.10203710 -0.03650056
v 0.08272287 0.11178523 -0.04348327
v 0.04792333 0.09531565 -0.03362618
v 0.03241944 0.09122570 -0.03169565
v 0.04795174 0.15621421 -0.12788799
v 0.04884204 0.14695758 -0.13612640
v 0.06387448 0.14983237 -0.13396958
v 0.06574447 0.15834314 -0.12346607
v 0.05383932 0.13151909 -0.03463042
v 0.04164195 0.12519956 -0.03150930
v 0.03089624 0.11225434 -0.03339899
v 0.28343236 0.08888468 -0.04115741
v 0.30613065 0.08297130 -0.03709076
v 0.07644495 0.16936214 -0.06264165
v 0.07410095 0.16077366 -0.05261226
v 0.28670299 0.09651099 -0.05308484
v 0.30942500 0.09061070 -0.04887080
v 0.11830545 0.12239468 -0.04356195
v 0.12141328 0.09999940 -0.03270982
v 0.11377672 0.09905671 -0.03469987
v 0.05034319 0.13965681 -0.02769585
v 0.03976082 0.13272001 -0.02517821
v 0.16809204 -0.44709465 -0.07601660
v 0.15942234 -0.44552284 -0.04458126
v 0.10559338 -0.19550470 -0.08517615
v 0.11086308 -0.19417220 -0.10256007
v 0.00583593 -0.15354292 -0.03271924
v 0.00518234 -0.17433827 -0.02959928
v 0.01692914 0.13575290 -0.01777361
v 0.02105621 -0.21825667 -0.02480412
v 0.00468131 -0.22096126 -0.02298340
v 0.00482709 -0.19655491 -0.02690437
v 0.02013607 -0.19610649 -0.02864982
v -0.00229091 -0.25273284 -0.00853971
v -0.00092913 -0.24268304 -0.01339896
v -0.00878284 -0.39914271 -0.01197608
v 0.00136389 -0.40129113 -0.01163952
v 0.20555031 0.07364244 -0.03632349
v 0.20388836 0.09383605 -0.03354079
v 0.22004083 0.09036548 -0.03569497
v 0.22109360 0.07155635 -0.03685738
v 0.03539743 -0.21716692 -0.02944441
v 0.05062765 -0.21749251 -0.03710528
v 0.14242166 -0.01758176 -0.08161372
v 0.13632351 -0.01365465 -0.06797408
v 0.00934309 -0.08271879 -0.04478052
v 0.04820600 -0.04438662 -0.01838513
v 0.04907840 -0.03176072 -0.01973535
v 0.06292357 -0.03087912 -0.01935889
v 0.06164250 -0.04239478 -0.01786104
v -0.01564981 -0.47807425 -0.09299159
v 0.21466562 0.09891318 -0.11220804
v 0.22458783 0.10117422 -0.10786286
v 0.22066504 0.10931811 -0.10274909
v 0.21084657 0.10822366 -0.10699646
v -0.01591830 -0.51741064 -0.07113327
v -0.01597766 -0.53555638 -0.07703204
v 0.00207420 -0.50130141 -0.13728793
v -0.01002216 -0.49017608 -0.12941542
v 0.03785047 -0.57444310 0.00770847
v 0.04314898 -0.54401469 0.00938094
v 0.03404181 -0.60561937 0.00472440
v 0.03006899 -0.63731319 0.00236295
v 0.01914842 -0.83367825 -0.03970309
v 0.02759716 -0.86168605 -0.03443469
v 0.03144694 -0.95342952 -0.03582565
v -0.01526739 -0.48531485 -0.15595423
v 0.03051493 -0.98796827 -0.03530696
v 0.03046098 -1.02435732 -0.03456403
v 0.02991002 -1.06243598 -0.03356229
v 0.02987914 -1.09761775 -0.03055222
v 0.31394807 0.09179066 -0.06286632
v 0.29051235 0.09840703 -0.06803417
v 0.29684931 0.09297736 -0.08206193
v 0.32047638 0.08731045 -0.07553594
v 0.27646494 0.02115015 -0.08012697
v 0.27110884 0.02403088 -0.06942324
v 0.29267558 0.01947879 -0.06567319
v 0.29758051 0.01783080 -0.07668033
v 0.32005033 0.01403474 -0.07335614
v 0.32530481 0.01651791 -0.08302249
v 0.30241883 0.01916667 -0.08657318
v 0.33361307 0.04539805 -0.10019343
v 0.33203748 0.05846553 -0.09894066
v 0.30776450 0.06112739 -0.10444516
v 0.31039187 0.04515465 -0.10519664
v 0.32548052 0.07934870 -0.08632119
v 0.30256617 0.08305569 -0.09299991
v 0.30571800 0.07239383 -0.10032691
v 0.32949209 0.06939727 -0.09436199
v 0.30790848 0.02800624 -0.04022415
v 0.31122977 0.01935861 -0.05058776
v 0.28833786 0.02498142 -0.05440405
v 0.28490084 0.03345880 -0.04400653
v 0.20489761 0.11447765 -0.03807005
v 0.22089881 0.10856007 -0.03957975
v 0.16970131 0.02277976 -0.06511618
v 0.16618308 0.03119643 -0.05082326
v 0.17990196 0.03893988 -0.05432056
v 0.17792532 0.02878502 -0.06888460
v 0.25803351 0.08102465 -0.03506179
v 0.23768416 0.08605166 -0.03577484
v 0.23942530 0.10116407 -0.04200676
v 0.26105899 0.09404469 -0.04217155
v 0.26255724 0.03769330 -0.04812208
v -0.01655706 -0.48041248 -0.12543091
v 0.26655591 0.02962104 -0.05833140
v 0.24440968 0.03247951 -0.06201564
v 0.24093306 0.04071469 -0.05176874
v 0.28688860 0.03344589 -0.10422666
v 0.26482725 0.03313529 -0.10638793
v 0.20704919 0.05672162 -0.04351223
v 0.22244647 0.05491155 -0.04334672
v 0.13219950 -0.02490159 -0.06921054
v 0.15244448 -0.02998139 -0.10951979
v 0.15740746 -0.02034986 -0.10777439
v 0.10113502 -0.07760647 -0.04463761
v 0.10317203 -0.06674719 -0.03876807
v 0.12937653 -0.07605599 -0.09810480
v 0.13587496 -0.06083710 -0.09868912
v 0.10803986 -0.07367140 -0.04878068
v 0.10725249 -0.06715505 -0.04284209
v 0.05787382 -0.12089482 -0.05041747
v 0.03144080 0.10245347 -0.03399608
v 0.23775062 0.06812074 -0.03565711
v 0.23866197 0.05239174 -0.04211898
v 0.22795171 0.04726426 -0.11623576
v 0.22782883 0.03904460 -0.11276545
v 0.24447542 0.04123054 -0.11281367
v -0.01470454 -0.47904700 -0.17194846
v -0.01384589 -0.46883678 -0.18775681
v 0.24311617 0.05165149 -0.11613441
v 0.13854390 0.01352166 -0.18396229
v 0.12545043 0.00173342 -0.19650653
v 0.13070169 -0.01442465 -0.19095069
v 0.14175779 -0.00021321 -0.17901255
v 0.21728250 0.12120864 -0.09129241
v 0.21944225 0.12412773 -0.08100186
v 0.20560640 0.12911810 -0.08268294
v 0.20583427 0.12406209 -0.09364139
v 0.22113222 0.12501948 -0.06788386
v 0.22238186 0.12073725 -0.05304368
v 0.20594582 0.12793465 -0.05233945
v 0.20551586 0.13187112 -0.06808968
v 0.15716228 -0.41548634 -0.12943998
v 0.16375530 -0.41364142 -0.10167645
v 0.10845994 -0.26417053 -0.04989269
v 0.09258830 -0.26746297 -0.03678423
v 0.07820210 -0.35517877 -0.01573564
v 0.00946586 -0.46773535 -0.02831481
v -0.00621105 -0.48001450 -0.04765710
v -0.01441462 -0.56045657 -0.08263275
v 0.16386482 -0.41248792 -0.07356158
v -0.01051553 -0.59135765 -0.08595850
v -0.00608959 -0.62384182 -0.08882299
v 0.03989531 -0.63340449 -0.13997206
v 0.06594850 -0.63783902 -0.14293952
v 0.06491552 -0.60839117 -0.14671779
v 0.03602092 -0.60161340 -0.14322436
v 0.09124481 -0.64151198 -0.13682288
v 0.09281275 -0.61364692 -0.14081483
v 0.07278656 -0.70319134 0.00387999
v 0.05936996 -0.95303428 -0.13285846
v 0.07806443 -0.98890322 -0.12325650
v 0.08107372 -0.95195842 -0.12831113
v 0.05779234 -0.98893434 -0.12802793
v 0.09823830 -0.95137501 -0.11487147
v 0.09907569 -0.91691887 -0.11631509
v 0.09564400 -0.98610502 -0.04114491
v 0.05675470 -1.02497494 -0.11939046
v 0.07456093 -1.02609301 -0.11446334
v 0.08889770 -1.02532125 -0.10291645
v 0.09489970 -0.98771256 -0.11012423
v -0.01474383 -0.50398362 -0.06620292
v 0.13874245 -0.48059392 -0.01529527
v 0.13813430 -0.44746849 -0.01681253
v 0.08346041 -0.42630488 -0.00235246
v 0.05562789 -0.43785125 -0.00486986
v 0.06573612 -0.19908847 -0.04991111
v 0.08169189 -0.19869259 -0.05803366
v 0.08303067 -0.16079913 -0.06489964
v 0.09646877 -0.16001904 -0.07717383
v 0.09500673 -0.17893845 -0.07418634
v 0.08154867 -0.18026659 -0.06190433
v 0.11548883 -0.15806942 -0.11013079
v 0.11702631 -0.15644051 -0.13046829
v 0.11274063 -0.17519644 -0.12585850
v 0.11204372 -0.17636295 -0.10668027
v 0.11092710 -0.19273473 -0.12086703
v 0.10489196 -0.19118719 -0.13877960
v 0.06358368 -0.15249057 -0.19732063
v 0.07662854 -0.15818717 -0.18830614
v 0.08179931 -0.13547003 -0.19605856
v 0.06840072 -0.12789078 -0.20441611
v 0.01184241 -0.40766287 -0.01335625
v -0.01172703 -0.48491013 -0.06302918
v 0.04838386 -0.51493216 0.00850780
v 0.08212223 -0.48303628 0.01085974
v 0.11202470 -0.48163909 0.00379072
v 0.21832845 0.02809747 -0.08694363
v 0.16202220 0.02232518 -0.14906502
v 0.16262007 0.03344721 -0.14956032
v 0.23941475 0.11602472 -0.06894352
v 0.24099657 0.11209427 -0.05424549
v 0.22251219 0.04187340 -0.05305481
v 0.18997043 0.09710753 -0.03000192
v 0.19134638 0.07475133 -0.03426324
v 0.17724851 0.07593174 -0.03017816
v 0.10581373 -0.36982968 -0.02080190
v 0.13351050 -0.38758954 -0.02654001
v 0.10917994 -0.39343843 -0.01489510
v -0.01359349 -0.48567104 -0.12021189
v 0.03146854 -0.45230234 -0.01313543
v -0.00323179 -0.65559077 -0.09080558
v -0.00097702 -0.68542290 -0.09365486
v 0.00058151 -0.71371680 -0.09714429
v 0.00102225 -0.74160397 -0.10045911
v 0.00144759 -0.76947510 -0.10445340
v 0.00469455 -0.79757279 -0.10672008
v 0.01162007 -0.82675159 -0.10359815
v 0.01536971 -0.85624069 -0.10342477
v 0.00500865 -0.91977727 -0.09232061
v 0.01097767 -0.92037040 -0.10775445
v 0.01392987 -0.88767642 -0.10647230
v 0.00837157 -0.95378190 -0.10715602
v 0.00844336 -0.98726052 -0.10416991
v 0.01116343 -1.02218926 -0.09802441
v 0.01503227 -1.09342325 -0.08365862
v 0.01429001 -1.05804777 -0.09078328
v -0.01565070 -0.47923303 -0.10211740
v -0.01509639 -0.48238128 -0.11082049
v 0.10453864 0.09770016 -0.03841873
v 0.15827045 -0.01038006 -0.09282933
v 0.16605863 -0.00194000 -0.09247853
v 0.20680737 0.04231503 -0.05375801
v 0.28106651 0.08563842 -0.09875993
v 0.27494395 0.09786993 -0.08840793
v 0.22391018 0.03387163 -0.06477547
v 0.17785466 0.02243365 -0.08143345
v 0.17149618 0.01530393 -0.07849032
v 0.49448550 0.07126827 -0.01671921
v 0.49449432 0.07777165 -0.02641849
v 0.51375949 0.07525344 -0.02274279
v 0.51343817 0.06852186 -0.01406838
v 0.49474305 0.06072809 -0.01112925
v 0.51349670 0.05832000 -0.00974305
v 0.50274014 0.01788575 -0.04278122
v 0.49947298 0.02125580 -0.03160140
v 0.51898086 0.02392248 -0.03165896
v 0.52220935 0.02136055 -0.04256277
v 0.53230751 0.04606788 -0.00926757
v 0.53329426 0.03768193 -0.01470718
v 0.51445991 0.03753056 -0.01475644
v 0.51375610 0.04749081 -0.00983571
v 0.50601506 0.02671433 -0.06542888
v 0.50484884 0.03676342 -0.07126580
v 0.48641402 0.03190868 -0.07338831
v 0.48755142 0.02155158 -0.06646687
v 0.42215958 0.01015105 -0.03603633
v 0.42643455 0.00511173 -0.04694925
v 0.41012198 0.00399571 -0.04340795
v 0.40579915 0.01057689 -0.03291424
v 0.45588875 0.07672272 -0.02142708
v 0.45505738 0.08166914 -0.03354912
v 0.47481689 0.07982665 -0.03005618
v 0.47520804 0.07378454 -0.01919453
v 0.45600709 0.03941556 -0.01549561
v 0.45690075 0.02722307 -0.02210106
v 0.43631107 0.02859936 -0.02340089
v 0.43542060 0.04128508 -0.01768754
v 0.43596137 0.07976116 -0.02536322
v 0.43572113 0.08221857 -0.03760296
v 0.49535573 0.03790305 -0.01439725
v 0.49678361 0.02829985 -0.02191414
v 0.47703499 0.02731985 -0.02159742
v 0.47604623 0.03830210 -0.01447780
v 0.54250878 0.03501701 -0.06016861
v 0.54125047 0.04440238 -0.06373730
v 0.52314907 0.04092151 -0.06784034
v 0.52446848 0.03119022 -0.06326634
v 0.53519160 0.03140364 -0.02235466
v 0.53796637 0.02657387 -0.03130443
v 0.51612836 0.02983411 -0.02249096
v 0.53482336 0.07619680 -0.04105368
v 0.53354537 0.07591645 -0.02966015
v 0.51404238 0.07770947 -0.03428274
v 0.51521558 0.07712406 -0.04652797
v 0.46235901 0.01238568 -0.04106733
v 0.45903435 0.01796784 -0.03065684
v 0.47955358 0.01901052 -0.03099839
v 0.48278323 0.01490514 -0.04210414
v 0.45562425 0.06603140 -0.01382662
v 0.47543135 0.06307850 -0.01253046
v 0.49624342 0.07745625 -0.05175655
v 0.49438608 0.07956041 -0.03883055
v 0.47493577 0.08029589 -0.04305370
v 0.47630164 0.07663553 -0.05673003
v 0.46003640 0.06517722 -0.07223316
v 0.46271640 0.05215964 -0.07729767
v 0.48120311 0.05678914 -0.07380818
v 0.47875017 0.06855470 -0.06774814
v 0.44152892 0.01111576 -0.03917079
v 0.44579217 0.00814645 -0.05095841
v 0.46829888 0.01664614 -0.06627744
v 0.46763524 0.02658287 -0.07444845
v 0.44889641 0.02074975 -0.07419121
v 0.44891319 0.01143830 -0.06413420
v 0.39925948 0.06033475 -0.01946719
v 0.40033284 0.07373724 -0.02386089
v 0.41577262 0.07248542 -0.01910372
v 0.41540983 0.05838297 -0.01577766
v 0.41627216 0.08147573 -0.02936624
v 0.39929104 0.08202496 -0.03453769
v 0.37834552 0.07930222 -0.05578113
v 0.38106027 0.07234713 -0.06586465
v 0.39060509 0.07144867 -0.06228374
v 0.38893822 0.07952045 -0.05206165
v 0.42558783 0.05506875 -0.08159597
v 0.42696989 0.03954281 -0.08356023
v 0.44452932 0.04626367 -0.08051844
v 0.44231141 0.06079876 -0.07720387
v 0.41451806 0.01845265 -0.08139205
v 0.41663399 0.00816023 -0.07176164
v 0.43147570 0.01416608 -0.07334299
v 0.42923623 0.02561519 -0.08090226
v 0.36475664 0.01356895 -0.07689536
v 0.36112231 0.00808649 -0.06759210
v 0.37568414 0.00481382 -0.06568743
v 0.37947914 0.01143748 -0.07503921
v 0.35157132 0.01151196 -0.04417293
v 0.34873921 0.01976025 -0.03367378
v 0.36267075 0.01683047 -0.03140549
v 0.36576635 0.00835272 -0.04136498
v 0.34920767 0.07266396 -0.02856140
v 0.35105458 0.08111544 -0.04056211
v 0.36201403 0.08010426 -0.03582095
v 0.36059740 0.06927506 -0.02516808
v 0.41188723 0.04990461 -0.08415519
v 0.41041255 0.03255581 -0.08643985
v 0.38001466 0.00626174 -0.04004993
v 0.37610364 0.01434528 -0.03015767
v 0.39034739 0.01176841 -0.03041781
v 0.39469185 0.00439364 -0.04083118
v 0.03234422 0.09779568 -0.17540649
v 0.03252034 0.10883106 -0.16812661
v 0.37137315 0.03950801 -0.02145712
v 0.37151593 0.05189683 -0.02038942
v 0.38467193 0.04928507 -0.01983036
v 0.38624716 0.03548384 -0.02157782
v 0.37170050 0.06658748 -0.02203408
v 0.37288335 0.07786116 -0.02983122
v 0.38525283 0.07555779 -0.02581032
v 0.38470149 0.06310405 -0.01951690
v 0.39363980 0.05430282 -0.07893309
v 0.39708301 0.04425571 -0.08518654
v -0.01339528 -0.26333657 -0.00366960
v -0.01291244 -0.25361359 -0.00695601
v 0.40346330 0.04734407 -0.08440222
v 0.40008974 0.05722304 -0.07727264
v 0.40305400 0.01391772 -0.07831223
v 0.40353933 0.00419524 -0.06881018
v -0.00592741 -0.29296309 -0.20743787
v -0.00607170 -0.27296826 -0.19888335
v 0.40004575 0.03305862 -0.02350731
v 0.40328622 0.01997444 -0.02616207
v 0.38776985 0.02264725 -0.02354805
v 0.38649520 0.08194457 -0.03824106
v 0.36789060 0.02098596 -0.08420192
v 0.36997107 0.02984780 -0.08996697
v 0.35452986 0.03148715 -0.09298660
v 0.35234743 0.02232014 -0.08709571
v 0.34886003 0.01526663 -0.07949783
v 0.34436902 0.01125454 -0.07003292
v 0.33389154 0.01550190 -0.04684551
v 0.33066249 0.02349939 -0.03649306
v 0.32852504 0.03591327 -0.02831738
v 0.32698184 0.05147352 -0.02418782
v 0.34620512 0.04856610 -0.02301352
v 0.34682450 0.03269722 -0.02619819
v 0.33199447 0.08508281 -0.04487146
v 0.32832277 0.07815351 -0.03287961
v 0.33706802 0.08558662 -0.05802183
v 0.35427409 0.08261231 -0.05252582
v 0.38499048 0.00166591 -0.05282107
v -0.01667827 -0.33850169 0.00150751
v -0.01740172 -0.36098921 -0.00267144
v 0.37063009 0.00381561 -0.05346622
v 0.49769384 0.07077225 -0.06279035
v 0.49990243 0.06035454 -0.06949855
v 0.51874548 0.06272219 -0.06449866
v 0.51674348 0.07187820 -0.05722426
v 0.53927231 0.05465379 -0.06298594
v 0.52095038 0.05188437 -0.06782623
v 0.49487257 0.04915543 -0.01030333
v 0.47561467 0.05066933 -0.01095371
v 0.53163445 0.05621115 -0.00829193
v 0.39886358 0.04601659 -0.01999693
v 0.41482013 0.04342268 -0.01985104
v 0.38345578 0.06306671 -0.07390277
v 0.37193123 0.07286687 -0.06944199
v 0.37524170 0.06383418 -0.07777157
v 0.42241210 0.06728806 -0.07021716
v 0.41912732 0.07551768 -0.05568801
v 0.40324798 0.06975630 -0.06097601
v 0.40888923 0.06183276 -0.07435888
v 0.39034262 0.04186833 -0.08612071
v 0.38701662 0.05325530 -0.08133285
v 0.37886530 0.05331730 -0.08437009
v 0.38144454 0.04132408 -0.08835262
v 0.35987458 0.05556408 -0.02147438
v 0.34709406 0.06085152 -0.02337544
v 0.36147359 0.07366944 -0.07358393
v 0.35822049 0.07930706 -0.06359406
v 0.34319994 0.08184837 -0.06929109
v 0.34686938 0.07557137 -0.07949853
v 0.36873665 0.07883696 -0.05944823
v 0.36487624 0.06511978 -0.08183359
v 0.35027671 0.06728541 -0.08770162
v 0.32683092 0.06611077 -0.02587970
v 0.36972436 0.04208902 -0.09131806
v 0.36786929 0.05455060 -0.08820172
v 0.35285071 0.05647427 -0.09299259
v 0.35445976 0.04369452 -0.09523486
v 0.50238913 0.04845682 -0.07205616
v 0.48379308 0.04424156 -0.07534637
v 0.41496897 0.00211362 -0.05795962
v 0.43067122 0.00565690 -0.06132293
v 0.40017489 0.00076280 -0.05454379
v 0.50536788 0.01991246 -0.05507752
v 0.52419716 0.02404958 -0.05417974
v 0.46615764 0.01150244 -0.05364104
v 0.48601964 0.01560088 -0.05510379
v 0.45763472 0.07492382 -0.06129858
v 0.39278027 0.02057543 -0.08205825
v 0.39234060 0.01138181 -0.07522556
v 0.40126276 0.02372157 -0.08461599
v 0.33818161 0.01098415 -0.05825728
v 0.35629928 0.00697630 -0.05571149
v 0.40387595 0.03754706 -0.08781990
v 0.31549582 0.01529498 -0.06183743
v 0.40040532 0.08046053 -0.04820232
v 0.37507138 0.08209395 -0.04284386
v 0.36513630 0.08194156 -0.04788511
v 0.53251898 0.07302774 -0.01905034
v 0.45586485 0.05248817 -0.01204126
v 0.41604197 0.03004760 -0.02402847
v 0.41862962 0.01863643 -0.02853583
v 0.39215374 0.03015275 -0.08694872
v 0.38258660 0.02919473 -0.08747061
v 0.38158715 0.02007429 -0.08173762
v 0.35937488 0.04441217 -0.02221981
v 0.36090457 0.02881276 -0.02449976
v 0.54242998 0.02787145 -0.05232042
v 0.37400866 0.02564027 -0.02329306
v 0.41819918 0.08180535 -0.04322927
v 0.04871675 0.10960534 -0.16552970
v 0.12194794 -0.08906284 -0.09661901
v 0.08381566 -0.10632779 -0.06729633
v 0.09707807 -0.10516404 -0.07755235
v 0.14531147 -0.03048177 -0.09603344
v 0.15083686 -0.01908845 -0.09418382
v 0.17502579 0.01027022 -0.09142010
v 0.18202910 0.01831418 -0.09189777
v 0.13079113 -0.05894117 -0.08280681
v -0.00224877 -0.23196743 -0.01972154
v 0.03725228 -0.25858030 -0.18959749
v 0.01660748 -0.25635171 -0.19163518
v 0.01893542 -0.27639699 -0.19848549
v 0.04178719 -0.27876812 -0.19590203
v 0.02186299 -0.29766616 -0.20628248
v 0.14567587 -0.33179453 -0.14984751
v 0.14041355 -0.30867612 -0.14992961
v 0.12721071 -0.31312990 -0.17091696
v 0.13193882 -0.33775541 -0.17250118
v 0.14132616 -0.28839877 -0.12690315
v 0.13212994 -0.28968343 -0.14946358
v 0.14840499 -0.30605811 -0.12556437
v 0.15055969 -0.30701315 -0.10044558
v 0.14415869 -0.28891054 -0.10265674
v 0.14600247 -0.31106636 -0.07712130
v 0.14070287 -0.29160765 -0.07959282
v 0.13569942 -0.31645355 -0.05637518
v 0.12028191 -0.32135034 -0.03895549
v 0.10313150 -0.34723777 -0.02380167
v 0.07840014 -0.33183146 -0.01706310
v 0.10034806 -0.32641113 -0.02614020
v 0.03478951 -0.33839744 -0.00387365
v 0.05590853 -0.33615032 -0.00959902
v -0.00144513 -0.33905718 0.00159778
v 0.01593364 -0.33918983 -0.00021969
v 0.09692634 0.07578309 -0.03238684
v 0.11390870 0.15593907 -0.09959137
v 0.11724614 0.15379067 -0.07918368
v 0.10381632 0.15991223 -0.09765160
v 0.13385898 0.11986385 -0.14610985
v 0.13472733 0.13286127 -0.13140488
v 0.12053529 0.12937671 -0.14483124
v 0.11992968 0.11695276 -0.15648413
v 0.09746467 0.15748419 -0.11272007
v 0.09254505 0.15938890 -0.11057264
v 0.10457426 0.15344732 -0.11767412
v 0.07898446 0.14562781 -0.13903631
v 0.09351709 0.14950065 -0.13140824
v 0.14634174 0.14481698 -0.07326241
v 0.15024954 0.14178228 -0.09586649
v 0.15715694 0.13980691 -0.08910605
v 0.15508321 0.14340138 -0.06770299
v 0.15323395 0.10637437 -0.13574617
v 0.15315199 0.09302534 -0.14377686
v 0.16061491 0.09368733 -0.13661496
v 0.16008043 0.10677861 -0.12907657
v 0.17443520 0.14047514 -0.05478361
v 0.17567113 0.14038853 -0.07518651
v 0.18316540 0.13950297 -0.07179271
v 0.18256846 0.13746227 -0.05344467
v 0.15903917 0.11973709 -0.11793321
v 0.10485327 0.01312707 -0.20767148
v 0.13543120 0.02833207 -0.18643644
v 0.12119607 0.02079405 -0.19751245
v 0.16277686 0.04486638 -0.14940760
v 0.15561581 0.04182904 -0.15917218
v 0.15561083 0.02924206 -0.15936989
v 0.18005726 0.04960965 -0.13677229
v 0.17076907 0.04742933 -0.14235251
v 0.17873791 0.05473582 -0.03959204
v 0.16438234 0.05149852 -0.03492628
v 0.16472331 0.07812469 -0.02762647
v 0.19072321 0.04138444 -0.12532634
v 0.19894719 0.04706208 -0.12107059
v 0.19835114 0.05254647 -0.12210183
v 0.18996578 0.04745695 -0.12731038
v 0.13868991 0.14739355 -0.07750843
v 0.17661288 0.13321352 -0.09175438
v 0.17631006 0.12481253 -0.10259226
v 0.18459177 0.12612176 -0.09993060
v 0.18461806 0.13394202 -0.08725525
v 0.17972466 0.11359665 -0.11348346
v 0.18260670 0.10176507 -0.11977860
v 0.19160348 0.10466199 -0.11507431
v 0.18833303 0.11560470 -0.10903664
v 0.19791707 0.06004542 -0.12352552
v 0.18834689 0.05489445 -0.12918979
v 0.19179544 0.11955853 -0.03704840
v 0.15612316 0.13664041 -0.03942950
v 0.14800313 0.11685023 -0.02568667
v 0.14003357 0.12031956 -0.02949439
v 0.14872250 0.13734001 -0.04722784
v 0.20570585 0.02457218 -0.09718193
v 0.20052436 0.02585050 -0.08916318
v 0.20987159 0.02476898 -0.10433745
v 0.19033325 0.02907145 -0.12235287
v 0.21261546 0.02838635 -0.10987125
v 0.19299525 0.04222038 -0.05473743
v 0.19282651 0.05639688 -0.04351673
v 0.14250347 0.09006606 -0.02544039
v 0.13479033 0.09559639 -0.02700783
v 0.19286108 0.13319322 -0.05235682
v 0.19303998 0.13660060 -0.06987193
v 0.21354985 0.05397167 -0.11907703
v 0.22481832 0.06023232 -0.11916964
v 0.21222892 0.05912489 -0.12023782
v 0.17842069 0.02211377 -0.13345222
v 0.19081318 0.03582646 -0.12363432
v 0.16254577 0.14427635 -0.06106341
v 0.19336659 0.13272081 -0.08431138
v 0.19470528 0.12523939 -0.09735964
v 0.17292163 0.11059712 -0.11799933
v 0.17033347 0.12201005 -0.10777749
v 0.16466841 0.12024879 -0.11215161
v 0.16681129 0.10863668 -0.12204636
v 0.20052981 0.10749015 -0.11274210
v 0.20408276 0.09529129 -0.11784863
v 0.17496857 0.09852079 -0.12471823
v 0.16792530 0.09595856 -0.13007639
v 0.21107131 0.06623704 -0.12100676
v 0.12819383 0.09906872 -0.02976450
v 0.12566388 0.07525378 -0.02964310
v 0.11786052 0.07682853 -0.03000914
v 0.14054546 0.06288578 -0.03010768
v 0.13248780 0.07051403 -0.03025368
v 0.15163794 0.05416134 -0.03181210
v 0.10873704 0.07630414 -0.03089198
v 0.39979544 0.03344338 -0.08767284
v 0.23540702 0.06637236 -0.11791487
v 0.22694713 0.05483475 -0.11850832
v 0.23949471 0.06029008 -0.11755593
v 0.28242177 0.07537471 -0.10438965
v 0.39105651 0.06295894 -0.07075094
v 0.39763895 0.06282452 -0.06943235
v 0.43931514 0.07175034 -0.06581746
v 0.45542061 0.08050603 -0.04714863
v 0.43688455 0.07894357 -0.05095765
v 0.43573126 0.06921071 -0.01593015
v 0.43513897 0.05532724 -0.01361738
v 0.43839461 0.01835809 -0.03022008
v 0.44671747 0.03277648 -0.07957271
v 0.56794745 0.06133454 -0.00392412
v 0.56904751 0.06920695 -0.01006706
v 0.58738738 0.06722886 -0.00555231
v 0.58633369 0.05889022 -0.00062422
v 0.60419768 0.04763401 0.00171691
v 0.58639735 0.05007900 -0.00099446
v 0.60427141 0.05649015 0.00374167
v 0.60462224 0.04139875 -0.00384209
v 0.58704889 0.04340724 -0.00553755
v 0.60569263 0.03779463 -0.01127702
v 0.60720968 0.03490816 -0.01898013
v 0.59022558 0.03498803 -0.01996379
v 0.58831084 0.03837376 -0.01232441
v 0.59243798 0.03394566 -0.02811135
v 0.59421510 0.03522082 -0.03637202
v 0.57667559 0.03164113 -0.03866519
v 0.57439595 0.03177463 -0.02939557
v 0.61177796 0.04810321 -0.04460944
v 0.61130160 0.05579470 -0.04479511
v 0.59458721 0.05378421 -0.04949959
v 0.59526873 0.04550324 -0.04895563
v 0.57480824 0.06796528 -0.04749121
v 0.57579815 0.05978941 -0.05244139
v 0.59401900 0.06237729 -0.04692513
v 0.59288347 0.07020310 -0.04239008
v 0.60985583 0.07269932 -0.03857423
v 0.60856950 0.07567621 -0.03002793
v 0.59202963 0.07379290 -0.03457849
v 0.53181738 0.06594011 -0.01135150
v 0.54987055 0.06370336 -0.00773080
v 0.54976863 0.05403632 -0.00573437
v 0.55162853 0.03791590 -0.01436065
v 0.55031365 0.04501251 -0.00861344
v 0.56871706 0.04401419 -0.00712578
v 0.57008570 0.03799889 -0.01337616
v 0.54063135 0.02496170 -0.04177992
v 0.55615187 0.02935596 -0.03057292
v 0.55878669 0.02829923 -0.04042330
v 0.57203156 0.03403858 -0.02085741
v 0.55362076 0.03288355 -0.02193461
v 0.57797062 0.03501919 -0.04730214
v 0.59521621 0.03896934 -0.04407661
v 0.57088530 0.07312429 -0.01944689
v 0.57252061 0.07447074 -0.02969834
v 0.59077007 0.07396725 -0.02456002
v 0.58914638 0.07203575 -0.01439571
v 0.56036991 0.03146850 -0.04978268
v 0.55400163 0.07531136 -0.03517190
v 0.55240506 0.07459005 -0.02451618
v 0.57392389 0.07299209 -0.03963892
v 0.55553472 0.07246916 -0.04535075
v 0.60647029 0.07144403 -0.00955172
v 0.60561287 0.06581333 -0.00080121
v 0.55079502 0.07113163 -0.01460247
v 0.57809681 0.04195043 -0.05321915
v 0.57702363 0.05082224 -0.05472651
v 0.55935830 0.04767019 -0.05926955
v 0.56046259 0.03847642 -0.05673929
v 0.53731847 0.06456020 -0.05894320
v 0.55739874 0.05714539 -0.05758436
v 0.55619603 0.06602325 -0.05314058
v 0.61087543 0.06457325 -0.04298964
v 0.53657800 0.07204495 -0.05143636
v 0.68022394 0.02606829 -0.00143501
v 0.68815649 0.02876011 0.00152232
v 0.68395704 0.03310625 -0.00440423
v 0.67482281 0.03206600 -0.00532967
v 0.65735960 0.00897757 -0.00287020
v 0.66794652 0.00384651 0.00176129
v 0.67461026 0.00685671 -0.00326692
v 0.66546291 0.01350128 -0.00796144
v 0.68508381 0.02073180 0.00203533
v 0.69130355 0.02573199 0.00668643
v 0.69762444 0.03017567 0.01124914
v 0.68987882 0.02457165 0.00977528
v 0.69624412 0.03377414 0.01611064
v 0.69018579 0.04205684 0.01874746
v 0.70204526 0.04649562 0.01877205
v 0.70315260 0.03801785 0.01862507
v 0.68619287 0.06064901 0.00089881
v 0.68494987 0.06408425 -0.00879972
v 0.69969290 0.06401970 -0.00771336
v 0.70039868 0.05933085 0.00168809
v 0.69441044 0.06423141 -0.02607690
v 0.69788450 0.06349929 -0.01653954
v 0.68311256 0.06452104 -0.01690133
v 0.68064326 0.06473583 -0.02525191
v 0.67130941 0.03689331 -0.01150493
v 0.68066055 0.03680734 -0.01099527
v 0.67978930 0.03807933 -0.01632942
v 0.67028308 0.03815696 -0.01765926
v 0.68805248 0.02821326 0.01473854
v 0.69082266 0.01615234 0.01076655
v 0.68933856 0.01743605 0.01437508
v 0.68266112 0.02893444 0.01788904
v 0.63863051 0.03264572 -0.02696149
v 0.64900148 0.03236090 -0.02808504
v 0.65095073 0.03334067 -0.03442207
v 0.63955557 0.03390826 -0.03444625
v 0.63552076 0.02635673 -0.01091373
v 0.62888658 0.03111289 -0.00060715
v 0.63529187 0.02533418 0.00266029
v 0.64126366 0.02017279 -0.00900356
v 0.64342409 0.01836810 0.00474469
v 0.65279317 0.01212246 0.00658347
v 0.64884102 0.01428103 -0.00630990
v 0.66485149 0.00710616 0.00972188
v 0.64831740 0.03851854 -0.04525517
v 0.63957947 0.03996282 -0.04294451
v 0.73744738 0.02174919 0.00688368
v 0.73744369 0.02132170 0.01214014
v 0.74009728 0.01914262 0.01165257
v 0.74013597 0.01970111 0.00649834
v 0.63933259 0.06341345 -0.04124931
v 0.63946033 0.05560704 -0.04517789
v 0.64587402 0.05638310 -0.04587917
v 0.64581895 0.06362362 -0.04062544
v 0.65427601 0.05728211 -0.04707237
v 0.65428215 0.06418706 -0.04006103
v 0.74339569 0.02569672 0.01837914
v 0.74684286 0.02912964 0.01791675
v 0.75004900 0.02393817 0.01692121
v 0.74623775 0.02140736 0.01734053
v 0.69298315 0.03274689 -0.00242853
v 0.69627225 0.02940655 0.00442971
v 0.70367706 0.02986897 0.00802276
v 0.70977449 0.03088501 0.01079582
v 0.71177667 0.03060976 0.00531526
v 0.70339894 0.03189455 0.00042219
v 0.69143057 0.03706620 -0.01177905
v 0.70167738 0.03592718 -0.01028134
v 0.69838977 0.03836658 -0.01678263
v 0.68859357 0.03898914 -0.01828544
v 0.69567466 0.03995222 -0.03447874
v 0.68796939 0.03914943 -0.03520699
v 0.68725127 0.03954881 -0.02955139
v 0.69639277 0.03987492 -0.02810839
v 0.72061306 0.04153218 -0.02378048
v 0.71272790 0.04090510 -0.02492397
v 0.71351510 0.04020984 -0.02029692
v 0.72098792 0.04076777 -0.01937754
v 0.63280773 0.06445650 -0.04147997
v 0.63312954 0.05617187 -0.04461554
v 0.69561404 0.05686764 -0.05372773
v 0.69880980 0.06313622 -0.04635344
v 0.68875718 0.06243072 -0.04416047
v 0.68535590 0.05750069 -0.05100371
v 0.64668262 0.06830721 -0.03274144
v 0.63977808 0.06919353 -0.03387241
v 0.75023872 0.03211495 0.01469441
v 0.75282764 0.02689885 0.01343466
v 0.65130746 0.02236958 0.01505016
v 0.66500473 0.01344017 0.01693572
v 0.64098537 0.03081293 0.01180072
v 0.62777323 0.04063711 0.00648893
v 0.63432437 0.03663387 0.00849831
v 0.70813692 0.03320710 -0.00280455
v 0.68814951 0.03610639 -0.00877525
v 0.67886209 0.03853498 -0.02050743
v 0.67405969 0.03688182 -0.03987315
v 0.68051869 0.03798393 -0.04089214
v 0.67931628 0.03923939 -0.04762830
v 0.67227620 0.03890301 -0.04849890
v 0.69304109 0.04343671 -0.05231173
v 0.69344127 0.04943513 -0.05577202
v 0.68482161 0.04951276 -0.05447695
v 0.68607533 0.04304511 -0.05225225
v 0.68787354 0.01698483 0.01922165
v 0.67776018 0.02627379 0.02120130
v 0.63991761 0.04704993 -0.04629956
v 0.64696580 0.04735290 -0.04845816
v 0.63261729 0.04839563 -0.04417412
v 0.64838409 0.02874464 -0.01974890
v 0.65982616 0.03541327 -0.01889299
v 0.65944290 0.03563114 -0.02322350
v 0.64792138 0.03129015 -0.02389893
v 0.66706103 0.02731436 -0.00909619
v 0.65761161 0.01941725 -0.01200055
v 0.67352360 0.02082667 -0.00579517
v 0.63706416 0.03051232 -0.02021652
v 0.62887466 0.03325318 -0.01819760
v 0.63005918 0.03531294 -0.02588992
v 0.63112015 0.03748479 -0.03396098
v 0.63224822 0.04235998 -0.04086106
v 0.62014002 0.03446402 -0.01797916
v 0.62184048 0.03596198 -0.02550682
v 0.62318927 0.03899420 -0.03322197
v 0.62419927 0.04305531 -0.03951736
v 0.63210315 0.07108562 -0.03454265
v 0.62274259 0.07279232 -0.03619251
v 0.62390661 0.06511930 -0.04217835
v 0.62820381 0.03260093 -0.00974880
v 0.61922538 0.03603813 -0.01000129
v 0.61861640 0.03798132 -0.00135857
v 0.61824369 0.04532592 0.00451495
v 0.68895411 0.00571099 0.00315730
v 0.68493748 0.00902409 0.00046344
v 0.68015349 0.00358487 0.00110941
v 0.68540132 0.00074065 0.00518449
v 0.70965987 0.03365937 0.01597141
v 0.70341426 0.03283656 0.01438163
v 0.71079606 0.03921982 0.01928155
v 0.65975499 0.03458630 -0.03797929
v 0.65728837 0.03863967 -0.04736593
v 0.71440399 0.03230690 0.00129841
v 0.72546387 0.03425243 0.01871167
v 0.72877330 0.03943013 0.01887502
v 0.74091804 0.03351425 0.01841469
v 0.73756999 0.02921810 0.01868032
v 0.72496247 0.03031071 0.00305396
v 0.72878641 0.03469852 0.00113457
v 0.72274899 0.03602571 0.00017014
v 0.71942735 0.03224649 0.00278257
v 0.71754158 0.04084686 -0.03026181
v 0.71074057 0.04066867 -0.03119312
v 0.71288741 0.05523567 0.01359318
v 0.70034492 0.05576494 0.01283325
v 0.71443212 0.05502858 0.00204015
v 0.70500642 0.04024260 -0.02653378
v 0.69700366 0.03948300 -0.02271558
v 0.70571750 0.03955054 -0.02163444
v 0.71498680 0.03637891 -0.00616293
v 0.70878237 0.03567949 -0.00874250
v 0.71126181 0.03422590 -0.00412548
v 0.71611077 0.03471336 -0.00169015
v 0.67444956 0.05795301 -0.04936962
v 0.67428112 0.04802004 -0.05402739
v 0.73988551 0.02274846 0.01616381
v 0.74257660 0.01972323 0.01514624
v 0.62436920 0.05600537 -0.04368186
v 0.62477422 0.04857772 -0.04284559
v 0.68733382 0.03951009 -0.02379920
v 0.68718767 0.05466384 0.01138680
v 0.67805779 0.03871913 -0.02512465
v 0.71770859 0.04802986 -0.03785574
v 0.71929729 0.05317690 -0.03498253
v 0.71213645 0.05702281 -0.03486761
v 0.71174878 0.05046452 -0.03989731
v 0.73976374 0.02440246 0.00324096
v 0.74367380 0.02809878 0.00193514
v 0.73849732 0.03112224 0.00212424
v 0.73521173 0.02677815 0.00339736
v 0.72199893 0.02784996 0.01134990
v 0.72284865 0.02785841 0.00657804
v 0.71661991 0.03032847 0.00633724
v 0.71520901 0.03034401 0.01122646
v 0.71568257 0.03303415 0.01569705
v 0.72302228 0.03053606 0.01583610
v 0.73285693 0.04417037 0.00852023
v 0.73243207 0.04037904 0.00308208
v 0.74275392 0.03560125 0.00351609
v 0.74493253 0.03760036 0.00899090
v 0.66769207 0.06627414 -0.02466521
v 0.66618413 0.06563233 -0.03300720
v 0.67891014 0.06410078 -0.03415836
v 0.69191480 0.06301011 -0.03555362
v 0.70369190 0.06074387 -0.03672293
v 0.70696199 0.06407154 -0.02669528
v 0.67679340 0.06265066 -0.04151680
v 0.72289425 0.05051655 -0.00187439
v 0.72306424 0.04482304 -0.00202028
v 0.72356719 0.04849754 0.00567061
v 0.67753702 0.03869724 -0.03189217
v 0.73440123 0.02573898 0.01629220
v 0.63779348 0.05897061 0.00548710
v 0.63930160 0.06697747 -0.00350390
v 0.64865720 0.06592398 -0.00341193
v 0.64584780 0.05622226 0.00742923
v 0.73317796 0.02401500 0.00708698
v 0.73247606 0.02341913 0.01192327
v 0.71743548 0.04339697 -0.03895055
v 0.71228868 0.04246065 -0.04113713
v 0.71026194 0.04128625 -0.03712983
v 0.71685225 0.04132583 -0.03537115
v 0.66482359 0.06399246 -0.04011060
v 0.70558143 0.05990372 -0.04891168
v 0.70280743 0.05194194 -0.05598415
v 0.64727467 0.06945197 -0.02309477
v 0.65517563 0.06721544 -0.03238632
v 0.65623921 0.06799065 -0.02380179
v 0.71283686 0.05998357 -0.01621678
v 0.66979027 0.06610251 -0.01710610
v 0.65757483 0.06767268 -0.01655217
v 0.64743990 0.06907962 -0.01476559
v 0.63931650 0.07043365 -0.01397873
v 0.63954127 0.07101175 -0.02312082
v 0.75081682 0.03279673 0.00839496
v 0.74385971 0.03684317 0.01523750
v 0.63090348 0.07293897 -0.02376057
v 0.62089920 0.07519928 -0.02625488
v 0.63078529 0.07185718 -0.01428501
v 0.62061125 0.07345080 -0.01667188
v 0.65914845 0.06653707 -0.00845630
v 0.65990371 0.06290824 0.00017868
v 0.67134559 0.06520752 -0.00933735
v 0.67304426 0.06195937 -0.00025545
v 0.71339273 0.06302410 -0.00642124
v 0.74722648 0.02408480 0.00123139
v 0.75239134 0.01788216 -0.00037572
v 0.75583553 0.01872866 0.00168565
v 0.75119853 0.02561348 0.00295240
v 0.74777228 0.03089239 0.00343129
v 0.75341880 0.02716773 0.00738741
v 0.67401135 0.05451469 0.01064447
v 0.72111797 0.03767358 -0.00444782
v 0.65884990 0.05111784 0.01206721
v 0.67808533 0.04324694 0.01951937
v 0.66826421 0.03865085 0.02071737
v 0.64249289 0.04361551 0.01351826
v 0.65215975 0.03567664 0.01881345
v 0.62889016 0.05083870 0.00759633
v 0.63577002 0.04802670 0.00934918
v 0.61885053 0.05379140 0.00608961
v 0.66420901 0.02503237 0.02185862
v 0.74325234 0.01408111 0.00897050
v 0.74377692 0.01526653 0.00372726
v 0.61952078 0.06358898 0.00275901
v 0.63015538 0.06081688 0.00443275
v 0.68041217 0.01396126 -0.00281282
v 0.66903144 0.03797077 -0.02587211
v 0.66867882 0.03721063 -0.03126754
v 0.66753888 0.03589444 -0.03893794
v 0.66544604 0.03891640 -0.04855646
v 0.61991334 0.07058813 -0.00606799
v 0.60927159 0.03551854 -0.02673133
v 0.61073947 0.03834159 -0.03435956
v 0.60755825 0.07430973 -0.02014323
v 0.74590611 0.01423316 0.01306729
v 0.72503710 0.04514544 -0.01989363
v 0.72471207 0.04587924 -0.02157018
v 0.67555606 0.00148216 0.00600591
v 0.68234533 -0.00073899 0.00995076
v 0.67371100 0.00368831 0.01311077
v 0.67465425 0.00924904 0.01970814
v 0.68367970 0.00595047 0.02030967
v 0.68236846 0.00100467 0.01495446
v 0.65976566 0.03536572 -0.02689670
v 0.66031426 0.03517944 -0.03150575
v 0.66424757 0.04845285 -0.05277391
v 0.66385490 0.05809218 -0.04811588
v 0.71762210 0.03770133 0.01873572
v 0.71225160 0.04679648 0.01897688
v 0.71969396 0.04363563 0.01818703
v 0.73079473 0.04395217 0.01501159
v 0.72582901 0.04198471 0.00131649
v 0.72393417 0.04091377 -0.00207546
v 0.65190643 0.02472576 -0.01590712
v 0.66229427 0.03282593 -0.01359367
v 0.68747461 0.01599464 0.00405034
v 0.69054240 0.01226873 0.00537837
v 0.70656019 0.03786650 -0.01525225
v 0.72417259 0.05499317 -0.01385866
v 0.72311080 0.05692502 -0.00661442
v 0.71385598 0.03861519 -0.01340203
v 0.75403285 0.01631235 0.01452823
v 0.74970651 0.01466422 0.01485328
v 0.72153515 0.04933950 0.01411994
v 0.70350581 0.04054769 -0.03292133
v 0.72080880 0.05474161 -0.02028330
v 0.72573471 0.05053047 -0.01771787
v 0.69844061 0.04740759 -0.05559395
v 0.63080007 0.06842019 -0.00387914
v 0.74683994 0.01691537 -0.00022557
v 0.74268842 0.02176332 0.00203389
v 0.75729012 0.01946717 0.00557396
v 0.75650263 0.01899325 0.01064305
v 0.65508997 0.04823572 -0.05083531
v 0.66952056 0.03818934 -0.02192034
v 0.61155814 0.04224940 -0.04086018
v 0.68547529 0.01256180 0.02228980
v 0.67561883 0.01738859 0.02199064
v 0.71983230 0.03913285 -0.01216328
v 0.70893908 0.05588055 -0.04295093
v 0.72307682 0.05654445 -0.02863657
v 0.72591108 0.05365365 -0.02255830
v 0.71536261 0.06024794 -0.02762009
v 0.72716862 0.04878842 -0.02149515
v 0.76036298 0.01306837 0.00386211
v 0.75953919 0.01233606 0.00868261
v 0.75654387 0.00994520 0.01255403
v 0.75183260 0.00945525 0.01282404
v 0.74798590 0.00979625 0.01084058
v 0.75869024 0.01286988 0.00023532
v 0.75511897 0.01267206 -0.00170559
v 0.74925673 0.01286500 -0.00151411
v 0.75970078 0.00771676 -0.00160316
v 0.76201963 0.00632804 0.00176145
v 0.75988948 0.00063841 0.00750983
v 0.75998569 -0.00308860 0.00637409
v 0.75722510 -0.00271149 0.00828230
v 0.75805974 0.00292860 0.01005116
v 0.75753719 -0.00719435 0.00578813
v 0.76070112 -0.00726403 0.00451310
v 0.76164454 0.00271283 0.00572683
v 0.76257157 -0.00167270 0.00371540
v 0.76334560 -0.00463546 -0.00165457
v 0.76336122 -0.00625212 0.00164890
v 0.76246750 -0.00025452 0.00036058
v 0.76217759 0.00307094 0.00257689
v 0.76130188 0.00627970 0.00710645
v 0.76361775 -0.01003427 -0.00001535
v 0.76104558 -0.01117326 -0.00152534
v 0.75874311 -0.01053328 0.00273319
v 0.76134169 -0.01006539 0.00292163
v 0.75298333 0.00422745 0.01078691
v 0.75384927 -0.00184382 0.00799321
v 0.75455320 -0.00658096 0.00479746
v 0.75592041 -0.00976355 0.00145128
v 0.75246727 -0.00578923 0.00264679
v 0.75103658 -0.00122328 0.00580524
v 0.75403678 -0.00812132 -0.00027193
v 0.75167692 -0.00496311 -0.00015086
v 0.74952388 -0.00053133 0.00231147
v 0.74735487 0.00645565 0.00553519
v 0.74932933 0.00551032 0.00908148
v 0.75322431 -0.00677956 -0.00149664
v 0.75843322 -0.01010330 -0.00264230
v 0.76201832 0.00177287 -0.00190932
v 0.76222456 -0.00320030 -0.00397274
v 0.76018465 0.00244193 -0.00386652
v 0.76045275 -0.00246645 -0.00551438
v 0.76399314 -0.00786335 -0.00273868
v 0.76236916 -0.00790335 -0.00462142
v 0.74538386 0.01045911 0.00712779
v 0.74622428 0.01190423 0.00210249
v 0.74800247 0.00787758 0.00073086
v 0.75008678 0.00094872 -0.00212309
v 0.75134790 0.00865887 -0.00250186
v 0.75637734 0.00820177 -0.00313553
v 0.75734293 0.00235747 -0.00504264
v 0.75353169 0.00243245 -0.00486791
v 0.75490779 -0.00267423 -0.00573966
v 0.75770777 -0.00245662 -0.00620684
v 0.75255203 -0.00388492 -0.00338528
v 0.75740069 -0.00612850 -0.00588208
v 0.75996971 -0.00713922 -0.00562978
v 0.75557816 -0.00531216 -0.00544474
v 0.75437194 -0.00638027 -0.00360069
v 0.75605637 -0.00824500 -0.00341079
v 0.74545813 0.03157940 -0.01497950
v 0.74583054 0.03163912 -0.01042649
v 0.74914777 0.02640342 -0.01182662
v 0.74841022 0.02640956 -0.01669635
v 0.75153726 0.03624409 -0.00531682
v 0.75553232 0.04049217 -0.00601187
v 0.75900841 0.03364395 -0.00765480
v 0.75471258 0.02965944 -0.00718942
v 0.75752455 0.04423138 -0.01145478
v 0.76069689 0.03730094 -0.01288678
v 0.73182952 0.04273792 -0.00325494
v 0.73313135 0.04812377 -0.00321241
v 0.74815148 0.04478868 -0.00439481
v 0.74511075 0.03993010 -0.00398664
v 0.72916460 0.03968757 -0.01792891
v 0.73156619 0.04322066 -0.02028503
v 0.74799961 0.03327870 -0.00725298
v 0.75126469 0.02742522 -0.00894003
v 0.74609113 0.03299709 -0.01902102
v 0.74872541 0.03565394 -0.02175386
v 0.74319661 0.03998049 -0.02036095
v 0.74098325 0.03657251 -0.01814897
v 0.72849298 0.03663837 -0.00700985
v 0.72837222 0.03765341 -0.01266843
v 0.73014915 0.03906401 -0.00426459
v 0.73495430 0.05262002 -0.01419364
v 0.73416293 0.04869365 -0.01880403
v 0.74656600 0.04423200 -0.02020727
v 0.74930865 0.04793074 -0.01635307
v 0.74233574 0.03691762 -0.00586297
v 0.74017429 0.03473567 -0.01364917
v 0.74050623 0.03466808 -0.00889118
v 0.75602472 0.04224145 -0.01847075
v 0.74922490 0.04875141 -0.00942916
v 0.75220406 0.02982407 -0.02367148
v 0.75645065 0.02278661 -0.02583748
v 0.76018947 0.02455240 -0.02467792
v 0.75602221 0.03202652 -0.02302197
v 0.75233036 0.03853434 -0.02143179
v 0.75930160 0.03503703 -0.01977953
v 0.75269306 0.01866358 -0.01492596
v 0.75189888 0.01933639 -0.01986571
v 0.75511217 0.01903998 -0.01186524
v 0.73435080 0.05318952 -0.00717489
v 0.76280022 0.02369337 -0.01105255
v 0.75849378 0.02066641 -0.01060691
v 0.75281262 0.02072274 -0.02404726
v 0.74914241 0.02773999 -0.02096324
v 0.76314700 0.02625315 -0.02157333
v 0.76425815 0.02679419 -0.01557091
v 0.76559353 0.01908802 -0.02344711
v 0.76711941 0.01884007 -0.01838639
v 0.76554155 0.01629125 -0.01398249
v 0.76077670 0.01487302 -0.01290871
v 0.75714040 0.01458012 -0.01390944
v 0.76292533 0.01816826 -0.02621813
v 0.75928700 0.01745849 -0.02706797
v 0.75526083 0.01650136 -0.02537362
v 0.76314622 0.01156621 -0.02816173
v 0.76636004 0.01097738 -0.02608998
v 0.76620609 0.00209640 -0.02054092
v 0.76655805 -0.00285430 -0.02188137
v 0.76405334 -0.00278104 -0.02019008
v 0.76455170 0.00255917 -0.01804094
v 0.76667494 0.00590144 -0.01979293
v 0.76596379 0.00837367 -0.01699962
v 0.76725662 0.00723122 -0.02239433
v 0.76774263 0.00315200 -0.02391878
v 0.76675993 -0.00131000 -0.02885577
v 0.76829529 -0.00264264 -0.02566363
v 0.76611650 0.00373947 -0.02685878
v 0.76633596 0.00740390 -0.02516238
v 0.76435411 -0.00710220 -0.02326563
v 0.76682049 -0.00662364 -0.02332468
v 0.76803470 0.01144360 -0.02099459
v 0.76147956 0.00959669 -0.01495197
v 0.76131845 0.00302242 -0.01707797
v 0.76108998 -0.00261195 -0.02008234
v 0.76141107 -0.00651724 -0.02378498
v 0.75835693 -0.00211973 -0.02110721
v 0.75785702 0.00334721 -0.01804581
v 0.75923479 -0.00507159 -0.02450243
v 0.75657803 -0.00131650 -0.02350888
v 0.75510514 0.00396805 -0.02083692
v 0.75511491 0.01121013 -0.01833840
v 0.75768268 0.01039778 -0.01555258
v 0.75798035 -0.00362803 -0.02521563
v 0.76558024 -0.00869371 -0.02758570
v 0.76245350 -0.00760485 -0.02782282
v 0.76876563 -0.00772072 -0.02694048
v 0.76453876 0.00471448 -0.02820645
v 0.76465714 -0.00083853 -0.02987626
v 0.76285970 0.00523232 -0.02985309
v 0.76302546 -0.00053627 -0.03108360
v 0.76740164 -0.00534744 -0.02984802
v 0.76544356 -0.00563003 -0.03061146
v 0.75481313 0.01474928 -0.01681925
v 0.75393319 0.01554297 -0.02133712
v 0.75407219 0.01219844 -0.02274752
v 0.75448036 0.00505869 -0.02533905
v 0.75556517 0.01295619 -0.02674542
v 0.75942314 0.01228945 -0.02851404
v 0.76004082 0.00586222 -0.03012623
v 0.75661498 0.00593894 -0.02885903
v 0.75803059 0.00054817 -0.02981919
v 0.76082963 0.00013297 -0.03092413
v 0.75628114 -0.00030847 -0.02694757
v 0.76084340 -0.00387252 -0.03044306
v 0.76309168 -0.00514115 -0.03088926
v 0.75895154 -0.00253661 -0.02965906
v 0.75823104 -0.00350572 -0.02753286
v 0.76011217 -0.00575615 -0.02773879
v 0.73704767 0.03294509 -0.03497823
v 0.73936093 0.03370028 -0.03058238
v 0.74063486 0.02986579 -0.03130104
v 0.73783231 0.02914875 -0.03589238
v 0.74562448 0.03832834 -0.02785210
v 0.74770987 0.04166322 -0.02930097
v 0.74940163 0.03483819 -0.03146119
v 0.74742758 0.03259312 -0.02964118
v 0.74821711 0.04391491 -0.03486215
v 0.74977064 0.03595465 -0.03606331
v 0.73170173 0.04616835 -0.02341051
v 0.73261780 0.05071383 -0.02462278
v 0.74286020 0.04624575 -0.02711645
v 0.74129021 0.04211684 -0.02557954
v 0.74238992 0.03552186 -0.02832589
v 0.74430710 0.03087460 -0.02959557
v 0.73649120 0.03321385 -0.03926627
v 0.73779321 0.03480410 -0.04185264
v 0.73314112 0.03822466 -0.04068206
v 0.73237062 0.03643521 -0.03797406
v 0.72378522 0.03968727 -0.03142975
v 0.72603834 0.04045837 -0.02698977
v 0.72891200 0.04268711 -0.02447069
v 0.72841018 0.05077811 -0.03663363
v 0.72541195 0.04618441 -0.03910516
v 0.73602664 0.04208716 -0.04148276
v 0.73991799 0.04673483 -0.03892043
v 0.73827893 0.03868302 -0.02665746
v 0.73296088 0.03516798 -0.03346361
v 0.73515338 0.03639068 -0.02905412
v 0.74516577 0.04171168 -0.04054116
v 0.74198586 0.04861286 -0.03252342
v 0.73900235 0.03137993 -0.04340392
v 0.74280959 0.02317374 -0.04467838
v 0.74670458 0.02397185 -0.04468560
v 0.74321568 0.03322452 -0.04379500
v 0.74081564 0.03801256 -0.04290521
v 0.74720585 0.03541224 -0.04120532
v 0.74226499 0.02221905 -0.03297703
v 0.73998690 0.02220588 -0.03732467
v 0.74617904 0.02264654 -0.03150854
v 0.73138088 0.05312663 -0.03007999
v 0.72319549 0.04183268 -0.03934039
v 0.75230634 0.02448480 -0.03337701
v 0.74951994 0.02338885 -0.03160837
v 0.74003011 0.02267741 -0.04195233
v 0.73726600 0.02984910 -0.04040700
v 0.75067103 0.02535277 -0.04233220
v 0.75297630 0.02606242 -0.03756721
v 0.75260866 0.01788895 -0.04329215
v 0.75485432 0.01807021 -0.03864308
v 0.75417972 0.01670115 -0.03420681
v 0.75074005 0.01666360 -0.03254518
v 0.74728572 0.01702129 -0.03246234
v 0.74808669 0.01730513 -0.04497226
v 0.74463367 0.01744693 -0.04444660
v 0.74184060 0.01824825 -0.04197338
v 0.74786270 0.01268129 -0.04565553
v 0.75191182 0.01145523 -0.04345317
v 0.75247455 0.00390242 -0.03650706
v 0.75230747 -0.00084610 -0.03685482
v 0.75115007 -0.00065417 -0.03512701
v 0.75199926 0.00428497 -0.03461073
v 0.75358891 0.00750719 -0.03663351
v 0.75383949 0.00989430 -0.03507918
v 0.75387394 0.00848411 -0.03941078
v 0.75342155 0.00425171 -0.03995584
v 0.75054973 0.00086825 -0.04347794
v 0.75310975 -0.00053717 -0.04040249
v 0.75082821 0.00550549 -0.04296227
v 0.75229800 0.00877993 -0.04226454
v 0.75087690 -0.00454409 -0.03656949
v 0.75235200 -0.00405146 -0.03754832
v 0.75457299 0.01187472 -0.03910150
v 0.75086439 0.01104640 -0.03272460
v 0.74971914 0.00515394 -0.03313161
v 0.74879974 -0.00008137 -0.03403413
v 0.74798959 -0.00368650 -0.03607145
v 0.74599290 0.00106566 -0.03442749
v 0.74656558 0.00617151 -0.03332065
v 0.74556130 -0.00203593 -0.03638390
v 0.74376577 0.00207310 -0.03597201
v 0.74358797 0.00708895 -0.03484668
v 0.74419826 0.01326292 -0.03440215
v 0.74740416 0.01214140 -0.03277686
v 0.74421638 -0.00042738 -0.03712448
v 0.75043142 -0.00559230 -0.04059078
v 0.74718052 -0.00461973 -0.04037024
v 0.75280917 -0.00462229 -0.04078896
v 0.74926966 0.00660830 -0.04477249
v 0.74867755 0.00156258 -0.04485740
v 0.74664044 0.00733225 -0.04554810
v 0.74641913 0.00214248 -0.04532695
v 0.75104362 -0.00252904 -0.04348172
v 0.74934369 -0.00255651 -0.04406472
v 0.74394619 0.01774495 -0.03420095
v 0.74173576 0.01829057 -0.03784512
v 0.74209452 0.01433455 -0.03772542
v 0.74146098 0.00790052 -0.03829755
v 0.74188083 0.01455360 -0.04188411
v 0.74428093 0.01301472 -0.04452373
v 0.74361038 0.00763147 -0.04466797
v 0.74137670 0.00808339 -0.04226506
v 0.74217790 0.00321357 -0.04252307
v 0.74403417 0.00275086 -0.04450041
v 0.74206793 0.00268387 -0.03896153
v 0.74448580 -0.00081308 -0.04305112
v 0.74668431 -0.00202800 -0.04396637
v 0.74307692 0.00033556 -0.04197480
v 0.74339294 -0.00050617 -0.03945592
v 0.74481761 -0.00263913 -0.03982937
v 0.72303748 0.04047950 -0.03577696
v 0.72062266 0.03511452 -0.05581962
v 0.72297031 0.03550487 -0.05256218
v 0.72384280 0.03292327 -0.05363138
v 0.72124851 0.03297191 -0.05662994
v 0.72923923 0.04005604 -0.05140164
v 0.73088574 0.04246896 -0.05419755
v 0.73190987 0.03695392 -0.05624805
v 0.73049939 0.03508698 -0.05322687
v 0.72961271 0.04342162 -0.05937500
v 0.73038661 0.03805869 -0.06081624
v 0.71642053 0.04761817 -0.04428120
v 0.71589100 0.05178507 -0.04632418
v 0.72648323 0.04652172 -0.05124843
v 0.72525030 0.04349928 -0.04862958
v 0.70940346 0.03848334 -0.05481105
v 0.70896083 0.04121342 -0.05824226
v 0.70311105 0.04348042 -0.05586772
v 0.70180160 0.04160521 -0.05216964
v 0.72612894 0.03768384 -0.05088522
v 0.72728384 0.03368532 -0.05263558
v 0.71910203 0.03530889 -0.05921166
v 0.71893811 0.03611230 -0.06264503
v 0.71686476 0.03860926 -0.06143957
v 0.71673369 0.03688674 -0.05781554
v 0.71224964 0.03939269 -0.04690732
v 0.71125841 0.03787296 -0.05113471
v 0.70334435 0.03969228 -0.04790486
v 0.70721287 0.04053266 -0.04410027
v 0.71490103 0.04259857 -0.04551618
v 0.71115720 0.04995965 -0.05815472
v 0.70958626 0.04517870 -0.05948184
v 0.71860760 0.04202595 -0.06290266
v 0.72229087 0.04558309 -0.06135914
v 0.72342777 0.04008221 -0.04922588
v 0.71786910 0.03714021 -0.05399856
v 0.72099698 0.03744283 -0.05112271
v 0.72548878 0.04113948 -0.06335206
v 0.72518754 0.04825356 -0.05612065
v 0.71962082 0.03356754 -0.06396820
v 0.72113848 0.02799379 -0.06554180
v 0.72375810 0.02845966 -0.06734480
v 0.72244126 0.03500425 -0.06604396
v 0.72150171 0.03811019 -0.06448112
v 0.72654533 0.03650492 -0.06500603
v 0.72514659 0.02716153 -0.05498061
v 0.72211480 0.02762001 -0.05795984
v 0.72849089 0.02735232 -0.05437668
v 0.71384007 0.05402251 -0.05151066
v 0.73326385 0.02886813 -0.05825950
v 0.73154199 0.02776568 -0.05536605
v 0.72073591 0.02781283 -0.06173615
v 0.71975523 0.03299134 -0.06023048
v 0.72755885 0.02918713 -0.06666966
v 0.73153853 0.02987718 -0.06267448
v 0.72860551 0.02318757 -0.06758197
v 0.73310411 0.02386736 -0.06400436
v 0.73418409 0.02343576 -0.05933906
v 0.73242605 0.02347623 -0.05637810
v 0.72956324 0.02361505 -0.05525997
v 0.72438675 0.02298765 -0.06787474
v 0.72221899 0.02323472 -0.06570914
v 0.72208965 0.02389132 -0.06219633
v 0.72509187 0.01845120 -0.06770919
v 0.72940367 0.01793753 -0.06755458
v 0.73388857 0.01334875 -0.06063287
v 0.73424172 0.00978361 -0.06027921
v 0.73361480 0.00973915 -0.05857174
v 0.73381448 0.01388018 -0.05863309
v 0.73398781 0.01660221 -0.06154433
v 0.73407340 0.01867919 -0.06008907
v 0.73306918 0.01718532 -0.06429453
v 0.73354948 0.01325374 -0.06391934
v 0.73094320 0.00895404 -0.06631273
v 0.73410481 0.00925087 -0.06382132
v 0.73085135 0.01295846 -0.06697953
v 0.73115659 0.01599782 -0.06657000
v 0.73358858 0.00615119 -0.05946620
v 0.73461479 0.00696795 -0.06070788
v 0.73299736 0.01972192 -0.06429586
v 0.73262990 0.01952039 -0.05708155
v 0.73263770 0.01429503 -0.05695462
v 0.73230386 0.00927304 -0.05711521
v 0.73146743 0.00578152 -0.05863114
v 0.73015934 0.01000165 -0.05675377
v 0.73039877 0.01503932 -0.05625121
v 0.72953022 0.00691633 -0.05835159
v 0.72802371 0.01084023 -0.05731304
v 0.72764134 0.01579236 -0.05674383
v 0.72692943 0.02077936 -0.05636571
v 0.73002714 0.02024906 -0.05597515
v 0.72825766 0.00816982 -0.05824916
v 0.73232234 0.00445484 -0.06258850
v 0.73005009 0.00467138 -0.06138290
v 0.73420715 0.00586938 -0.06380701
v 0.72851717 0.01305829 -0.06768934
v 0.72876996 0.00851815 -0.06676497
v 0.72586352 0.01372157 -0.06714728
v 0.72669357 0.00874924 -0.06578547
v 0.73176622 0.00636273 -0.06578733
v 0.73013145 0.00548296 -0.06524080
v 0.72613782 0.02375542 -0.05573188
v 0.72329211 0.02403431 -0.05843337
v 0.72406060 0.02076494 -0.05869444
v 0.72495699 0.01590609 -0.05875334
v 0.72265601 0.02026158 -0.06233665
v 0.72289097 0.01936703 -0.06564823
v 0.72400564 0.01426904 -0.06516598
v 0.72345346 0.01511436 -0.06212071
v 0.72492194 0.01031833 -0.06157893
v 0.72536242 0.00940667 -0.06393404
v 0.72597790 0.01092796 -0.05902377
v 0.72707087 0.00666808 -0.06226008
v 0.72824419 0.00565653 -0.06378132
v 0.72639531 0.00783854 -0.06108207
v 0.72729993 0.00777470 -0.05965620
v 0.72841734 0.00592636 -0.06037948
v 0.70466125 0.04637382 -0.05725840
v 0.69865000 0.01229974 0.01469134
v 0.69764668 0.01140276 0.01907490
v 0.69513476 0.00181230 0.00462067
v 0.69755006 0.00723473 0.00609790
v 0.69255137 -0.00294758 0.00717290
v 0.69197035 -0.00294764 0.01688717
v 0.69157887 -0.00418248 0.01203965
v 0.69865298 0.01071628 0.01031859
v 0.69600719 0.00806649 0.02211593
v 0.69338620 0.00167752 0.02112816
v 0.70452917 0.00200637 0.02362351
v 0.70217460 -0.00397764 0.02201323
v 0.69965672 -0.00850356 0.01702963
v 0.69838500 -0.00815972 0.01159172
v 0.69785702 -0.00577965 0.00708134
v 0.70510060 0.00731012 0.02067678
v 0.70512182 0.00914680 0.01632150
v 0.70393276 0.00833865 0.01122878
v 0.71305966 0.00250002 0.02173524
v 0.71583039 -0.00414310 0.02355860
v 0.71595895 -0.01502810 0.01742153
v 0.71985936 -0.01720392 0.01763527
v 0.71888512 -0.01694821 0.01364480
v 0.71401161 -0.01519024 0.01373444
v 0.71368533 -0.01293876 0.01789467
v 0.70966506 -0.01264106 0.01578008
v 0.71857619 -0.01273370 0.02190150
v 0.71555555 -0.01049914 0.02110724
v 0.71795112 -0.00791084 0.02317564
v 0.72135806 -0.00861535 0.02385841
v 0.72243762 -0.01550480 0.02244808
v 0.72596288 -0.01683226 0.02123521
v 0.72331017 -0.01839422 0.01799192
v 0.72357035 -0.01751838 0.01513247
v 0.71217656 -0.00902362 0.02165495
v 0.70516038 -0.01139078 0.01038405
v 0.71215498 -0.01391525 0.00962022
v 0.03257219 0.12915213 -0.15381351
v 0.03266008 0.13789445 -0.14709102
v 0.71855307 -0.01523981 0.00999884
v 0.72395319 -0.01496319 0.01195358
v 0.71887183 -0.01133085 0.00750664
v 0.71193165 -0.01025085 0.00603436
v 0.72343624 -0.01108829 0.01025316
v 0.71974295 -0.00747573 0.00738005
v 0.71333176 -0.00521426 0.00534768
v 0.70402616 -0.00228385 0.00477728
v 0.70344335 -0.00782690 0.00613348
v 0.72289044 -0.00855422 0.00932226
v 0.72801477 -0.01549073 0.01838283
v 0.72763669 -0.01221260 0.01544265
v 0.72178674 -0.00482636 0.02301629
v 0.72612476 -0.00711634 0.02263777
v 0.72483140 -0.01076016 0.02408390
v 0.72095323 -0.00087750 0.02096973
v 0.72616899 -0.00417096 0.01991467
v 0.72725087 -0.01330412 0.02341528
v 0.72870588 -0.01081621 0.02145366
v 0.69939893 -0.00069955 0.00475706
v 0.70185292 0.00467937 0.00672920
v 0.70637864 0.00305809 0.00722213
v 0.71500337 -0.00055711 0.00853902
v 0.70960170 0.00627730 0.01217322
v 0.71179044 0.00598374 0.01796798
v 0.71988410 0.00158113 0.01740365
v 0.71772587 0.00205774 0.01273553
v 0.72299308 -0.00228173 0.01317506
v 0.72501093 -0.00246463 0.01644306
v 0.72118980 -0.00417851 0.00998372
v 0.72688508 -0.00614216 0.01519899
v 0.72846353 -0.00810803 0.01814751
v 0.72504860 -0.00510507 0.01335044
v 0.72425288 -0.00683017 0.01152281
v 0.72613287 -0.00914313 0.01304685
v 0.69795269 0.04292215 -0.05210988
v 0.69951403 0.04068600 -0.04669763
v 0.69406986 0.04113656 -0.04686518
v 0.68716216 0.03982256 -0.04744925
v 0.67968029 0.04220460 -0.05205385
v 0.68786401 0.03894178 -0.04118347
v 0.69520593 0.04011749 -0.04082231
v 0.70315313 0.04029334 -0.04013172
v 0.68203437 0.03832716 -0.03590257
v 0.01880206 0.05617280 -0.03449453
v 0.01684865 0.03726035 -0.03359167
v 0.25938025 0.04902892 -0.03938633
v 0.25756165 0.06364534 -0.03408301
v 0.26327837 0.10345818 -0.05444895
v 0.26305094 0.10721368 -0.07336436
v 0.03442442 -0.19653939 -0.03401817
v 0.08795665 -0.16361527 -0.17705888
v 0.09423940 -0.14203840 -0.18498348
v 0.03393062 -0.13997613 -0.20771848
v 0.04927276 -0.14594381 -0.20435767
v 0.10540410 -0.17776676 -0.08911107
v 0.10806237 -0.15908132 -0.09227556
v 0.06598363 -0.18084310 -0.05304784
v 0.06857544 -0.16114642 -0.05492613
v 0.09508143 -0.19736758 -0.07006554
v 0.06171642 -0.19612351 -0.18390843
v 0.07504908 -0.19974104 -0.17591228
v 0.07353390 -0.17948000 -0.18000200
v 0.06081210 -0.17532425 -0.18914084
v 0.01869782 -0.13398521 -0.20726670
v 0.01458674 -0.16060874 -0.19786456
v 0.11978710 -0.13867702 -0.11316533
v 0.12207785 -0.13716063 -0.13407962
v 0.11070453 -0.12820712 -0.17277327
v 0.10063048 -0.11980328 -0.18797691
v 0.08887693 -0.11006740 -0.19939508
v 0.07576393 -0.10025571 -0.20841935
v 0.05676624 -0.13931814 -0.04805374
v 0.04273912 -0.11839193 -0.04609405
v 0.11128085 -0.13959727 -0.09414038
v 0.00741757 -0.13271528 -0.03690781
v 0.07145853 -0.06006063 -0.21860743
v 0.05247326 -0.05495530 -0.22369741
v 0.11833747 -0.13385990 -0.15427421
v 0.02335106 -0.00530848 -0.02631019
v 0.03852619 -0.00437434 -0.02428617
v 0.03633814 -0.01911953 -0.02327122
v 0.02155717 -0.02010320 -0.02611868
v 0.05081562 -0.01873251 -0.02145332
v 0.06492510 -0.01831054 -0.02114160
v 0.07782075 -0.01830503 -0.02244982
v 0.10617977 -0.02037774 -0.03360970
v 0.09837095 -0.01944621 -0.02897200
v 0.11882897 -0.02347046 -0.04604967
v 0.11283899 -0.02117324 -0.03901611
v 0.12463603 -0.02995190 -0.05671586
v 0.12976089 -0.03769324 -0.06983316
v 0.13838363 -0.03027401 -0.08365156
v 0.13514504 -0.04517218 -0.08389930
v 0.12716591 -0.05187532 -0.06841305
v 0.12245692 -0.04373809 -0.05578527
v 0.11644631 -0.03807909 -0.04532616
v 0.00693673 -0.06684932 -0.03623341
v 0.00639478 -0.04955838 -0.03150295
v 0.01942340 0.07396004 -0.03380992
v 0.46491867 0.03909778 -0.07774824
v 0.56802326 0.05202699 -0.00293468
v 0.04745263 0.13799953 -0.14472069
v 0.06383467 0.14128585 -0.14339584
v 0.11389228 0.14745450 -0.12427446
v 0.12306557 0.15304695 -0.10192695
v 0.09825335 0.14383450 -0.13864002
v 0.08100685 0.13806176 -0.14772710
v 0.09968028 -0.12147214 -0.07962158
v 0.06592614 0.11334804 -0.16404369
v 0.08280238 0.12941803 -0.15581977
v 0.10089237 0.13541244 -0.14811432
v 0.11816176 0.14073567 -0.13271934
v 0.13279605 0.14675437 -0.10897930
v 0.14310646 0.14367841 -0.10126507
v 0.15771776 0.13026787 -0.10641818
v 0.16803601 0.13318905 -0.09642920
v 0.16903958 0.14080642 -0.07954201
v 0.16345137 0.13940486 -0.08358274
v 0.16287133 0.13081422 -0.10040337
v 0.23344561 0.11855480 -0.08292495
v 0.25782818 0.10118690 -0.09594338
v 0.24847710 0.11031254 -0.08739869
v 0.26291832 0.08911672 -0.10405003
v 0.26447797 0.08035603 -0.10731857
v 0.26129502 0.07216953 -0.11070311
v 0.25154367 0.06583337 -0.11450500
v 0.21452507 0.04951110 -0.11765673
v 0.19981730 0.04267847 -0.11967908
v 0.16890776 0.01699546 -0.14023122
v 0.16208109 0.01217727 -0.14700876
v 0.14553720 -0.01300955 -0.17156649
v 0.13505879 -0.02735713 -0.18208444
v 0.03290651 0.16588563 -0.12218294
v 0.12452205 -0.04519311 -0.19252720
v 0.02348586 -0.01272098 -0.22857106
v 0.02722568 0.01374910 -0.22481306
v 0.00786424 -0.10027198 -0.21408319
v 0.01323835 -0.07507819 -0.22642389
v 0.10343601 -0.29585943 -0.18259543
v 0.09470902 -0.27706912 -0.17698754
v 0.07797354 -0.27900156 -0.18632200
v -0.00570585 -0.25387433 -0.19122016
v -0.00524713 -0.23282479 -0.18177393
v -0.00235031 -0.17942640 -0.18923400
v -0.00063633 -0.15566058 -0.19489992
v 0.08593266 -0.29876485 -0.19231200
v 0.03384647 -0.23700975 -0.18594161
v 0.03082145 0.04620609 -0.21044478
v 0.03029297 0.05390276 -0.19927984
v 0.03104453 0.07029089 -0.19133075
v 0.01438111 -0.23532145 -0.18618917
v 0.13210028 -0.27268502 -0.12770960
v 0.13562283 -0.27294496 -0.10469110
v 0.10949147 -0.27514702 -0.16432771
v 0.12265591 -0.27359003 -0.14793304
v 0.13375625 -0.27412716 -0.08245057
v 0.07698358 -0.28931749 -0.02209044
v 0.05791963 -0.29211533 -0.01306811
v 0.02079608 -0.29539743 -0.00030582
v 0.00243666 -0.29603359 0.00245488
v 0.12677360 -0.27724352 -0.06195702
v 0.03920075 -0.29413173 -0.00566202
v 0.11374734 -0.28179529 -0.04497325
v 0.09600560 -0.28591582 -0.03255624
v 0.05044487 -0.23854883 -0.18309863
v 0.05441013 -0.25925541 -0.18647125
v 0.01126467 0.12914562 -0.02656327
v 0.01258222 0.12262583 -0.03327373
v 0.07065875 -0.25977808 -0.18163650
v 0.08369842 0.03148433 -0.21095890
v 0.06534326 0.03175814 -0.21473157
v 0.10245138 0.03364780 -0.20515710
v 0.11827336 0.05846180 -0.19037300
v 0.11892693 0.04023481 -0.19528407
v 0.13374302 0.04537460 -0.18483073
v 0.00943264 0.13605727 -0.01876204
v 0.00497868 0.05561220 -0.03628819
v 0.00233930 0.03655069 -0.03573710
v 0.13274091 0.06257746 -0.18028474
v -0.00703060 -0.04773039 -0.03481176
v -0.00824026 -0.06600316 -0.03949039
v 0.00739723 0.07386143 -0.03626530
v -0.00847412 -0.08155926 -0.04793894
v 0.15389436 0.06663954 -0.15525198
v 0.15498376 0.05393531 -0.15811744
v 0.16218686 0.05640353 -0.14874779
v 0.16129854 0.06836554 -0.14653292
v 0.17857727 0.06091329 -0.13662143
v 0.16992411 0.05838720 -0.14231801
v 0.18678400 0.06420490 -0.12939318
v 0.19714966 0.06874993 -0.12414459
v 0.19317606 0.09261610 -0.12186297
v 0.18410623 0.08810942 -0.12685348
v 0.15311351 0.07996796 -0.15020692
v 0.14390785 0.07905672 -0.16320281
v 0.06744834 0.06029883 -0.19640194
v 0.04887576 0.05543251 -0.19759595
v 0.14096612 -0.04564423 -0.09791645
v 0.14699364 -0.04357109 -0.11273332
v 0.15136567 -0.03911315 -0.12586492
v 0.15255496 -0.03219947 -0.13714013
v 0.15474015 -0.02355483 -0.14683674
v 0.15375391 -0.01316066 -0.15517250
v 0.15641314 0.00595868 -0.15429682
v 0.15152428 -0.00176762 -0.16203678
v -0.01284388 -0.45803112 -0.20013398
v 0.15583986 0.01724580 -0.15769064
v 0.14967424 0.01047405 -0.16725516
v 0.14683244 0.03603626 -0.17286848
v 0.14790067 0.02257583 -0.17136344
v 0.14582345 0.05111002 -0.17142229
v 0.14476791 0.06564897 -0.16794382
v 0.13235003 0.07837166 -0.17429806
v 0.11831226 0.07548507 -0.18375713
v 0.10219108 0.10151207 -0.17371072
v 0.10234705 0.08727108 -0.18232033
v 0.10252828 0.07118241 -0.19123574
v 0.10217328 0.05369082 -0.19908541
v 0.09306849 0.16340193 -0.09932674
v 0.08042463 0.16224949 -0.11197162
v 0.24438068 0.07116754 -0.11560050
v 0.24947518 0.07654605 -0.11301206
v -0.00993348 -0.41171461 -0.22626193
v -0.00925393 -0.39068249 -0.22640398
v 0.24047557 0.07837850 -0.11462917
v 0.23948535 0.07423826 -0.11590926
v 0.25065640 0.08324224 -0.11044835
v 0.24891722 0.09257942 -0.10718891
v 0.23834306 0.09307246 -0.10986115
v 0.23982728 0.08401722 -0.11317255
v 0.24467951 0.10267994 -0.10121800
v 0.23416114 0.10263929 -0.10544169
v 0.23746666 0.11119771 -0.09502499
v 0.22797158 0.11743520 -0.09139128
v 0.22504064 0.11551334 -0.09643137
v 0.22933957 0.11057264 -0.10042059
v 0.19771373 0.11684121 -0.10573448
v 0.20803097 0.11734655 -0.10146134
v 0.21796724 0.11640432 -0.09823203
v 0.20938554 0.07428769 -0.12153786
v 0.22016943 0.08028047 -0.11858469
v 0.22971272 0.08389367 -0.11559774
v 0.22775778 0.09258090 -0.11282702
v 0.21797991 0.08908880 -0.11655509
v -0.01084115 -0.43065840 -0.22033229
v 0.20708740 0.08410512 -0.12051129
v 0.08492998 0.05129891 -0.20469078
v 0.06751194 0.04690265 -0.20645633
v -0.01831184 -0.39901769 -0.01234366
v -0.01872648 -0.41355264 -0.01737233
v 0.17702043 0.07214291 -0.13480669
v -0.01901867 -0.42718741 -0.02454168
v -0.01908343 -0.44059885 -0.03354038
v 0.16940498 0.07034940 -0.14051381
v 0.18478823 0.07516971 -0.12847950
v 0.19530270 0.07991180 -0.12391649
v 0.17600846 0.08523732 -0.13138081
v 0.16856790 0.08278094 -0.13662799
v 0.16067708 0.08083390 -0.14239192
v 0.08529671 0.06621984 -0.19549485
v 0.04908691 0.04460449 -0.20831731
v -0.00713013 -0.34101659 -0.22206622
v -0.00642283 -0.31651860 -0.21581182
v -0.01619286 -0.31665340 0.00281902
v 0.00782450 0.14155847 -0.01258837
v 0.02468413 0.20490164 -0.07584319
v 0.01308451 0.11298054 -0.04106373
v 0.01193537 0.10087350 -0.04241700
v -0.01746669 -0.47794133 -0.10632692
v 0.00970122 0.08829223 -0.03812447
v -0.01710422 -0.47991979 -0.11534004
v 0.00350000 -0.12711112 -0.20489930
v 0.15210229 0.08399622 -0.02577245
v 0.15670982 0.11223190 -0.02460362
v 0.16360927 0.13318434 -0.03716974
v 0.16772527 0.14281408 -0.05825685
v 0.38969645 0.00343901 -0.06611577
v 0.01299543 -0.18368135 -0.19225639
v 0.01302966 -0.20861848 -0.18766719
v 0.03053559 -0.21234713 -0.18843424
v 0.03496570 -0.04926504 -0.22718598
v 0.04710745 0.03266455 -0.21809962
v 0.08431289 -0.04301691 -0.02162379
v 0.07372040 -0.04220817 -0.01895475
v 0.07541505 -0.03090700 -0.02061178
v 0.08637028 -0.03168179 -0.02335899
v 0.10145700 -0.04502998 -0.03101213
v 0.09388176 -0.04407822 -0.02598217
v 0.09580693 -0.03249763 -0.02750908
v 0.10381167 -0.03363990 -0.03239413
v 0.10822527 -0.04723380 -0.03702709
v 0.11043471 -0.03509338 -0.03827693
v 0.09156104 -0.05540499 -0.02574009
v 0.08238902 -0.05449276 -0.02140777
v 0.07230228 -0.05366546 -0.01842181
v 0.10545681 -0.05810742 -0.03665988
v 0.09922618 -0.05642973 -0.03091091
v 0.01534363 0.14179395 -0.01126038
v 0.02114960 0.10114037 -0.03715158
v 0.02143020 0.11264423 -0.03637776
v 0.00677259 -0.03438597 -0.02938958
v 0.00895233 -0.00670109 -0.02836294
v 0.01200899 0.00319286 -0.03362612
v 0.01456141 0.01854227 -0.03422326
v 0.02068535 0.08815075 -0.03461117
v 0.00756468 -0.02099195 -0.02875444
v 0.14789423 -0.47145885 -0.14948922
v 0.13013259 -0.49012375 -0.16635180
v 0.13648593 -0.46316981 -0.16710120
v 0.12283155 -0.47687536 -0.17901051
v 0.14645833 -0.38959271 -0.15012479
v 0.14566672 -0.41701737 -0.15365227
v 0.14730880 -0.36069143 -0.14934199
v 0.10318121 -0.48474985 -0.19133130
v 0.07807758 -0.48622793 -0.20080885
v 0.07664385 -0.46717548 -0.20977075
v 0.13375413 -0.36541763 -0.17240219
v 0.13316911 -0.39320061 -0.17285649
v 0.14334929 -0.44284099 -0.15947486
v 0.13096604 -0.44291586 -0.17653516
v 0.12893328 -0.45823056 -0.17727830
v 0.10047242 -0.46726102 -0.19930108
v 0.11805928 -0.46399915 -0.18707253
v 0.02525044 -0.32023868 -0.21372285
v 0.05230255 -0.32189721 -0.21086630
v 0.04723105 -0.30011559 -0.20354800
v 0.11096840 -0.31684193 -0.18664138
v 0.11876834 -0.29301423 -0.16768840
v 0.11673879 -0.44616622 -0.19089308
v 0.09885565 -0.44660547 -0.20475104
v 0.07573842 -0.44418174 -0.21807562
v 0.07821433 -0.36904067 -0.21730623
v 0.07710590 -0.39309433 -0.22222899
v 0.09862588 -0.39531475 -0.20941851
v 0.09963801 -0.36934185 -0.20608222
v 0.11568659 -0.34137794 -0.18958287
v 0.11772718 -0.36811176 -0.19121866
v 0.07758695 -0.34470114 -0.21162540
v 0.09780026 -0.34353644 -0.20235461
v 0.09311161 -0.31964341 -0.19779991
v 0.11737125 -0.39590850 -0.19241270
v 0.04851002 -0.41695932 -0.23037878
v 0.07535861 -0.42047992 -0.22152467
v 0.01957918 -0.41383237 -0.22962697
v 0.07352859 -0.32184488 -0.20505734
v 0.06735743 -0.30031046 -0.19818947
v 0.06026918 -0.27926743 -0.19186273
v 0.04704725 -0.21615310 -0.18493621
v 0.08093841 -0.67543137 0.00706847
v -0.01512781 -0.49262500 -0.08107238
v -0.01444745 -0.48981124 -0.10348685
v 0.15463492 -0.41340226 -0.04405993
v 0.16593933 -0.44772658 -0.10848249
v 0.15594053 -0.44480595 -0.13674638
v 0.00858534 -0.48305064 -0.02617262
v -0.00618479 -0.49061954 -0.04539235
v 0.13700014 -0.41597307 -0.02028704
v 0.08412762 -0.45317250 0.00504752
v -0.01378699 -0.49370158 -0.06304385
v 0.13221377 -0.41944584 -0.17457707
v 0.11675122 -0.42264149 -0.19230415
v 0.09833547 -0.42216748 -0.20875369
v 0.04762704 -0.44073829 -0.22582522
v 0.01836982 -0.43464184 -0.22579135
v 0.00088580 -0.42150778 -0.01930191
v -0.00267535 -0.41188696 -0.01549454
v -0.01032474 -0.41287026 -0.01657732
v -0.01022063 -0.42634034 -0.02312021
v 0.07811089 -0.30989301 -0.01879112
v 0.05776109 -0.31329784 -0.01004247
v 0.01869980 -0.31660154 0.00133373
v 0.00060216 -0.31693679 0.00339054
v 0.13138369 -0.29629099 -0.05926393
v 0.03771837 -0.31543911 -0.00307819
v 0.11722671 -0.30120549 -0.04214765
v 0.09826170 -0.30582559 -0.02887659
v 0.01559353 -1.12530529 -0.05075435
v 0.01556690 -1.15268803 -0.04285541
v 0.01667457 -1.15271521 -0.05752565
v 0.01410538 -1.12511480 -0.06541441
v 0.03195404 -1.12478495 -0.09254883
v 0.02003757 -1.12558794 -0.08473520
v 0.04644470 -1.12530601 -0.09398766
v 0.04179164 -1.15384328 -0.08807498
v 0.05212896 -1.15409517 -0.08168773
v 0.05909385 -1.12647390 -0.08886099
v 0.06625856 -1.12620866 -0.07996820
v 0.06814229 -1.15145516 -0.04592714
v 0.07536405 -1.12449551 -0.05086848
v 0.07130569 -1.12521768 -0.06867583
v 0.06558573 -1.15315151 -0.06270227
v 0.06909440 -1.12568378 -0.03188527
v 0.06206965 -1.15207946 -0.02705151
v 0.05364848 -1.12734544 -0.02068420
v 0.02057500 -1.12635052 -0.03553478
v 0.01809590 -1.15273345 -0.02695869
v 0.02863147 -1.15341699 -0.08655548
v 0.01950239 -1.15391636 -0.07736020
v 0.01477485 -1.12561548 -0.07539831
v 0.01822752 -1.15314662 -0.06762779
v 0.01421708 -1.18038142 -0.04972225
v 0.00670354 -1.17836368 -0.03506891
v 0.02619295 -1.18147707 -0.08235435
v 0.02106842 -1.18145192 -0.07029672
v 0.04635988 -1.18113804 -0.07488380
v 0.03806616 -1.18147039 -0.08504255
v 0.06489322 -1.18019772 -0.05733623
v 0.05964193 -1.15371811 -0.07252310
v 0.05560994 -1.18061948 -0.06602176
v 0.06502733 -1.17784607 -0.04156077
v 0.05810882 -1.17674124 -0.01998152
v 0.01322476 -1.17659760 -0.01757093
v 0.01830101 -1.18117869 -0.06081316
v 0.05267886 -1.23617792 0.14164023
v 0.05701768 -1.23657191 0.14081357
v 0.05836151 -1.24056077 0.14205526
v 0.05172899 -1.24085128 0.14337085
v 0.01211448 -1.22958899 0.15008609
v 0.02040224 -1.22804749 0.15197496
v 0.02196049 -1.23685884 0.15145771
v 0.01087233 -1.23891413 0.14950381
v 0.04419017 -1.24290633 0.14783354
v 0.03954768 -1.24253500 0.14817439
v 0.03877134 -1.23843384 0.15122788
v 0.04612490 -1.23885632 0.15048067
v 0.08286811 -1.24741602 0.11068104
v 0.07863102 -1.24730349 0.11215185
v 0.07890363 -1.24269199 0.11384754
v 0.08383903 -1.24404037 0.11142455
v 0.06948315 -1.24715686 0.12766980
v 0.06575333 -1.24723697 0.12911160
v 0.06553727 -1.24270654 0.13129847
v 0.07149060 -1.24378133 0.12906297
v 0.02354334 -1.22833753 0.12874727
v 0.02287965 -1.22689104 0.14234568
v 0.01109338 -1.22928190 0.14029913
v 0.01012917 -1.22701955 0.12582879
v 0.00440776 -1.23773456 0.13794284
v 0.01125511 -1.24338710 0.13667278
v 0.01025868 -1.24586737 0.12313710
v 0.00381085 -1.23773789 0.12266169
v 0.02293801 -1.24386191 0.13905673
v 0.02298545 -1.24544704 0.12663148
v 0.02982350 -1.23734117 0.12940238
v 0.03118790 -1.23535931 0.14299200
v 0.04794059 -1.23781168 0.13076876
v 0.05058628 -1.23805141 0.14227681
v 0.04510997 -1.23211229 0.14270370
v 0.04305768 -1.23066401 0.13033108
v 0.03735973 -1.23188543 0.14363216
v 0.03296628 -1.23047495 0.13180493
v 0.02946625 -1.23908174 0.13226043
v 0.03151253 -1.23794234 0.14479862
v 0.03650537 -1.24372888 0.14205147
v 0.03397275 -1.24484301 0.12980078
v 0.04265964 -1.24445009 0.12939559
v 0.04515335 -1.24414480 0.14093332
v 0.05098691 -1.23582995 0.13577758
v 0.04917509 -1.23322332 0.12610118
v 0.05908824 -1.23285341 0.12413095
v 0.05834500 -1.23566234 0.13484953
v 0.05078946 -1.24616122 0.12579028
v 0.04579108 -1.24146223 0.12755100
v 0.04667518 -1.24206293 0.13702883
v 0.05179874 -1.24597740 0.13590221
v 0.05875769 -1.24625361 0.13520707
v 0.05977689 -1.24572968 0.12464570
v 0.06374134 -1.23909509 0.12504427
v 0.06291539 -1.24087512 0.13549538
v 0.07258687 -1.23828197 0.12245326
v 0.07440965 -1.23488533 0.11244299
v 0.07781386 -1.24142587 0.11270724
v 0.07491639 -1.24418747 0.12234931
v 0.06665633 -1.23475778 0.11572115
v 0.06690694 -1.23687291 0.12393384
v 0.06592120 -1.24724448 0.11618213
v 0.06340208 -1.24001133 0.11840986
v 0.06218424 -1.24091387 0.12537287
v 0.06454227 -1.24775517 0.12404238
v 0.07151886 -1.24859643 0.12246768
v 0.07380318 -1.24796295 0.11303411
v 0.08815988 -1.24373758 0.10498728
v 0.08665188 -1.23806739 0.10555486
v 0.08750417 -1.23724949 0.09697987
v 0.08886128 -1.24403799 0.09530501
v 0.08084904 -1.23612475 0.10123824
v 0.08010762 -1.23751056 0.10778855
v 0.07851986 -1.24845421 0.10153653
v 0.07866374 -1.24111342 0.10336481
v 0.07654505 -1.24189591 0.10858418
v 0.07745691 -1.24833119 0.10764496
v 0.08394911 -1.24922729 0.10554527
v 0.08470971 -1.24876559 0.09750582
v 0.01056088 -1.22599900 0.11188285
v 0.02709969 -1.23006773 0.11557506
v 0.01352053 -1.24185479 0.14535980
v 0.00438352 -1.23841441 0.10884322
v 0.01991527 -1.24183834 0.14654969
v 0.02689786 -1.24689686 0.11499219
v 0.01137332 -1.24673021 0.10943715
v 0.02891223 -1.23845804 0.12330438
v 0.04447053 -1.23389220 0.14913450
v 0.04523131 -1.23996174 0.12203293
v 0.04540857 -1.24758005 0.11429785
v 0.04009775 -1.23356819 0.14952455
v 0.04440711 -1.23090899 0.11448680
v 0.06148347 -1.23329449 0.10696523
v 0.05355955 -1.24459374 0.14114843
v 0.05742802 -1.24446476 0.14076476
v 0.06294289 -1.24874020 0.10863237
v 0.06385714 -1.23956060 0.11613660
v 0.07108884 -1.23972070 0.12798716
v 0.07851426 -1.24129415 0.10340522
v 0.07652835 -1.25005496 0.09852932
v 0.06753980 -1.23890829 0.12898935
v 0.07719874 -1.23409712 0.09659450
v 0.08300342 -1.24082339 0.11033742
v 0.08534639 -1.25126624 0.08780043
v 0.09070145 -1.24444604 0.08403121
v 0.08028491 -1.23967552 0.11196567
v 0.08828417 -1.23599350 0.08667095
v 0.02795763 -1.12785697 -0.02406844
v 0.02558402 -1.15262043 -0.01606466
v 0.03910813 -1.12879980 -0.01883066
v 0.04868013 -1.15282702 -0.01517062
v 0.03596773 -1.15363729 -0.01188149
v 0.02288833 -1.17483783 -0.00492604
v 0.04554811 -1.17682946 -0.00646511
v 0.03459438 -1.17512083 -0.00110736
v 0.06597053 -1.20023477 -0.05580989
v 0.06699456 -1.19947922 -0.04011814
v 0.05401702 -1.20051348 -0.06470646
v 0.03611914 -1.20274079 -0.08579995
v 0.04543689 -1.20178020 -0.07579006
v 0.01990548 -1.19122446 0.00817081
v 0.01169211 -1.19605887 -0.00849052
v 0.03375538 -1.18960118 0.01378249
v 0.04715427 -1.19246423 0.00711837
v 0.00699430 -1.22293556 0.09547697
v 0.00809428 -1.22410357 0.07574062
v 0.02193610 -1.21496308 0.07751389
v 0.02464254 -1.22190547 0.09681450
v 0.03921846 -1.21650052 0.07481556
v 0.04147148 -1.22533143 0.09446077
v 0.05481712 -1.22176230 0.06870095
v 0.05764191 -1.22837865 0.08821325
v 0.06962489 -1.22676122 0.06149979
v 0.07328033 -1.23110807 0.07987393
v 0.08256514 -1.23388255 0.05449842
v 0.08679903 -1.23467791 0.07247056
v 0.08969976 -1.24409997 0.05190136
v 0.09282432 -1.24432290 0.07001178
v 0.00085266 -1.23885083 0.09272705
v 0.00373118 -1.23919630 0.07292776
v 0.01080182 -1.25059855 0.09234159
v 0.01267114 -1.25245202 0.07287626
v 0.02712112 -1.25181770 0.09203987
v 0.02791012 -1.25411952 0.07211302
v 0.08591222 -1.25516200 0.05501015
v 0.08659031 -1.25441825 0.07355689
v 0.04471311 -1.25221288 0.08871596
v 0.04490726 -1.25386488 0.06854336
v 0.06087160 -1.25447416 0.08389609
v 0.06066363 -1.25597155 0.06386434
v 0.07480047 -1.25578570 0.07843347
v 0.07446166 -1.25742316 0.05899446
v 0.01878470 -1.20996964 0.05490719
v 0.03673706 -1.20651257 0.05352451
v 0.03152847 0.17699291 -0.10986234
v 0.03238964 0.11917184 -0.16113678
v 0.05190892 -1.21278214 0.04653279
v 0.06541535 -1.22144735 0.03874113
v 0.07655720 -1.23247528 0.03230785
v 0.08494497 -1.24298060 0.03033389
v 0.06538725 -1.21368539 0.01042311
v 0.07175576 -1.23274851 0.00708663
v 0.07768451 -1.24442446 0.00802369
v 0.06911467 -1.23361921 -0.01825641
v 0.07228498 -1.24615204 -0.01536682
v -0.01193119 -0.44671848 -0.20960337
v 0.03175823 0.08577731 -0.18213248
v 0.06161863 -1.23831010 -0.05791704
v -0.00803260 -0.36550155 -0.22634064
v 0.00044916 0.01671130 -0.03816675
v -0.00135393 0.00202746 -0.03756668
v -0.00339811 -0.00609569 -0.03045593
v -0.00470209 -0.01978289 -0.03144594
v -0.01313791 -0.24304180 -0.01300059
v -0.01253665 -0.23169614 -0.02344926
v -0.00381612 -0.20436554 -0.18356870
v -0.01450359 -0.27806297 -0.00116776
v -0.01229627 -0.21687301 -0.02642839
v 0.01880747 -0.04316569 -0.23033148
v -0.00585354 -0.03366913 -0.03231581
v -0.01543309 -0.29611829 0.00243266
v 0.03001690 0.03544959 -0.22071870
v -0.01214490 -0.19448297 -0.02802382
v -0.01779985 -0.38151497 -0.00740835
v -0.01038065 -0.13273665 -0.03879927
v -0.00761845 0.14683846 -0.01811741
v -0.01605113 0.15252911 -0.02288882
v -0.01603612 0.14540863 -0.02877174
v -0.00690592 0.14039175 -0.02431065
v -0.02813350 0.17706960 -0.06447743
v -0.02840729 0.18391617 -0.05540185
v -0.02288611 0.19085085 -0.06328565
v -0.02342356 0.18463404 -0.07392330
v -0.01526031 0.19632064 -0.06997003
v -0.01623050 0.18960570 -0.08143227
v -0.00623377 0.19212060 -0.08615778
v -0.00601425 0.20033580 -0.07519265
v 0.00430323 0.20276010 -0.07852282
v 0.00514032 0.19311580 -0.08766276
v -0.02452110 0.15959486 -0.02889052
v -0.02987512 0.16745809 -0.03686309
v -0.02951844 0.16085817 -0.04453795
v -0.02420391 0.15259863 -0.03563304
v -0.03154659 0.17587683 -0.04607713
v -0.03083110 0.16914028 -0.05445616
v 0.01590986 0.19403306 -0.08736771
v 0.01445937 0.20460360 -0.07811320
v -0.00633747 0.12573494 -0.03613442
v 0.00342995 0.12359326 -0.03457503
v 0.00251645 0.13040760 -0.02859710
v -0.00674473 0.13287315 -0.03124623
v -0.02688156 0.13097711 -0.05757116
v -0.03606657 0.14084221 -0.06823114
v -0.04164283 0.13592851 -0.07157467
v -0.03116636 0.12404171 -0.06048290
v -0.04288948 0.10349727 -0.05530752
v -0.05848572 0.11933997 -0.06875713
v -0.06058879 0.09434919 -0.05913979
v -0.04764495 0.08383350 -0.05341716
v -0.06365027 0.07241578 -0.05238445
v -0.05179153 0.06405191 -0.04962412
v -0.06999274 0.01600577 -0.04453257
v -0.05727704 0.01168113 -0.04075152
v -0.05591527 0.02805427 -0.04212497
v -0.06856626 0.03268476 -0.04603006
v -0.09013400 -0.05657399 -0.05131638
v -0.07978522 -0.05576205 -0.04419230
v -0.08547327 -0.04218078 -0.04190139
v -0.09417775 -0.04181682 -0.04802030
v -0.11079734 0.05932169 -0.06898637
v -0.10924540 0.08026433 -0.06744096
v -0.11753266 0.07148056 -0.07223910
v -0.11723226 0.05138747 -0.07632521
v -0.06459203 0.16462541 -0.09909011
v -0.06251841 0.14594720 -0.08344468
v -0.05427680 0.14626491 -0.08495046
v -0.05642183 0.16431077 -0.09758572
v -0.12161215 -0.02282316 -0.08837709
v -0.12002167 -0.03375062 -0.08409499
v -0.11701179 -0.02906683 -0.07500814
v -0.11771931 -0.01887694 -0.07755618
v -0.10281380 -0.12186837 -0.08294079
v -0.09098094 -0.12415817 -0.07052939
v -0.08958767 -0.10333337 -0.07362846
v -0.10114526 -0.10063097 -0.08538745
v -0.12210031 -0.07360239 -0.14233606
v -0.12187853 -0.07221203 -0.16252531
v -0.12425145 -0.09055166 -0.16029283
v -0.12560044 -0.09183210 -0.13964388
v -0.09103606 0.02202776 -0.05432740
v -0.08154724 0.01957210 -0.04938687
v -0.08016260 0.03654425 -0.05039857
v -0.08993474 0.03992953 -0.05476093
v -0.26604766 0.08850849 -0.05533122
v -0.26800475 0.07292864 -0.05825537
v -0.24483141 0.07763904 -0.06407422
v -0.24275559 0.09295012 -0.06085275
v -0.12997970 -0.19753772 -0.11142726
v -0.12848252 -0.19611806 -0.12953052
v -0.13154590 -0.21399434 -0.12515783
v -0.13269475 -0.21529888 -0.10633594
v -0.13116536 0.14268498 -0.07039270
v -0.13236549 0.16440022 -0.08279784
v -0.14271116 0.15888368 -0.08142471
v -0.14226237 0.13692002 -0.07074672
v -0.10981821 0.02449669 -0.07099232
v -0.11046258 0.04145364 -0.06994180
v -0.11599826 0.03517886 -0.07888272
v -0.11480394 0.02063700 -0.07997210
v -0.12490711 -0.03783933 -0.16668339
v -0.12666550 -0.04126557 -0.14989150
v -0.12742418 -0.02360143 -0.15187125
v -0.12602402 -0.01956892 -0.16669694
v -0.12531468 -0.05824297 -0.14666077
v -0.12381136 -0.05585232 -0.16530327
v -0.10505556 0.02496265 -0.06490156
v -0.09889974 0.02382125 -0.05953528
v -0.09788424 0.04316249 -0.05926655
v -0.10447408 0.04470575 -0.06360865
v -0.08405600 -0.06918749 -0.05654941
v -0.07167088 -0.06768568 -0.04877315
v -0.12847528 -0.21767853 -0.08737577
v -0.11956852 -0.22094645 -0.07042918
v -0.11705013 -0.20291172 -0.07614672
v -0.12606320 -0.19983016 -0.09274001
v -0.07411797 -0.08929268 -0.06904365
v -0.07675806 -0.07889111 -0.06547184
v -0.08843531 -0.07715124 -0.07236953
v -0.08592024 -0.08739032 -0.07711706
v -0.10687073 -0.22413801 -0.05671862
v -0.09192986 -0.22746040 -0.04577465
v -0.08938896 -0.20889078 -0.05254868
v -0.10425748 -0.20611344 -0.06289382
v -0.06625439 0.05172032 -0.04834393
v -0.05444885 0.04555910 -0.04491429
v -0.10593466 -0.05157708 -0.06546465
v -0.09883948 -0.05475954 -0.05854931
v -0.10206120 -0.03996928 -0.05464904
v -0.10823566 -0.03805406 -0.06176968
v -0.12264459 0.04130810 -0.08780739
v -0.12739444 0.06076108 -0.08243388
v -0.13190487 0.04394326 -0.10187195
v -0.12517926 0.03133585 -0.10398816
v -0.13682687 -0.22993205 -0.12186009
v -0.13819003 -0.23107536 -0.10228436
v -0.11199179 -0.24091549 -0.05043590
v -0.09610394 -0.24482502 -0.03880630
v -0.14832067 0.04453615 -0.14341085
v -0.15367469 0.05214038 -0.13930559
v -0.15652978 0.05300261 -0.14730632
v -0.15057975 0.04682759 -0.15246853
v -0.05238609 -0.04804981 -0.03533460
v -0.06500888 -0.04065711 -0.03490455
v -0.07072594 -0.05069163 -0.03833295
v -0.05982756 -0.06104927 -0.04126497
v -0.10307297 -0.06414774 -0.07145099
v -0.09908296 -0.07395145 -0.08036514
v -0.09438825 -0.06773880 -0.06433420
v -0.03871480 -0.05533779 -0.03875372
v -0.04620533 -0.07300633 -0.04955041
v -0.04141739 0.03825936 -0.04245023
v -0.04257327 0.02246216 -0.03914580
v -0.03860636 0.05604412 -0.04498993
v -0.02481981 0.04817700 -0.04117712
v -0.02069573 0.06608495 -0.04221170
v -0.03425466 0.07404431 -0.04699759
v -0.01621352 0.08351196 -0.04090820
v -0.02917896 0.09204738 -0.04699925
v -0.01554129 0.12342900 -0.04829587
v -0.01869411 0.11505197 -0.05046824
v -0.12010842 0.02724855 -0.09055914
v -0.11877754 0.01478946 -0.09187508
v -0.12537527 -0.23714511 -0.06474677
v -0.07287664 0.12528209 -0.19342503
v -0.07206892 0.11144632 -0.20195702
v -0.08719815 0.11383854 -0.19324762
v -0.08754084 0.12801069 -0.18468064
v -0.07105672 0.16768561 -0.09970589
v -0.07061314 0.14948581 -0.08271205
v -0.12754810 0.05732220 -0.18084814
v -0.13903147 0.06060901 -0.17354366
v -0.13946816 0.06831848 -0.17416495
v -0.12741956 0.06555372 -0.18087664
v -0.16155663 0.06591884 -0.15656912
v -0.16019517 0.05969023 -0.15579291
v -0.17781979 0.06539303 -0.14973101
v -0.17845905 0.07173550 -0.15185466
v -0.12567163 -0.21303023 -0.14280176
v -0.12151595 -0.19499414 -0.14700076
v -0.09582322 -0.05288986 -0.21168846
v -0.10746074 -0.06251886 -0.19684666
v -0.11115392 -0.04173486 -0.19752964
v -0.10029403 -0.03013485 -0.21091419
v 0.01521055 0.08961737 -0.18801892
v 0.01456795 0.07566594 -0.19577278
v -0.00213451 0.08422261 -0.20066322
v -0.00108948 0.09754473 -0.19297567
v -0.03716270 0.12726685 -0.19291332
v -0.03688413 0.13913380 -0.18511677
v -0.01729920 0.13067299 -0.18358293
v -0.01783014 0.11913697 -0.19130118
v -0.05558919 0.12037770 -0.19903919
v -0.05480944 0.10705288 -0.20692405
v -0.12282265 -0.01322497 -0.17948510
v -0.12010503 -0.03128861 -0.18168783
v -0.13283041 0.01849501 -0.16232368
v -0.13043872 0.02368634 -0.17248717
v -0.12736028 0.01513205 -0.17493093
v -0.13020504 0.00967001 -0.16402049
v -0.04918845 0.16711161 -0.09506112
v -0.04513212 0.17892469 -0.10987623
v -0.05405850 0.17685100 -0.11322212
v -0.01059800 0.16676731 -0.14387289
v -0.01082580 0.16245760 -0.15018949
v -0.02277640 0.16801588 -0.14754596
v -0.02021059 0.17111495 -0.14050120
v -0.01052151 0.01483045 -0.23076169
v 0.00875485 0.01318475 -0.22803427
v 0.00443325 -0.01495680 -0.23126610
v -0.01573122 -0.01513064 -0.23369420
v -0.13852870 0.04817528 -0.17287488
v -0.12925985 0.04282410 -0.17921650
v -0.13170439 0.03653901 -0.17585169
v -0.13961414 0.04240044 -0.17067006
v -0.12335474 0.02200177 -0.18300790
v -0.12647474 0.03012552 -0.17946953
v -0.12284372 0.03715216 -0.18416971
v -0.11832793 0.02980849 -0.18896604
v -0.10499900 -0.01110163 -0.20581211
v -0.11365847 -0.02197837 -0.19461891
v -0.11769214 -0.00443201 -0.19032021
v -0.11097414 0.00513059 -0.19993719
v -0.00930654 -0.10446671 -0.21837103
v -0.02577930 -0.10682017 -0.22053041
v -0.02238574 -0.07805988 -0.22742011
v -0.00478238 -0.07725275 -0.22704495
v -0.16290855 0.06333853 -0.11548450
v -0.16101649 0.06736565 -0.10411522
v -0.17280591 0.06726337 -0.10100265
v -0.17776486 0.06310728 -0.11239141
v -0.19619229 0.10252237 -0.15331262
v -0.18571797 0.09846792 -0.15666345
v -0.18719697 0.09204467 -0.15634689
v -0.19731084 0.09693496 -0.15384448
v -0.20118096 0.05660496 -0.11716560
v -0.19466072 0.06053209 -0.10801069
v -0.21438673 0.05730566 -0.10294686
v -0.22056922 0.05337520 -0.11267520
v -0.07864951 0.17725281 -0.12409068
v -0.07786856 0.17006649 -0.10048701
v -0.07182036 0.17798418 -0.12064230
v -0.20835024 0.05558122 -0.13286296
v -0.20958996 0.06018464 -0.13946730
v -0.19241175 0.06060952 -0.14229368
v -0.19094881 0.05734321 -0.13649058
v -0.24339864 0.10959256 -0.06476845
v -0.26646802 0.10523152 -0.05968346
v -0.24696568 0.04854337 -0.11639765
v -0.25085738 0.05159651 -0.12529144
v -0.22949898 0.05308776 -0.12823501
v -0.22624156 0.05100069 -0.12081702
v -0.09161647 -0.07668008 -0.20797858
v -0.10513142 -0.08395326 -0.19445202
v -0.10280619 -0.21231060 -0.17212825
v -0.11581095 -0.21252613 -0.15883262
v -0.10997870 -0.19336712 -0.16277865
v -0.09682052 -0.19195051 -0.17536472
v -0.13025576 -0.23000462 -0.14030297
v -0.10698382 -0.23131193 -0.17058790
v -0.12001381 -0.23035730 -0.15714937
v -0.03173654 0.18048804 -0.09694423
v -0.02062124 0.18430525 -0.10559942
v -0.02643834 0.18188530 -0.11446904
v -0.03758791 0.18016584 -0.10372896
v -0.17956811 -0.34091622 -0.13820103
v -0.18172237 -0.37074855 -0.13943799
v -0.18811288 -0.36725193 -0.11276889
v -0.18441623 -0.33909875 -0.11127593
v 0.00305235 0.17394295 -0.12545229
v -0.01226227 0.17864680 -0.12128487
v -0.00713151 0.18245108 -0.11068858
v 0.00580535 0.17842613 -0.11373392
v -0.17900780 -0.31404373 -0.11260070
v -0.17461759 -0.31357977 -0.13801852
v -0.04232712 0.16853185 -0.09038433
v -0.03542247 0.16902271 -0.08330493
v -0.04201646 0.15315023 -0.07964714
v -0.03555660 0.15717587 -0.07264994
v -0.03179283 0.14702745 -0.06147255
v -0.18870872 -0.36868247 -0.08610137
v -0.18317163 -0.34238279 -0.08647721
v -0.01956324 0.18548150 -0.09247230
v -0.00846767 0.18681237 -0.09742509
v 0.00517100 0.18525796 -0.10059690
v 0.01828760 0.18498841 -0.10059600
v -0.13874114 -0.24590813 -0.13953140
v -0.14490014 -0.24554671 -0.11918759
v -0.13672009 -0.49013114 -0.19166157
v -0.10895217 -0.49489015 -0.19851081
v -0.10812212 -0.50760561 -0.18563890
v -0.14083573 -0.50389975 -0.17936999
v -0.04009080 -0.48161101 -0.19815844
v -0.03761880 -0.49269307 -0.18045183
v -0.07261454 -0.50343925 -0.18580881
v -0.07599872 -0.49158496 -0.20079952
v -0.06955229 -0.36339074 -0.22896653
v -0.06873988 -0.34008610 -0.22200988
v -0.04033848 -0.34143308 -0.22188719
v -0.04050618 -0.36414915 -0.22837959
v -0.11472473 -0.24833988 -0.17204155
v -0.12814562 -0.24675693 -0.15784520
v -0.14557645 -0.24607195 -0.09807150
v -0.20620170 -0.50767678 -0.09779815
v -0.20109442 -0.54372776 -0.09597497
v -0.19707841 -0.54261482 -0.06019498
v -0.20055121 -0.50573713 -0.06025131
v -0.16677964 -0.54822803 -0.15060523
v -0.17105398 -0.51970118 -0.15733582
v -0.13891503 -0.52392572 -0.17043945
v -0.13503614 -0.54848808 -0.16244797
v -0.07967307 -0.24821775 -0.02875522
v -0.10005962 -0.26258999 -0.03345400
v -0.08302375 -0.26639095 -0.02285805
v -0.03256154 -0.25722969 -0.00890522
v -0.04952092 -0.25386217 -0.01380737
v -0.05017231 -0.27258068 -0.00726043
v -0.03286786 -0.27552763 -0.00257225
v -0.04270757 -0.38164356 -0.00979616
v -0.02906389 -0.38085139 -0.00830354
v -0.03062250 -0.36025700 -0.00391375
v -0.04619857 -0.35976014 -0.00672378
v -0.17511830 -0.34640101 -0.06264506
v -0.15994483 -0.35058123 -0.04355784
v -0.15401408 -0.32973188 -0.04663852
v -0.16831949 -0.32448468 -0.06537643
v -0.03600705 -0.49935460 -0.15980250
v -0.06816158 -0.51188815 -0.16717280
v -0.18117401 -0.54035884 -0.02734701
v -0.18201759 -0.50307864 -0.02777500
v -0.15534106 -0.54089850 -0.00221868
v -0.12389690 -0.53932595 0.00822033
v -0.12569457 -0.50657749 0.00579931
v -0.15692699 -0.50455362 -0.00499836
v -0.04800413 -0.45050263 -0.03390394
v -0.03338587 -0.46911317 -0.05166690
v -0.03044997 -0.45964658 -0.05037309
v -0.04165044 -0.43804875 -0.03142664
v -0.04101301 -0.46735603 -0.21226981
v -0.07451323 -0.47595191 -0.21291342
v -0.07217976 -0.45696086 -0.22408354
v -0.04069257 -0.45104709 -0.22181328
v -0.09223345 -0.23220180 -0.18003929
v -0.09904355 -0.25055796 -0.18245526
v -0.07670811 -0.23289447 -0.18586020
v -0.08781489 -0.21169116 -0.18226172
v -0.07208343 -0.21099381 -0.18787158
v -0.05924086 -0.06016150 -0.22685270
v -0.07657152 -0.06929752 -0.21880192
v -0.08170564 -0.04448811 -0.22291660
v -0.06434721 -0.03200144 -0.23055476
v -0.01899067 0.09383753 -0.20517127
v -0.01822903 0.10707778 -0.19809431
v -0.09841936 -0.54088807 -0.16521758
v -0.06047745 -0.52235872 -0.15388924
v -0.06963503 -0.56122500 -0.15062357
v -0.10277075 -0.56964582 -0.15831023
v -0.18393639 -0.57638174 -0.12408908
v -0.19034111 -0.54517335 -0.12796371
v -0.16238987 -0.57673848 -0.14502752
v -0.19515321 -0.57663387 -0.09374128
v -0.19242886 -0.57599288 -0.05858086
v -0.15269947 -0.57424718 -0.00044139
v -0.12140902 -0.57199353 0.00866902
v -0.04526154 -0.53859955 -0.03323422
v -0.06534679 -0.53919750 -0.01319660
v -0.06322953 -0.56612349 -0.01564355
v -0.04461841 -0.56363285 -0.03730008
v -0.08070891 -0.38810530 -0.01495561
v -0.11299515 -0.37136644 -0.02162407
v -0.11772694 -0.39336732 -0.01851214
v -0.09068736 -0.41006789 -0.01582988
v -0.03587402 -0.23875110 -0.01736037
v -0.04859464 -0.23527370 -0.02168378
v -0.06416811 -0.25123942 -0.02035496
v -0.06156898 -0.23259722 -0.02740468
v -0.07639078 -0.23022656 -0.03576441
v -0.04534429 -0.14912371 -0.03876819
v -0.06156174 -0.14815257 -0.04575782
v -0.05920620 -0.16941807 -0.04217398
v -0.04399463 -0.17044479 -0.03532475
v -0.04680524 -0.12715107 -0.04315250
v -0.06366748 -0.12615241 -0.05014440
v -0.04420142 -0.08823867 -0.05866610
v -0.06263910 -0.07806097 -0.05829854
v -0.05983433 -0.08896165 -0.06253919
v -0.02761540 0.03061225 -0.04003303
v -0.02916763 0.01519549 -0.03794591
v -0.18193588 -0.37092823 -0.06027874
v -0.03566185 -0.52356148 -0.12806769
v -0.02536367 -0.52921516 -0.10401507
v -0.03050835 -0.55717498 -0.10827324
v -0.04363642 -0.55712509 -0.13231556
v -0.17680189 -0.31891957 -0.08744939
v -0.13432410 -0.23362197 -0.08231875
v -0.14137545 -0.24882783 -0.07751980
v -0.12049346 -0.09214070 -0.11968656
v -0.11649544 -0.07201037 -0.11905199
v -0.07581259 -0.03473094 -0.03714143
v -0.07735268 -0.04312248 -0.03845380
v -0.19578043 -0.51165181 -0.13226554
v -0.14506418 -0.63656396 -0.00039716
v -0.11503261 -0.63513339 0.00600623
v -0.11919920 -0.60363829 0.00759582
v -0.14873725 -0.60605019 -0.00086196
v -0.03691227 -0.59087461 -0.06472720
v -0.04566925 -0.59190893 -0.04231624
v -0.04850098 -0.62240130 -0.04636441
v -0.04156293 -0.62186074 -0.06948428
v -0.04632486 -0.65300792 -0.07215680
v -0.05096693 -0.65460056 -0.04830939
v -0.05249750 -0.68514335 -0.05255754
v -0.04980515 -0.68341726 -0.07529494
v -0.17709488 -0.57593262 -0.02531578
v -0.18001905 -0.63798773 -0.05274871
v -0.16814819 -0.63817924 -0.02272324
v -0.17226237 -0.60764980 -0.02400003
v -0.18528593 -0.60738647 -0.05559769
v -0.13492894 -0.57532895 -0.15597884
v -0.03312820 -0.56191903 -0.06078488
v -0.03223728 -0.53810054 -0.05503576
v -0.04790952 -0.62363106 -0.11227952
v -0.06192835 -0.62566924 -0.13266775
v -0.05290274 -0.59283561 -0.13273950
v -0.03869690 -0.59056097 -0.11059053
v -0.15988070 -0.63260895 -0.13398142
v -0.17637801 -0.63418949 -0.11286171
v -0.17993644 -0.60539562 -0.11784162
v -0.16116732 -0.60491467 -0.13832690
v -0.18293020 -0.63607395 -0.08486296
v -0.18837714 -0.60629928 -0.08874004
v -0.17137408 -0.69709277 -0.04684210
v -0.15807739 -0.69748163 -0.02003570
v -0.16368073 -0.66840023 -0.02102704
v -0.17574877 -0.66826850 -0.04987182
v -0.17664939 -0.69446164 -0.07786879
v -0.17981374 -0.66542614 -0.08152784
v -0.17448488 -0.66247404 -0.10853381
v -0.17210722 -0.69077367 -0.10366480
v -0.15774646 -0.68778360 -0.12313147
v -0.15910378 -0.66015083 -0.12933674
v -0.13819581 -0.65928382 -0.14166057
v -0.13904306 -0.68603265 -0.13611525
v -0.11451906 -0.65760875 -0.14677957
v -0.09035306 -0.65668947 -0.14175460
v -0.09590227 -0.68363136 -0.13777302
v -0.11825318 -0.68456674 -0.14099464
v -0.06148769 -0.68314660 -0.11413318
v -0.07618022 -0.68346089 -0.12922578
v -0.06945980 -0.65581208 -0.13078254
v -0.05549336 -0.65450710 -0.11303239
v -0.07931498 -0.79245412 -0.12003370
v -0.09716721 -0.79089069 -0.12311862
v -0.09147476 -0.76323003 -0.12523226
v -0.07387155 -0.76447189 -0.11946759
v -0.11351991 -0.78926319 -0.12667751
v -0.13111943 -0.78927171 -0.12763596
v -0.12607975 -0.76250285 -0.12728375
v -0.10929035 -0.76254368 -0.12611501
v -0.15529662 -0.76551926 -0.10765217
v -0.14264062 -0.76315105 -0.12184691
v -0.14705548 -0.78962219 -0.12126198
v -0.15844664 -0.79180586 -0.10619903
v -0.17021161 -0.79518664 -0.08797975
v -0.16920057 -0.76925051 -0.09020324
v -0.16962430 -0.79862154 -0.06660672
v -0.17165357 -0.77321720 -0.06808017
v -0.15771878 -0.77611595 -0.04455234
v -0.15515193 -0.80056202 -0.04461305
v -0.05850763 -0.79959774 -0.07442115
v -0.05751531 -0.79630542 -0.09392954
v -0.05337129 -0.76789051 -0.09012394
v -0.05640352 -0.77148318 -0.07072024
v -0.07976026 -0.77607530 -0.03086524
v -0.09656148 -0.77608407 -0.00936247
v -0.09577607 -0.80257857 -0.01810832
v -0.08233766 -0.80343246 -0.04136114
v -0.17364448 -0.72131395 -0.07448134
v -0.16677704 -0.72476012 -0.04447530
v -0.15596113 -0.71405631 -0.11726592
v -0.16966316 -0.71758711 -0.09866610
v -0.06626268 -0.71036303 -0.11612932
v -0.08206464 -0.70993203 -0.12816603
v -0.05349354 -0.71468544 -0.05821627
v -0.05138408 -0.71228021 -0.07994531
v -0.12770736 -0.72320753 -0.00560139
v -0.15131664 -0.72469544 -0.01986156
v -0.14552158 -0.75104707 -0.01952107
v -0.12391478 -0.75011200 -0.00575168
v -0.17137116 -0.74764973 -0.07137795
v -0.16845536 -0.74345666 -0.09411199
v -0.15477419 -0.73965007 -0.11159308
v -0.14057466 -0.73748213 -0.12515250
v -0.12357181 -0.73652703 -0.13000402
v -0.10525056 -0.73609823 -0.12874097
v -0.08676274 -0.73632485 -0.12645556
v -0.07021985 -0.73705798 -0.11823812
v -0.05270919 -0.74023592 -0.08520539
v -0.05563502 -0.74342304 -0.06487116
v -0.12159576 -0.77663040 -0.00504942
v -0.14291969 -0.77668798 -0.02058114
v -0.14332628 -0.80097365 -0.02378727
v -0.11967018 -0.80105567 -0.01174985
v -0.11934859 -0.82497960 -0.02017887
v -0.09753522 -0.82615340 -0.02644126
v -0.11929435 -0.81751633 -0.12680960
v -0.13463935 -0.81640142 -0.12677363
v -0.15006337 -0.81699049 -0.12033674
v -0.17229182 -0.82071507 -0.08794859
v -0.16733491 -0.82454735 -0.06348534
v -0.15530196 -0.82681912 -0.04207264
v -0.14154392 -0.82403004 -0.02602807
v -0.07257454 -0.85086644 -0.09463248
v -0.06547383 -0.82259887 -0.09375502
v -0.06467576 -0.82416695 -0.07680275
v -0.07191274 -0.85255802 -0.07798453
v -0.09043191 -0.84945780 -0.11960705
v -0.10532283 -0.84771723 -0.12912615
v -0.10313848 -0.81885701 -0.12044981
v -0.08846402 -0.82132423 -0.11596848
v -0.12242062 -0.84596169 -0.13411346
v -0.14048022 -0.84500945 -0.13130471
v -0.15690932 -0.84444362 -0.12378361
v -0.16374350 -0.81789976 -0.10714787
v -0.17024121 -0.84521151 -0.10919766
v -0.17372626 -0.84795517 -0.08680832
v -0.16736108 -0.85176510 -0.05764724
v -0.15122044 -0.88525534 -0.03736337
v -0.14755714 -0.85507929 -0.03847153
v -0.17047766 -0.88121194 -0.05543618
v -0.12806968 -0.98376507 -0.03919053
v -0.15133634 -0.98078483 -0.04095076
v -0.14875913 -1.01525128 -0.04304266
v -0.12775160 -1.01845109 -0.04102428
v -0.07604092 -0.88206846 -0.07909071
v -0.07487854 -0.88237590 -0.09800445
v -0.09002408 -0.88053113 -0.12659785
v -0.10660109 -0.87833190 -0.13691869
v -0.18129542 -0.90831715 -0.08601525
v -0.17746750 -0.87722057 -0.08461554
v -0.17431286 -0.87454569 -0.10978548
v -0.17721730 -0.90608531 -0.11124671
v -0.07511444 -0.98016292 -0.08011760
v -0.07325312 -0.98068696 -0.09932686
v -0.07210646 -0.94732010 -0.10049577
v -0.07412287 -0.94673234 -0.08015162
v -0.08861672 -0.91329646 -0.12918782
v -0.08850256 -0.94647753 -0.13036966
v -0.10501039 -0.94453442 -0.14127615
v -0.10568412 -0.91118270 -0.14032945
v -0.17910907 -0.97628647 -0.08540830
v -0.18190673 -0.94120461 -0.08668202
v -0.17844537 -0.93993032 -0.11131674
v -0.17635423 -0.97578877 -0.10919259
v -0.17361933 -0.91157836 -0.05749531
v -0.17347759 -0.94348204 -0.05935897
v -0.15351409 -0.94755816 -0.03969410
v -0.15247726 -0.91539693 -0.03775835
v -0.12821758 -0.94964647 -0.03740196
v -0.12629876 -0.91764033 -0.03624733
v -0.08504605 -1.05236149 -0.09293269
v -0.07857292 -1.01588809 -0.09645307
v -0.08007014 -1.01660919 -0.07836150
v -0.08659628 -1.05410755 -0.07663004
v -0.10666282 -0.97943658 -0.13872880
v -0.09028701 -0.98020691 -0.12898734
v -0.09427804 -1.01577938 -0.12338790
v -0.10969776 -1.01528490 -0.13209753
v -0.16901124 -1.05161560 -0.08093737
v -0.17471331 -1.01328480 -0.08330496
v -0.17177367 -1.01372290 -0.10532743
v -0.16532990 -1.05181253 -0.10166125
v -0.14662004 -1.05268764 -0.04503413
v -0.16747007 -1.01305163 -0.05893369
v -0.16339147 -1.05157685 -0.05967838
v -0.14238921 -1.08976066 -0.04454987
v -0.12526619 -1.09215736 -0.04281819
v -0.12692998 -1.05525994 -0.04280064
v -0.09259234 -1.08922827 -0.07438581
v -0.08966527 -1.08810771 -0.08888963
v -0.11178263 -1.08583701 -0.11772652
v -0.11193790 -1.05090392 -0.12418781
v -0.09803301 -1.05199039 -0.11617006
v -0.09952780 -1.08729780 -0.10966885
v -0.14441451 -1.05280364 -0.12376919
v -0.12835580 -1.05141866 -0.12687056
v -0.12722346 -1.08587968 -0.11997972
v -0.14191219 -1.08739817 -0.11657380
v -0.15785640 -1.08613634 -0.09664789
v -0.15699258 -1.05249441 -0.11517658
v -0.15117481 -1.08706820 -0.10866852
v -0.16284731 -1.08579683 -0.07760355
v -0.15874419 -1.08736074 -0.05763319
v -0.02491777 -0.49417776 -0.11491048
v -0.02280374 -0.50047201 -0.09030722
v -0.02455400 -0.51081675 -0.09750535
v -0.03218039 -0.50196880 -0.12180004
v -0.06344196 -0.59506965 -0.01823767
v -0.06344417 -0.62718737 -0.02133395
v -0.06286934 -0.68848938 -0.03003278
v -0.06390066 -0.65902287 -0.02429931
v -0.06354937 -0.71783692 -0.03661223
v -0.06528577 -0.74666703 -0.04420926
v -0.06643946 -0.77526456 -0.05241354
v -0.06807336 -0.80211347 -0.05866018
v -0.07352369 -0.82790822 -0.06071465
v -0.07920765 -0.85529387 -0.05963123
v -0.08555534 -0.91349155 -0.06109457
v -0.07561719 -0.91397232 -0.07998109
v -0.08415730 -0.88361317 -0.06021427
v -0.08611492 -0.98077589 -0.06057610
v -0.08528654 -0.94618082 -0.06098951
v -0.09011553 -1.01840436 -0.06076370
v -0.09506956 -1.05620587 -0.06108858
v -0.10056029 -1.09101796 -0.06017877
v -0.09743515 -0.48151237 -0.00162913
v -0.07064830 -0.48996621 -0.01305839
v -0.07261127 -0.46874559 -0.01495600
v -0.09807900 -0.45552033 -0.00670534
v -0.02779138 -0.47704941 -0.06512932
v -0.02395612 -0.48046225 -0.07636143
v -0.02310293 -0.47506005 -0.07529451
v -0.02668967 -0.47026914 -0.06372273
v -0.16213074 -0.75053859 -0.04395702
v -0.13922149 -0.71207410 -0.13050136
v -0.12081525 -0.71074039 -0.13427015
v -0.10116271 -0.70978814 -0.13335615
v -0.07918099 -0.72018629 -0.01624447
v -0.10139102 -0.72163689 -0.00431512
v -0.09859760 -0.74925441 -0.00643922
v -0.07787504 -0.74906045 -0.02108108
v -0.12312309 -0.89050376 -0.03588486
v -0.10363933 -0.91619486 -0.04560962
v -0.10091006 -0.88721365 -0.04383981
v -0.12140086 -0.86526293 -0.03436337
v -0.14581338 -0.87467074 -0.13668191
v -0.16267627 -0.87382257 -0.12742496
v -0.14812541 -0.90632552 -0.14162931
v -0.12647158 -0.87582761 -0.13952491
v -0.12690663 -0.90842980 -0.14442344
v -0.08395600 -0.66359252 -0.00496618
v -0.10999560 -0.66536772 0.00355110
v -0.10517500 -0.69409508 -0.00047691
v -0.08088895 -0.69196665 -0.01042952
v -0.10438832 -0.17338848 -0.16825435
v -0.09171790 -0.17019835 -0.18034346
v -0.11710156 -0.05105641 -0.08839521
v -0.11603713 -0.06044434 -0.10169716
v -0.10853734 -0.06861769 -0.09050022
v -0.11042446 -0.05933641 -0.07990156
v -0.12136687 -0.04110130 -0.09499371
v -0.12105108 -0.04980211 -0.10911110
v -0.12372629 -0.02959863 -0.10029890
v -0.12403856 -0.03737211 -0.11448833
v -0.13044313 0.02764274 -0.11839781
v -0.13660958 0.03771659 -0.11812329
v -0.04661106 -0.10664114 -0.05042407
v -0.02853269 -0.10891460 -0.04563843
v -0.02716732 -0.09207273 -0.05299835
v -0.06656091 -0.26965457 -0.01362519
v -0.05866859 -0.38374531 -0.01241449
v -0.06399842 -0.35875103 -0.01054253
v -0.08536002 -0.35623333 -0.01597860
v -0.02617515 -0.44048995 -0.03331278
v -0.04035287 -0.08084109 -0.22569412
v -0.04309816 -0.10988168 -0.21914211
v -0.00112514 0.11031708 -0.18553157
v 0.01599398 0.10268924 -0.17957273
v 0.00060153 0.13134573 -0.17082101
v 0.00205508 0.14041924 -0.16376194
v 0.01793649 0.13293342 -0.15843928
v 0.01690937 0.12392794 -0.16507621
v 0.01858427 0.16899587 -0.12457971
v 0.01833731 0.17766817 -0.11260934
v -0.02400006 -0.48619002 -0.07809867
v -0.02076716 -0.48509789 -0.09634604
v -0.02088781 -0.48128235 -0.08984846
v -0.04735943 -0.51635247 -0.03024209
v -0.03303004 -0.51827526 -0.05047378
v -0.03457904 -0.50236535 -0.04734567
v -0.04945740 -0.49741596 -0.02895181
v -0.20094925 -0.46821254 -0.05933128
v -0.20780724 -0.46972448 -0.09608558
v -0.10351943 -0.52079648 -0.17308226
v -0.29667121 0.04804496 -0.11352201
v -0.30018029 0.05663099 -0.12049592
v -0.27692425 0.05747192 -0.12739317
v -0.27357838 0.04925644 -0.12015497
v -0.03119398 0.01796039 -0.23304106
v -0.04154814 -0.01356929 -0.23442304
v -0.04707811 0.14999048 -0.08314894
v -0.09414711 0.17138945 -0.09915881
v -0.09350965 0.15580419 -0.08020426
v -0.08546353 0.15500663 -0.08332975
v -0.08554091 0.17129409 -0.10094233
v -0.09766378 0.14345253 -0.16948131
v -0.09629685 0.15718837 -0.15800011
v -0.08745970 0.15684183 -0.16321744
v -0.08769356 0.14230666 -0.17579314
v -0.03980868 -0.38798252 -0.23246659
v -0.06925623 -0.38791296 -0.23329054
v -0.03441503 -0.18446442 -0.19701153
v -0.05140854 -0.18683361 -0.19578473
v -0.04812128 -0.16340464 -0.20280521
v -0.03156410 -0.16051276 -0.20400827
v -0.05952378 0.00705812 -0.23228495
v -0.07383642 -0.01018653 -0.22851922
v -0.03239305 -0.02478362 -0.03443353
v -0.04656713 -0.02060271 -0.03492801
v -0.04870062 -0.03406801 -0.03383632
v -0.03465549 -0.03894099 -0.03473724
v -0.24558833 0.08762488 -0.14150000
v -0.22617891 0.08131397 -0.14669667
v -0.23067197 0.06755366 -0.14203511
v -0.25243905 0.06894080 -0.13860357
v -0.19631976 -0.47200274 -0.13753641
v -0.17157605 -0.49352211 -0.16608304
v -0.11763976 -0.13208801 -0.16919933
v -0.10552648 -0.12911166 -0.18630721
v -0.10394476 -0.15212885 -0.17732877
v -0.11598282 -0.15479508 -0.16107653
v -0.11578729 -0.06879252 -0.18053856
v -0.11669862 -0.08807601 -0.17867783
v -0.11841483 -0.05052044 -0.18236995
v -0.15128013 0.05056851 -0.15896010
v -0.15863800 0.05493376 -0.15292421
v -0.15135410 0.05538433 -0.16203119
v -0.06767029 -0.51345456 -0.01206896
v -0.06818780 -0.43015087 -0.02085166
v -0.06021018 -0.41569275 -0.01899846
v -0.02118114 -0.47705275 -0.08602598
v -0.03221079 0.16201423 -0.06358995
v -0.02982525 0.15320070 -0.05303873
v -0.18799216 0.05743238 -0.12938306
v -0.20588270 0.05483254 -0.12553452
v -0.14183685 0.03283035 -0.14641374
v -0.14236724 0.03428311 -0.15760550
v -0.13673642 0.02645647 -0.16065089
v -0.13707843 0.02429179 -0.14805773
v -0.14153764 0.03768268 -0.16550830
v -0.13478211 0.03078971 -0.16988282
v -0.09610680 0.06460924 -0.05945773
v -0.09325010 0.08589925 -0.06153868
v -0.10168087 0.08487289 -0.06416202
v -0.10347166 0.06434444 -0.06346349
v -0.08763953 0.06092366 -0.05622925
v -0.07775167 0.05653503 -0.05269247
v -0.07483488 0.07831813 -0.05638507
v -0.08494713 0.08301264 -0.05929492
v -0.03763726 0.11706066 -0.05723225
v -0.04865414 0.13033560 -0.06979083
v -0.02397152 0.10567769 -0.04789536
v -0.01189394 0.09744017 -0.04011174
v 0.01777831 0.16059965 -0.13552563
v 0.01810336 0.15076314 -0.14350154
v 0.00386977 0.15684132 -0.14769009
v 0.00005172 0.16692844 -0.13802579
v -0.02456103 0.13939667 -0.05017382
v -0.01545483 0.13125616 -0.04259181
v -0.00609451 0.11693992 -0.04046881
v -0.24638659 0.12042801 -0.07336284
v -0.26860970 0.11510283 -0.06823124
v -0.02740078 0.17999014 -0.08456984
v -0.03107218 0.17129280 -0.07457177
v -0.24984387 0.12633349 -0.08606455
v -0.27251935 0.12039652 -0.08091380
v -0.07809141 0.15254353 -0.08396557
v -0.08772618 0.13246325 -0.07213311
v -0.08091971 0.12920804 -0.07163298
v -0.02400070 0.14612886 -0.04280309
v -0.01612360 0.13785157 -0.03623478
v -0.20295626 -0.43136394 -0.09100047
v -0.19651866 -0.43069625 -0.05904135
v -0.12391634 -0.18070292 -0.09855424
v -0.12722631 -0.17862886 -0.11680986
v -0.02844945 -0.15090258 -0.03508984
v -0.02819419 -0.17216116 -0.03156365
v 0.00138298 0.13719599 -0.02117820
v -0.04544513 -0.21476828 -0.02769491
v -0.02905059 -0.21940716 -0.02488290
v -0.02829677 -0.19472334 -0.02865127
v -0.04410434 -0.19228309 -0.03179865
v -0.02404151 -0.25158155 -0.00891168
v -0.02470984 -0.24155168 -0.01437473
v -0.02793567 -0.39825651 -0.01195966
v -0.03827819 -0.39949968 -0.01308213
v -0.16924495 0.10713162 -0.07335699
v -0.16710052 0.12720308 -0.07262747
v -0.18301687 0.12321222 -0.07292786
v -0.18430743 0.10482357 -0.07216403
v -0.05961822 -0.21213953 -0.03349434
v -0.07434602 -0.21058030 -0.04275759
v -0.12549534 0.01664984 -0.12005500
v -0.12208705 0.01973209 -0.10532668
v -0.02675961 -0.07782045 -0.04959841
v -0.06247838 -0.02852068 -0.03498487
v -0.06018355 -0.01588819 -0.03668895
v -0.07266724 -0.01124709 -0.04008889
v -0.07429437 -0.02281265 -0.03798243
v -0.02038150 -0.47802007 -0.09330234
v -0.17714906 0.12497795 -0.15318628
v -0.18842748 0.12697282 -0.14771219
v -0.18406722 0.13562791 -0.14392295
v -0.17288616 0.13478853 -0.14935705
v -0.02479250 -0.51714736 -0.07295658
v -0.02569423 -0.53537661 -0.07817100
v -0.03593899 -0.49979407 -0.13892604
v -0.02355667 -0.48965526 -0.13009331
v -0.08965219 -0.56935894 0.00230244
v -0.09284055 -0.53868687 0.00343288
v -0.08784527 -0.60069960 -0.00047942
v -0.08612217 -0.63263434 -0.00221638
v -0.08678104 -0.82919478 -0.04552701
v -0.09710532 -0.85697103 -0.04180495
v -0.10537974 -0.94844168 -0.04726124
v -0.10625008 -0.98295718 -0.04826896
v -0.10805546 -1.01931632 -0.04938674
v -0.10956415 -1.05721569 -0.05036975
v -0.11161651 -1.09238183 -0.04902719
v -0.27768391 0.11951618 -0.09466605
v -0.25453410 0.12593804 -0.10213564
v -0.26165387 0.11875015 -0.11523465
v -0.28485724 0.11301056 -0.10633166
v -0.24160844 0.04891529 -0.10713026
v -0.23577157 0.05327015 -0.09689663
v -0.25722218 0.04856922 -0.09124276
v -0.26276541 0.04545260 -0.10191341
v -0.28535616 0.04170305 -0.09664710
v -0.29136622 0.04304656 -0.10617386
v -0.26827329 0.04573479 -0.11175044
v -0.30000842 0.06912189 -0.12493933
v -0.29807588 0.08215532 -0.12507276
v -0.27423686 0.08491103 -0.13368997
v -0.27717897 0.06892069 -0.13245678
v -0.29032117 0.10403334 -0.11530001
v -0.26780227 0.10744265 -0.12399356
v -0.27158409 0.09605156 -0.12995899
v -0.29499897 0.09335357 -0.12178999
v -0.27103570 0.05999503 -0.06552580
v -0.27502990 0.05013115 -0.07473053
v -0.25234303 0.05585455 -0.08084032
v -0.24828014 0.06544917 -0.07158603
v -0.16785038 0.14715280 -0.07998192
v -0.18381160 0.14001454 -0.07981493
v -0.14113641 0.05841530 -0.10367054
v -0.13806418 0.06688619 -0.08842154
v -0.14798492 0.07353275 -0.09127189
v -0.14593250 0.06292313 -0.10617043
v -0.22080082 0.11402152 -0.06891973
v -0.20065811 0.11908080 -0.07164408
v -0.20246232 0.13227600 -0.07953009
v -0.22406936 0.12542731 -0.07720397
v -0.22622639 0.07010954 -0.07762612
v -0.23067307 0.06069726 -0.08663963
v -0.20879379 0.06382340 -0.09240420
v -0.20493835 0.07309226 -0.08295096
v -0.25348669 0.05803066 -0.13222340
v -0.23101020 0.05892058 -0.13594316
v -0.17132509 0.08987291 -0.07880521
v -0.18624637 0.08809562 -0.07705146
v -0.12161191 0.00837408 -0.10632361
v -0.13040996 0.00589968 -0.15052965
v -0.13306010 0.01571535 -0.14908220
v -0.11172266 -0.04776079 -0.07242562
v -0.11260337 -0.03641513 -0.06791908
v -0.12486220 -0.04128632 -0.13162205
v -0.12656584 -0.02529383 -0.13506250
v -0.11629986 -0.04207906 -0.07848783
v -0.11558207 -0.03570838 -0.07322998
v -0.07741622 -0.10497725 -0.06398539
v -0.00783131 0.10800797 -0.04172954
v -0.20085451 0.10136770 -0.06992552
v -0.20200890 0.08527055 -0.07498036
v -0.19301128 0.07423813 -0.15054794
v -0.19258681 0.06720362 -0.14682859
v -0.21002501 0.06777562 -0.14518726
v -0.20870799 0.07768629 -0.14956366
v -0.08746959 0.03821960 -0.21804246
v -0.07419550 0.02339278 -0.22661059
v -0.08462653 0.00953609 -0.22259246
v -0.09472869 0.02609232 -0.21412829
v -0.18113962 0.14813161 -0.13260491
v -0.18289676 0.15202962 -0.12341206
v -0.16793472 0.15776734 -0.12669644
v -0.16850579 0.15133874 -0.13662998
v -0.18425557 0.15352668 -0.11002992
v -0.18529546 0.15054962 -0.09385630
v -0.16848618 0.15920192 -0.09547321
v -0.16794592 0.16168907 -0.11307025
v -0.18451080 -0.40022737 -0.14397153
v -0.19311374 -0.39789385 -0.11648512
v -0.13161620 -0.25357443 -0.05981129
v -0.11689382 -0.25830933 -0.04554985
v -0.11070850 -0.34743655 -0.02342439
v -0.05042604 -0.46593916 -0.03124560
v -0.03412123 -0.47959924 -0.04946835
v -0.02866607 -0.56000686 -0.08368418
v -0.19558436 -0.39664915 -0.08844258
v -0.03497572 -0.59030986 -0.08729835
v -0.04193962 -0.62221187 -0.09034373
v -0.08481241 -0.62797379 -0.14529274
v -0.11093286 -0.63030595 -0.15011522
v -0.10710435 -0.60070634 -0.15469354
v -0.07788780 -0.59639066 -0.14911921
v -0.13697317 -0.63191766 -0.14599147
v -0.13587469 -0.60361093 -0.15129448
v -0.13393894 -0.69518310 -0.00386840
v -0.12634179 -0.94271559 -0.14588144
v -0.14744055 -0.97776729 -0.13920541
v -0.14834955 -0.94060999 -0.14275077
v -0.12683681 -0.97872108 -0.14247325
v -0.16629621 -0.93960273 -0.13054085
v -0.16524360 -0.90518367 -0.13047501
v -0.17095405 -0.97714549 -0.05903025
v -0.12825701 -1.01508737 -0.13556139
v -0.14638078 -1.01535285 -0.13196895
v -0.16162252 -1.01425028 -0.12148914
v -0.16504991 -0.97612268 -0.12724304
v -0.02567418 -0.50408500 -0.06734882
v -0.18115526 -0.46709013 -0.02876461
v -0.17766565 -0.43386272 -0.03041005
v -0.12289169 -0.41772357 -0.01158345
v -0.09587981 -0.43167940 -0.01182970
v -0.08829512 -0.18932420 -0.05862418
v -0.10318366 -0.18697798 -0.06865908
v -0.10304778 -0.14442304 -0.07936467
v -0.11450329 -0.14128701 -0.09360133
v -0.11442487 -0.16323715 -0.08803493
v -0.10268271 -0.16653746 -0.07420933
v -0.12765832 -0.13596077 -0.12953816
v -0.12544090 -0.13410954 -0.15006542
v -0.12433946 -0.15646678 -0.14286074
v -0.12657453 -0.15801711 -0.12339680
v -0.12478887 -0.17717849 -0.13553980
v -0.11646084 -0.17624278 -0.15253960
v -0.06191389 -0.14098185 -0.20662525
v -0.07695312 -0.14456661 -0.19966763
v -0.07612490 -0.11945213 -0.20928243
v -0.06003810 -0.11450285 -0.21532336
v -0.04916276 -0.40498957 -0.01559025
v -0.02753571 -0.48498780 -0.06440462
v -0.09555758 -0.50934434 0.00192602
v -0.12694257 -0.47441411 0.00148331
v -0.15594825 -0.47034103 -0.00791733
v -0.18329856 0.05989063 -0.12152314
v -0.11779655 0.05352899 -0.18814793
v -0.11680044 0.06292329 -0.18845972
v -0.20342681 0.14394522 -0.10840948
v -0.20455593 0.14196970 -0.09312081
v -0.18668613 0.07458083 -0.08624010
v -0.15389687 0.13156034 -0.07129893
v -0.15610990 0.10937001 -0.07240084
v -0.14352447 0.11161371 -0.06967658
v -0.13884363 -0.35949618 -0.03104179
v -0.16725028 -0.37480921 -0.03940533
v -0.14448375 -0.38261843 -0.02602188
v -0.02050375 -0.48524851 -0.12141026
v -0.07229195 -0.44850323 -0.01799889
v -0.04752884 -0.65346330 -0.09268002
v -0.05206052 -0.68300581 -0.09554678
v -0.05557888 -0.71093273 -0.09939136
v -0.05805265 -0.73843819 -0.10308836
v -0.06021077 -0.76606548 -0.10697094
v -0.06529307 -0.79337364 -0.10957280
v -0.07437904 -0.82149643 -0.10779904
v -0.07974254 -0.85035765 -0.10879928
v -0.07356051 -0.91432422 -0.09982410
v -0.07835941 -0.91398519 -0.11565720
v -0.07966303 -0.88138926 -0.11318116
v -0.07745457 -0.94738245 -0.11670509
v -0.07927594 -0.98091835 -0.11505291
v -0.08393725 -1.01586211 -0.11100817
v -0.09277687 -1.08700871 -0.10039593
v -0.08961709 -1.05165136 -0.10569960
v -0.01963938 -0.47914231 -0.10260504
v -0.01967150 -0.48223585 -0.11121623
v -0.07283265 0.12428796 -0.07077849
v -0.13513511 0.02541034 -0.13343330
v -0.13945073 0.03377210 -0.13316178
v -0.17168397 0.07560761 -0.08823012
v -0.24706328 0.10944672 -0.13178143
v -0.24019796 0.12286204 -0.12318284
v -0.18860146 0.06566132 -0.09726778
v -0.14544529 0.05623657 -0.11914332
v -0.14224297 0.05045168 -0.11778207
v -0.44326037 0.12757243 -0.02456830
v -0.44380081 0.13266079 -0.03490712
v -0.46199226 0.13501859 -0.02749239
v -0.46133789 0.12943479 -0.01806952
v -0.44435322 0.11823857 -0.01724453
v -0.46249169 0.12017407 -0.01222061
v -0.46678281 0.07417215 -0.03961767
v -0.46073043 0.07822666 -0.02982773
v -0.47893944 0.08499767 -0.02673943
v -0.48477706 0.08182953 -0.03638299
v -0.48295817 0.11262202 -0.00649714
v -0.48668069 0.10401078 -0.01017989
v -0.46860126 0.09964322 -0.01340434
v -0.46498731 0.10984422 -0.01052721
v -0.47260648 0.08116847 -0.06229848
v -0.47070098 0.09014086 -0.06964336
v -0.45426586 0.08093297 -0.07410397
v -0.45601442 0.07190151 -0.06583939
v -0.38864392 0.04974880 -0.04610123
v -0.39566320 0.04426902 -0.05543345
v -0.37882873 0.04022748 -0.05457713
v -0.37199396 0.04693352 -0.04582569
v -0.40646636 0.12419194 -0.03710561
v -0.40704206 0.12712723 -0.04962499
v -0.42531574 0.12980296 -0.04250969
v -0.42486036 0.12537785 -0.03104632
v -0.41233402 0.08861065 -0.02485187
v -0.41672093 0.07622330 -0.02902886
v -0.39702943 0.07267194 -0.03418382
v -0.39256421 0.08573198 -0.03063171
v -0.38719383 0.12190896 -0.04418822
v -0.38935852 0.12329045 -0.05707374
v -0.45008385 0.09584290 -0.01648377
v -0.45485383 0.08579519 -0.02219407
v -0.43606922 0.08064081 -0.02510010
v -0.43159109 0.09219939 -0.02012245
v -0.50502270 0.09832892 -0.05199499
v -0.50262755 0.10683383 -0.05714907
v -0.48680723 0.09869471 -0.06385510
v -0.48905492 0.09000573 -0.05762543
v -0.49119651 0.09724529 -0.01611654
v -0.49663240 0.09190404 -0.02354608
v -0.47327822 0.09149157 -0.01948811
v -0.48543975 0.13847539 -0.04147424
v -0.48212048 0.13921349 -0.03080167
v -0.46404228 0.13590598 -0.03900509
v -0.46761188 0.13424814 -0.05042093
v -0.42849350 0.06020238 -0.04420727
v -0.42231712 0.06640508 -0.03555386
v -0.44184449 0.07183729 -0.03247298
v -0.44781283 0.06685447 -0.04185088
v -0.40674144 0.11478396 -0.02798648
v -0.42593610 0.11631437 -0.02276315
v -0.45041206 0.12968907 -0.05896227
v -0.44571143 0.13277848 -0.04698654
v -0.42792758 0.12896776 -0.05491027
v -0.43253481 0.12400745 -0.06712113
v -0.42224041 0.10732105 -0.08306660
v -0.42823488 0.09481306 -0.08547696
v -0.44451430 0.10381880 -0.07952121
v -0.43858150 0.11536878 -0.07596011
v -0.40823752 0.05466590 -0.04596792
v -0.41495904 0.05111635 -0.05618548
v -0.43818191 0.06279935 -0.06817238
v -0.43722147 0.07135298 -0.07758214
v -0.41992593 0.06134622 -0.07979152
v -0.41962820 0.05344266 -0.06868811
v -0.35553670 0.09671840 -0.04017727
v -0.35494897 0.10949962 -0.04682678
v -0.36885315 0.11140504 -0.04055600
v -0.37078372 0.09868582 -0.03524245
v -0.36990780 0.11954613 -0.05199178
v -0.35454670 0.11670257 -0.05909199
v -0.33969149 0.10836947 -0.08208883
v -0.34419540 0.10023575 -0.09064083
v -0.35303295 0.10094121 -0.08601715
v -0.34888223 0.11017284 -0.07775973
v -0.39271989 0.08844958 -0.09635396
v -0.39700410 0.07341208 -0.09560741
v -0.41251770 0.08446389 -0.09077224
v -0.40708196 0.09862214 -0.09017421
v -0.38686830 0.05028411 -0.09272918
v -0.38863945 0.04202201 -0.08177429
v -0.40337655 0.05102549 -0.08128932
v -0.40086505 0.06070280 -0.09061973
v -0.33162203 0.04055559 -0.09569885
v -0.32734624 0.03592834 -0.08617897
v -0.34318638 0.03350581 -0.08208191
v -0.34746069 0.03919182 -0.09188208
v -0.31570974 0.04225842 -0.06388351
v -0.31179708 0.05181268 -0.05502003
v -0.32631311 0.04941481 -0.05140434
v -0.33064055 0.03957079 -0.05971110
v -0.31026608 0.10524590 -0.05651447
v -0.31243837 0.11190420 -0.06932700
v -0.32211694 0.11115122 -0.06373730
v -0.32058203 0.10202491 -0.05218190
v -0.38045484 0.07988854 -0.10025242
v -0.38205671 0.06252742 -0.10012844
v -0.34596875 0.03826240 -0.05643027
v -0.34046814 0.04760040 -0.04815397
v -0.35553670 0.04669510 -0.04621060
v -0.36211655 0.03838558 -0.05484806
v -0.33283642 0.07350434 -0.04374099
v -0.33157265 0.08545208 -0.04415144
v -0.34399068 0.08372897 -0.04220308
v -0.34785393 0.07050475 -0.04194491
v -0.33042568 0.09945668 -0.04804216
v -0.33127168 0.11015166 -0.05734719
v -0.34168535 0.10877566 -0.05181134
v -0.34201875 0.09726590 -0.04375388
v -0.36000416 0.08145995 -0.09856915
v -0.36549801 0.07129726 -0.10312159
v -0.37201098 0.07545181 -0.10153742
v -0.36626738 0.08562844 -0.09636134
v -0.37442440 0.04373988 -0.09146897
v -0.37454170 0.03574457 -0.08084489
v -0.36120984 0.06953969 -0.04106677
v -0.36651009 0.05663554 -0.04076059
v -0.35060421 0.05742354 -0.04131383
v -0.34385341 0.11358021 -0.06470253
v -0.33492342 0.04683713 -0.10354690
v -0.33698770 0.05508718 -0.10999705
v -0.32106796 0.05627064 -0.11463158
v -0.31882939 0.04771386 -0.10794130
v -0.31508207 0.04162893 -0.09955107
v -0.30986980 0.03876559 -0.08995761
v -0.29782075 0.04623875 -0.06858468
v -0.29362780 0.05535749 -0.05960727
v -0.29085591 0.06880493 -0.05305783
v -0.28895369 0.08489913 -0.05103071
v -0.30791491 0.08198391 -0.04847705
v -0.30899060 0.06552766 -0.04921867
v -0.29438692 0.11520737 -0.07472320
v -0.29030377 0.11009237 -0.06201771
v -0.30011261 0.11395292 -0.08759685
v -0.31649819 0.11146401 -0.08120412
v -0.35291356 0.03272494 -0.06803410
v -0.33694929 0.03373793 -0.07041737
v -0.45534554 0.12242383 -0.06812631
v -0.46079630 0.11216807 -0.07225560
v -0.47737697 0.11928549 -0.06438942
v -0.47230890 0.12845351 -0.05960205
v -0.49843985 0.11650515 -0.05810343
v -0.48240602 0.10901994 -0.06575972
v -0.44655851 0.10715826 -0.01446304
v -0.42800367 0.10441576 -0.01879396
v -0.48011184 0.12254818 -0.00718100
v -0.35761431 0.08263560 -0.04032917
v -0.37305853 0.08325227 -0.03687882
v -0.34812346 0.09007080 -0.09672284
v -0.33544517 0.09959698 -0.09492384
v -0.33998975 0.08990389 -0.10140279
v -0.38549736 0.10137045 -0.08767392
v -0.37821200 0.11091881 -0.07527059
v -0.36509508 0.10133719 -0.08233157
v -0.37403533 0.09234565 -0.09288183
v -0.35814425 0.06815352 -0.10495576
v -0.35326460 0.07960396 -0.10196768
v -0.34490642 0.07906018 -0.10616259
v -0.34860983 0.06689839 -0.10834552
v -0.32067996 0.08892855 -0.04697981
v -0.30835342 0.09387942 -0.04994136
v -0.32546532 0.09995767 -0.09986231
v -0.32132018 0.10659863 -0.09132305
v -0.30696329 0.10838959 -0.09796359
v -0.31124800 0.10098927 -0.10647935
v -0.33109891 0.10694399 -0.08644256
v -0.32982060 0.09073284 -0.10671206
v -0.31534457 0.09212583 -0.11337855
v -0.28877950 0.09909704 -0.05400555
v -0.33623415 0.06701932 -0.11253491
v -0.33374190 0.07975791 -0.11117023
v -0.31857929 0.08099885 -0.11726344
v -0.32069024 0.06814353 -0.11797990
v -0.46613121 0.10091995 -0.07259496
v -0.44968346 0.09219286 -0.07829814
v -0.38568732 0.03750785 -0.06772758
v -0.40192780 0.04392937 -0.06884940
v -0.36962435 0.03384578 -0.06704228
v -0.47126362 0.07548926 -0.05126648
v -0.48845559 0.08399191 -0.04775281
v -0.43473965 0.05872807 -0.05555387
v -0.45355240 0.06696268 -0.05403523
v -0.41573447 0.11780673 -0.07447323
v -0.36256546 0.04820793 -0.09801427
v -0.36201108 0.04021301 -0.09030932
v -0.37272421 0.05219550 -0.09923419
v -0.30279174 0.04024098 -0.07917331
v -0.32170725 0.03666732 -0.07464606
v -0.37442774 0.06569117 -0.10365936
v -0.27963680 0.04432141 -0.08499527
v -0.35877120 0.11332205 -0.07209091
v -0.33460405 0.11279942 -0.07017317
v -0.32627821 0.11162481 -0.07593475
v -0.47961763 0.13754618 -0.02023648
v -0.40898281 0.10186124 -0.02376606
v -0.37743220 0.06989791 -0.03894465
v -0.38252354 0.05840567 -0.04088520
v -0.36139748 0.05675830 -0.10417975
v -0.35055727 0.05502760 -0.10599406
v -0.34968844 0.04674481 -0.09934963
v -0.32083285 0.07768933 -0.04607306
v -0.32322830 0.06186853 -0.04606612
v -0.50479829 0.09218422 -0.04325719
v -0.33671394 0.05958488 -0.04326631
v -0.37378421 0.11850972 -0.06431194
v 0.01658819 0.11402376 -0.17188990
v -0.12191612 -0.05616907 -0.12645778
v -0.09692828 -0.08323947 -0.08628887
v -0.10714523 -0.07883099 -0.09935187
v -0.12766883 0.00418088 -0.13500914
v -0.13041508 0.01574570 -0.13374004
v -0.14504418 0.04465801 -0.13102774
v -0.14944869 0.05153441 -0.13012312
v -0.12540737 -0.02360016 -0.11865170
v -0.02233473 -0.23073147 -0.02079473
v -0.04819299 -0.25477666 -0.19352514
v -0.02776144 -0.25485495 -0.19320484
v -0.03091582 -0.27431300 -0.20050235
v -0.05382937 -0.27455404 -0.20004220
v -0.03406778 -0.29528010 -0.20871966
v -0.16414332 -0.31844318 -0.16308232
v -0.15731496 -0.29621518 -0.16258213
v -0.14264381 -0.30161870 -0.18252099
v -0.14908576 -0.32549950 -0.18453979
v -0.15909812 -0.27592030 -0.13931572
v -0.14809832 -0.27796125 -0.16119285
v -0.16725719 -0.29296356 -0.13863191
v -0.17160189 -0.29333591 -0.11454947
v -0.16397342 -0.27572012 -0.11623755
v -0.16945022 -0.29761779 -0.09063649
v -0.16246372 -0.27859429 -0.09276189
v -0.16138038 -0.30378202 -0.06806116
v -0.14805704 -0.30986592 -0.04963152
v -0.13422281 -0.33725390 -0.03357249
v -0.10901891 -0.32388851 -0.02472088
v -0.12981647 -0.31666768 -0.03544977
v -0.06705736 -0.33399481 -0.00805742
v -0.08750428 -0.33012700 -0.01543406
v -0.03181677 -0.33759454 0.00023237
v -0.04881869 -0.33631608 -0.00295658
v -0.07288376 0.10100639 -0.06205426
v -0.05481323 0.17585002 -0.13446283
v -0.06335853 0.17649004 -0.11691284
v -0.04373745 0.17752773 -0.12826759
v -0.07397224 0.13946281 -0.18360476
v -0.07486708 0.15394798 -0.17126480
v -0.05720208 0.14739960 -0.17879942
v -0.05661466 0.13409573 -0.18940894
v -0.03389816 0.17303979 -0.13979855
v -0.02900759 0.17444685 -0.13489239
v -0.04228877 0.17044839 -0.14848277
v -0.01198402 0.15564372 -0.15939179
v -0.02835781 0.16369168 -0.15691547
v -0.09523606 0.17513484 -0.12366211
v -0.09617711 0.16969064 -0.14336725
v -0.10470548 0.16938277 -0.14052066
v -0.10552650 0.17615169 -0.11991115
v -0.09908015 0.12908055 -0.17829856
v -0.09989294 0.11526161 -0.18469244
v -0.10929543 0.11748913 -0.17915386
v -0.10769979 0.13111541 -0.17322847
v -0.13183767 0.17442638 -0.10293145
v -0.13127816 0.17216937 -0.12372406
v -0.14145434 0.17076240 -0.11928862
v -0.14211300 0.17071770 -0.10000701
v -0.10555299 0.14500989 -0.16439164
v -0.04921037 0.03087637 -0.23103060
v -0.08044290 0.05253947 -0.21888007
v -0.06504224 0.04196671 -0.22595736
v -0.11578826 0.07247994 -0.18843392
v -0.10553647 0.06948480 -0.19683516
v -0.10754950 0.05842955 -0.19685009
v -0.13685364 0.07807688 -0.17644551
v -0.12603128 0.07521121 -0.18170227
v -0.14602095 0.09006034 -0.07712448
v -0.13527694 0.08758973 -0.07298158
v -0.13217810 0.11479522 -0.06797281
v -0.15133175 0.07128564 -0.16446343
v -0.16127253 0.07602223 -0.15903564
v -0.16004616 0.08112329 -0.16045821
v -0.14984754 0.07650065 -0.16631995
v -0.08619948 0.17535663 -0.12555963
v -0.13150057 0.16282932 -0.13930503
v -0.13185793 0.15205568 -0.14991999
v -0.14346349 0.15347813 -0.14540480
v -0.14249566 0.16335499 -0.13459268
v -0.13497540 0.13953456 -0.15958051
v -0.13735494 0.12758172 -0.16544935
v -0.14876732 0.13048305 -0.16099837
v -0.14638719 0.14180249 -0.15445152
v -0.15892735 0.08777338 -0.16209486
v -0.14717665 0.08303827 -0.16859536
v -0.15412766 0.15339115 -0.08068535
v -0.11328831 0.17205851 -0.08971383
v -0.11086001 0.15305148 -0.07207492
v -0.10174150 0.15526149 -0.07601647
v -0.10377550 0.17191003 -0.09464240
v -0.17059833 0.05735723 -0.13476101
v -0.16613197 0.05876691 -0.12674752
v -0.17408010 0.05737323 -0.14202039
v -0.15226787 0.06208405 -0.16283722
v -0.17665944 0.06005988 -0.14661554
v -0.15901676 0.07609154 -0.09071720
v -0.15814391 0.09064278 -0.07995532
v -0.11066476 0.12584433 -0.06713359
v -0.10247511 0.13024606 -0.06807569
v -0.15434366 0.16557825 -0.09761591
v -0.15381190 0.16724113 -0.11579475
v -0.17690119 0.08162913 -0.15660726
v -0.18924913 0.08654657 -0.15561934
v -0.17506734 0.08648531 -0.15834892
v -0.13926989 0.05415150 -0.17353944
v -0.15212733 0.06687116 -0.16314180
v -0.11460173 0.17877460 -0.11247675
v -0.15363547 0.16165166 -0.13054526
v -0.15587834 0.15254597 -0.14156660
v -0.12492203 0.13693272 -0.16412625
v -0.12248060 0.14949724 -0.15520404
v -0.11364179 0.14691637 -0.16013622
v -0.11585930 0.13386109 -0.16876180
v -0.16100577 0.13317437 -0.15580179
v -0.16477159 0.12176178 -0.15894488
v -0.12699559 0.12416539 -0.17001531
v -0.11778852 0.12066112 -0.17463666
v -0.17364505 0.09303088 -0.15962927
v -0.09502020 0.13265339 -0.07041331
v -0.09845968 0.10846756 -0.06633811
v -0.09069391 0.10870457 -0.06545925
v -0.11406683 0.09802556 -0.06755352
v -0.10563443 0.10453016 -0.06696767
v -0.12484200 0.09030105 -0.06933440
v -0.08291619 0.10542083 -0.06402425
v -0.36981559 0.06089415 -0.10388549
v -0.20099628 0.09171426 -0.15315096
v -0.19194826 0.08115198 -0.15371224
v -0.20506167 0.08578540 -0.15211093
v -0.24845800 0.09988356 -0.13684723
v -0.35552171 0.09109671 -0.09250507
v -0.36199784 0.09206022 -0.09011699
v -0.39990619 0.10997023 -0.08154128
v -0.40990847 0.12437327 -0.06203844
v -0.39347312 0.11829725 -0.06891975
v -0.38773802 0.11326501 -0.03377584
v -0.38917401 0.09964006 -0.02927171
v -0.40241227 0.06231476 -0.03884225
v -0.41675922 0.07191543 -0.08711462
v -0.51280427 0.13643040 0.00291674
v -0.51349694 0.14352004 -0.00409658
v -0.53047007 0.14645936 0.00404495
v -0.53020978 0.13873830 0.00993064
v -0.54913336 0.13194337 0.01725282
v -0.53216183 0.13009810 0.01093419
v -0.54697168 0.14084403 0.01791011
v -0.55201507 0.12537581 0.01286145
v -0.53518832 0.12318796 0.00751525
v -0.55540550 0.12149428 0.00632213
v -0.55897111 0.11814415 -0.00040118
v -0.54287809 0.11421759 -0.00442533
v -0.53885144 0.11785722 0.00196929
v -0.54680246 0.11278135 -0.01176611
v -0.54990309 0.11346850 -0.01973373
v -0.53425717 0.10553741 -0.02444629
v -0.53020972 0.10622279 -0.01589228
v -0.56546414 0.12940313 -0.02652094
v -0.56339955 0.13677764 -0.02789886
v -0.54872334 0.13037881 -0.03505929
v -0.55120069 0.12241136 -0.03336374
v -0.52651340 0.13948564 -0.03879231
v -0.53008145 0.13136899 -0.04208146
v -0.54584950 0.13887277 -0.03388430
v -0.54228795 0.14662977 -0.03093465
v -0.55727786 0.15360919 -0.02460079
v -0.55370516 0.15699011 -0.01693127
v -0.53927332 0.15062298 -0.02414663
v -0.47897136 0.13162185 -0.01178817
v -0.49589786 0.13391326 -0.00453480
v -0.49730587 0.12484020 -0.00105061
v -0.50409669 0.10859427 -0.00659610
v -0.50021565 0.11593504 -0.00232601
v -0.51779646 0.11938432 0.00252949
v -0.52162981 0.11317608 -0.00238706
v -0.50163394 0.08985326 -0.03299837
v -0.51347268 0.09921961 -0.02000625
v -0.51813775 0.09779263 -0.02886431
v -0.52582848 0.10884532 -0.00846978
v -0.50864667 0.10353446 -0.01273745
v -0.53651804 0.10820882 -0.03320284
v -0.55157530 0.11648403 -0.02763669
v -0.51633036 0.14648469 -0.01359703
v -0.51961946 0.14693363 -0.02346359
v -0.53608620 0.15153830 -0.01473342
v -0.53289735 0.15052183 -0.00492899
v -0.52081555 0.10026279 -0.03813165
v -0.50287408 0.14273201 -0.03233309
v -0.49939805 0.14288296 -0.02220096
v -0.52318716 0.14479077 -0.03257589
v -0.50684446 0.13926296 -0.04135568
v -0.54852861 0.15443870 0.00312355
v -0.54715443 0.14989449 0.01244859
v -0.49664319 0.14036344 -0.01236202
v -0.53635871 0.11439241 -0.04000950
v -0.53369826 0.12274574 -0.04299407
v -0.51837111 0.11493187 -0.05004635
v -0.52085793 0.10651232 -0.04600067
v -0.49363813 0.12610960 -0.05598386
v -0.51415998 0.12379678 -0.05007865
v -0.51025558 0.13251086 -0.04724030
v -0.56081688 0.14543705 -0.02745353
v -0.48996964 0.13383467 -0.05052745
v -0.62693596 0.12797730 0.03057469
v -0.63335657 0.13269725 0.03439154
v -0.62959921 0.13535339 0.02734964
v -0.62132740 0.13202085 0.02490519
v -0.60893738 0.10633732 0.02845134
v -0.61921495 0.10449503 0.03569375
v -0.62601310 0.10816216 0.03112225
v -0.61669332 0.11187592 0.02397840
v -0.63188076 0.12440012 0.03567211
v -0.63603234 0.13108948 0.04040776
v -0.64034182 0.13716641 0.04539971
v -0.63463873 0.12988400 0.04344459
v -0.63743645 0.14076149 0.04937004
v -0.62944925 0.14770411 0.04966693
v -0.63969964 0.15465172 0.05130498
v -0.64252752 0.14666559 0.05243061
v -0.62515879 0.16297652 0.02926512
v -0.62523109 0.16505314 0.01917933
v -0.63911957 0.16836852 0.02275972
v -0.63883394 0.16499153 0.03275900
v -0.63772351 0.16559757 0.00384201
v -0.63928956 0.16661681 0.01395832
v -0.62498927 0.16430877 0.01086344
v -0.62425148 0.16320133 0.00217450
v -0.61825109 0.13521583 0.01755898
v -0.62713045 0.13733365 0.01979671
v -0.62713510 0.13783565 0.01425590
v -0.61826873 0.13561064 0.01127033
v -0.63128442 0.13365649 0.04745136
v -0.63723618 0.12211959 0.04615049
v -0.63483340 0.12362418 0.04925977
v -0.62533724 0.13353407 0.04959421
v -0.59107053 0.12234303 -0.00232653
v -0.60126328 0.12420350 -0.00157623
v -0.60413444 0.12500161 -0.00750181
v -0.59313089 0.12311332 -0.00961465
v -0.58615774 0.11715791 0.01384382
v -0.57676113 0.12130040 0.02220099
v -0.58346802 0.11757055 0.02741061
v -0.59243518 0.11263911 0.01776378
v -0.59226435 0.11303411 0.03192885
v -0.60210544 0.10935412 0.03633673
v -0.60037202 0.10885806 0.02265351
v -0.61407888 0.10775243 0.04231538
v -0.60259527 0.12856868 -0.01913096
v -0.59354115 0.12824671 -0.01869603
v -0.68071896 0.13779943 0.05022918
v -0.67973429 0.13798545 0.05553989
v -0.68291557 0.13658147 0.05575918
v -0.68382794 0.13656543 0.05045550
v -0.58780289 0.15117298 -0.02048022
v -0.59041297 0.14319280 -0.02315751
v -0.59654045 0.14529397 -0.02281983
v -0.59391999 0.15282704 -0.01873559
v -0.60468155 0.14783628 -0.02272727
v -0.60187089 0.15533431 -0.01682308
v -0.68328011 0.14429523 0.06194584
v -0.68589580 0.14831753 0.06150125
v -0.69035065 0.14423667 0.06194641
v -0.68717170 0.14083497 0.06209950
v -0.63803798 0.13724002 0.03090049
v -0.64044774 0.13550547 0.03863125
v -0.64667767 0.13803269 0.04337178
v -0.65185374 0.14057052 0.04705058
v -0.65493327 0.14033787 0.04212044
v -0.64759088 0.13911784 0.03563724
v -0.63753968 0.14005856 0.02091618
v -0.64729959 0.14150085 0.02436252
v -0.64501250 0.14242168 0.01703955
v -0.63579142 0.14057697 0.01374988
v -0.64560515 0.14166376 -0.00092348
v -0.63849455 0.13903067 -0.00288101
v -0.63663465 0.13980041 0.00243087
v -0.64506060 0.14237551 0.00540884
v -0.66708410 0.14980972 0.01367809
v -0.65982956 0.14742771 0.01126342
v -0.65979755 0.14733097 0.01603587
v -0.66674882 0.14950655 0.01814790
v -0.58133239 0.15070371 -0.02197798
v -0.58410954 0.14240475 -0.02384464
v -0.64594662 0.15624939 -0.02209489
v -0.64628607 0.16370758 -0.01515011
v -0.63625276 0.16089459 -0.01457825
v -0.63532841 0.15471108 -0.02116939
v -0.59227216 0.15830256 -0.01156476
v -0.58559972 0.15761639 -0.01404651
v -0.68911481 0.15159230 0.05851375
v -0.69310123 0.14725702 0.05838238
v -0.59695303 0.11992303 0.04268824
v -0.61144358 0.11470725 0.04830287
v -0.58599550 0.12523676 0.03645785
v -0.57229549 0.13090003 0.02746446
v -0.57904708 0.12891817 0.03120308
v -0.65250438 0.14115462 0.03316210
v -0.63396931 0.13869612 0.02341922
v -0.62700075 0.13766788 0.00996049
v -0.62665439 0.13308062 -0.00945075
v -0.63273579 0.13558966 -0.00952977
v -0.63270891 0.13584006 -0.01644914
v -0.62615436 0.13387012 -0.01844560
v -0.64588749 0.14274812 -0.01918493
v -0.64574099 0.14835049 -0.02331442
v -0.63717425 0.14654569 -0.02359487
v -0.63923812 0.14076091 -0.02027535
v -0.63231963 0.12358236 0.05390961
v -0.62031078 0.13036394 0.05251275
v -0.59296000 0.13489078 -0.02293016
v -0.60003787 0.13653657 -0.02377890
v -0.58528280 0.13478121 -0.02237180
v -0.59964532 0.12153393 0.00706784
v -0.60905296 0.13047108 0.00871097
v -0.60953993 0.13018754 0.00443791
v -0.59960783 0.12336671 0.00246206
v -0.61559856 0.12513179 0.02077495
v -0.60879308 0.11511718 0.01772679
v -0.62247330 0.12089825 0.02608787
v -0.58866668 0.12050036 0.00430578
v -0.57993424 0.12152469 0.00444628
v -0.58217049 0.12303723 -0.00320242
v -0.58431929 0.12471269 -0.01116657
v -0.58565164 0.12919235 -0.01827846
v -0.57123172 0.12074161 0.00297321
v -0.57400650 0.12182035 -0.00432466
v -0.57614022 0.12433864 -0.01201309
v -0.57748061 0.12794766 -0.01861341
v -0.57791668 0.15771529 -0.01636009
v -0.56899756 0.15690753 -0.02009138
v -0.57296044 0.14903259 -0.02453029
v -0.57771552 0.12160774 0.01271825
v -0.56844938 0.12290849 0.01034723
v -0.56565273 0.12535609 0.01862861
v -0.56249386 0.13303980 0.02299027
v -0.63890755 0.11083859 0.04036351
v -0.63485354 0.11287536 0.03619377
v -0.63123626 0.10677031 0.03702514
v -0.63600558 0.10575935 0.04252265
v -0.65016067 0.14359540 0.05178593
v -0.64462715 0.14129947 0.04912744
v -0.64941865 0.14955275 0.05439378
v -0.61300814 0.12785843 -0.00964302
v -0.61158693 0.13050021 -0.01963840
v -0.65795070 0.14214441 0.03846873
v -0.66430533 0.14840002 0.05738525
v -0.66631013 0.15409055 0.05739672
v -0.67914909 0.15113668 0.06011097
v -0.67683613 0.14627981 0.06044440
v -0.66814315 0.14298548 0.04264759
v -0.67127192 0.14776102 0.04088525
v -0.66540605 0.14752181 0.03853033
v -0.66248494 0.14349625 0.04114436
v -0.66558695 0.14790355 0.00689580
v -0.65920514 0.14620660 0.00480577
v -0.64925045 0.16506486 0.04707281
v -0.63736802 0.16260388 0.04400449
v -0.65303558 0.16410439 0.03617685
v -0.65290928 0.14490102 0.00841877
v -0.64465725 0.14260827 0.01082109
v -0.65274203 0.14480260 0.01341887
v -0.65909660 0.14534788 0.03062154
v -0.65381426 0.14308804 0.02713393
v -0.65554726 0.14270738 0.03225754
v -0.65970647 0.14446534 0.03545456
v -0.62445807 0.15276676 -0.02148227
v -0.62730020 0.14266308 -0.02475570
v -0.68091160 0.14038430 0.05978797
v -0.68440843 0.13810121 0.05975263
v -0.57569408 0.14012390 -0.02467963
v -0.57745820 0.13307361 -0.02267002
v -0.63558042 0.14030993 0.00807938
v -0.62524563 0.15859281 0.04045646
v -0.62712336 0.13721356 0.00531368
v -0.66594094 0.15420230 -0.00123686
v -0.66585046 0.15978503 0.00117537
v -0.65808481 0.16191508 -0.00056851
v -0.66006202 0.15508355 -0.00467850
v -0.68311530 0.14040594 0.04669462
v -0.68636006 0.14466266 0.04553042
v -0.68094742 0.14659594 0.04419379
v -0.67844844 0.14189892 0.04545470
v -0.66395682 0.14083099 0.05060543
v -0.66583991 0.14057097 0.04609828
v -0.65944511 0.14137317 0.04423504
v -0.65705144 0.14143600 0.04873972
v -0.65597045 0.14458759 0.05285586
v -0.66341174 0.14404458 0.05469762
v -0.67149109 0.15835427 0.04747455
v -0.67307305 0.15412456 0.04265217
v -0.68369800 0.15191130 0.04561169
v -0.68413848 0.15483676 0.05107354
v -0.61137998 0.16175054 0.00035109
v -0.61170876 0.16001612 -0.00800814
v -0.62447238 0.16129680 -0.00675136
v -0.63747060 0.16296728 -0.00573474
v -0.64954281 0.16334026 -0.00444908
v -0.64997041 0.16831262 0.00549293
v -0.62420398 0.15871854 -0.01408586
v -0.66277242 0.16098687 0.03445403
v -0.66407734 0.15555756 0.03514518
v -0.66242015 0.16006094 0.04229848
v -0.62798357 0.13645118 -0.00140354
v -0.67505580 0.14204019 0.05808048
v -0.57820749 0.15092379 0.02567868
v -0.57971895 0.15830915 0.01593854
v -0.58884555 0.15939613 0.01801024
v -0.58607590 0.15043236 0.02945225
v -0.67630506 0.13924828 0.04904543
v -0.67467403 0.13896696 0.05377035
v -0.66684514 0.14956164 -0.00182331
v -0.66238016 0.14729835 -0.00473018
v -0.65985799 0.14607224 -0.00111292
v -0.66588551 0.14777641 0.00176977
v -0.61211687 0.15742953 -0.01496656
v -0.65409797 0.16192228 -0.01593913
v -0.65453380 0.15288220 -0.02220151
v -0.59072620 0.16046219 -0.00208542
v -0.60064286 0.15914956 -0.00952800
v -0.59980249 0.16107251 -0.00102936
v -0.65430856 0.16659833 0.01732342
v -0.61192310 0.16282527 0.00812653
v -0.59973294 0.16173618 0.00633483
v -0.58934015 0.16100629 0.00615890
v -0.58102864 0.16063724 0.00530493
v -0.58289707 0.16036533 -0.00369450
v -0.69088542 0.15169506 0.05231892
v -0.68189716 0.15473084 0.05706625
v -0.57426912 0.16026244 -0.00612424
v -0.56484795 0.15990646 -0.01090287
v -0.57253838 0.16009910 0.00314322
v -0.56298935 0.15902877 -0.00143519
v -0.59985429 0.16185446 0.01471402
v -0.59959525 0.15939711 0.02376594
v -0.61203665 0.16316433 0.01614316
v -0.61252415 0.16127662 0.02571301
v -0.65220147 0.17061976 0.02653016
v -0.69079375 0.14192505 0.04581790
v -0.69741744 0.13722037 0.04592465
v -0.70012653 0.13908540 0.04858409
v -0.69396222 0.14464973 0.04800130
v -0.68938142 0.14856507 0.04723267
v -0.69471490 0.14743535 0.05203037
v -0.61282307 0.15545656 0.03759567
v -0.66428667 0.14802408 0.03327040
v -0.59867096 0.14899190 0.03692494
v -0.61743087 0.14639445 0.04826768
v -0.60862225 0.14002207 0.04866041
v -0.58435392 0.13808592 0.03662466
v -0.59417832 0.13328835 0.04464863
v -0.57093328 0.14113729 0.02732800
v -0.57783657 0.14032038 0.03064667
v -0.56098831 0.14159887 0.02354361
v -0.60740805 0.12621811 0.05107357
v -0.68750387 0.13229625 0.05448590
v -0.68886477 0.13295619 0.04917918
v -0.56020397 0.15100451 0.01878689
v -0.57066232 0.15076196 0.02297150
v -0.62992847 0.11636749 0.03127019
v -0.61883003 0.13428986 0.00312415
v -0.61973625 0.13294940 -0.00206475
v -0.62042814 0.13071291 -0.00948350
v -0.61963904 0.13232543 -0.01957983
v -0.56084234 0.15705153 0.00920315
v -0.56230861 0.11822890 -0.00765300
v -0.56464505 0.12048939 -0.01524743
v -0.55103391 0.15654665 -0.00726560
v -0.68922251 0.13341258 0.05896376
v -0.66988724 0.15445660 0.01775207
v -0.66968650 0.15513970 0.01602499
v -0.62619728 0.10445094 0.04154186
v -0.63229781 0.10439125 0.04692374
v -0.62242997 0.10707618 0.04796253
v -0.62099868 0.11316733 0.05328982
v -0.63002127 0.11214936 0.05610184
v -0.63079453 0.10681695 0.05165975
v -0.61071372 0.12956299 0.00094913
v -0.61219370 0.12907007 -0.00339331
v -0.61726999 0.14093804 -0.02530603
v -0.61395139 0.15066476 -0.02223554
v -0.65617502 0.14986612 0.05546646
v -0.64929223 0.15723556 0.05337964
v -0.65700483 0.15596366 0.05447547
v -0.66813022 0.15844040 0.05338766
v -0.66685438 0.15393941 0.03942959
v -0.66574979 0.15200402 0.03575812
v -0.60303026 0.11879192 0.01207976
v -0.61085516 0.12896578 0.01462452
v -0.63503629 0.12058191 0.03885607
v -0.63874114 0.11761546 0.04159935
v -0.65258563 0.14397411 0.02006628
v -0.66572338 0.16441806 0.02227069
v -0.66273797 0.16677760 0.02895062
v -0.65903175 0.14654213 0.02304588
v -0.69631857 0.13752852 0.06139110
v -0.69242764 0.13492642 0.06131645
v -0.65852749 0.16145091 0.05007385
v -0.65266967 0.14427926 0.00189205
v -0.66385704 0.16305211 0.01547946
v -0.66898817 0.16003813 0.01930182
v -0.65098226 0.14759339 -0.02191062
v -0.57131571 0.15749323 0.01385655
v -0.69227481 0.13479392 0.04550426
v -0.68671358 0.13860099 0.04633199
v -0.70051765 0.14048241 0.05254228
v -0.69885397 0.14028423 0.05764054
v -0.60811746 0.13885501 -0.02487345
v -0.61841673 0.13503163 0.00702608
v -0.56581283 0.12390824 -0.02211528
v -0.63014388 0.11906222 0.05730216
v -0.61985958 0.12156706 0.05425499
v -0.66440964 0.14835493 0.02522929
v -0.65691036 0.15932797 -0.00892489
v -0.66740352 0.16447252 0.00757612
v -0.66931623 0.16282696 0.01436312
v -0.65905875 0.16645993 0.00665072
v -0.67127943 0.15854807 0.01623265
v -0.70508552 0.13465892 0.05230464
v -0.70359880 0.13444166 0.05712737
v -0.70052660 0.13176094 0.06075297
v -0.69614291 0.13025300 0.06040601
v -0.69272918 0.12943576 0.05782564
v -0.70429152 0.13375442 0.04833816
v -0.70134205 0.13244782 0.04587094
v -0.69578230 0.13125925 0.04521017
v -0.70648813 0.12856339 0.04768412
v -0.70829809 0.12814294 0.05163707
v -0.70649421 0.12309884 0.05777870
v -0.70760053 0.11943381 0.05723678
v -0.70457315 0.11937116 0.05862479
v -0.70382988 0.12516128 0.05962960
v -0.70627260 0.11490820 0.05689625
v -0.70951915 0.11542563 0.05617167
v -0.70800591 0.12522422 0.05598341
v -0.71020961 0.12110524 0.05484365
v -0.71254790 0.11771767 0.05014895
v -0.71232843 0.11656801 0.05359568
v -0.71041131 0.12194453 0.05135761
v -0.70899951 0.12524687 0.05291997
v -0.70667750 0.12868015 0.05681168
v -0.71369916 0.11282961 0.05257736
v -0.71177197 0.11096488 0.05089377
v -0.70867896 0.11156152 0.05458222
v -0.71100903 0.11262427 0.05509354
v -0.69866407 0.12529324 0.05940168
v -0.70128083 0.11941396 0.05770890
v -0.70352316 0.11470161 0.05540513
v -0.70612037 0.11164813 0.05285697
v -0.70182693 0.11479877 0.05289774
v -0.69890833 0.11910109 0.05504702
v -0.70434523 0.11261998 0.05066912
v -0.70145035 0.11512308 0.04995494
v -0.69801301 0.11900978 0.05129845
v -0.69391000 0.12544607 0.05301701
v -0.69527233 0.12548958 0.05694406
v -0.70353228 0.11359058 0.04916070
v -0.70922709 0.11110006 0.04919682
v -0.70994717 0.12330620 0.04872261
v -0.71161985 0.11846803 0.04756562
v -0.70845360 0.12336104 0.04642744
v -0.71007627 0.11850344 0.04567002
v -0.71409601 0.11487518 0.04976128
v -0.71290064 0.11425625 0.04772235
v -0.69080657 0.12914084 0.05349199
v -0.69236207 0.13008706 0.04835670
v -0.69509977 0.12627755 0.04810147
v -0.69899100 0.12002335 0.04678886
v -0.69868821 0.12729965 0.04529421
v -0.70356876 0.12786172 0.04552554
v -0.70605433 0.12249826 0.04483549
v -0.70244467 0.12164675 0.04439528
v -0.70503247 0.11730741 0.04464845
v -0.70767975 0.11806838 0.04455964
v -0.70265770 0.11595474 0.04680459
v -0.70812142 0.11464505 0.04545508
v -0.71068364 0.11430727 0.04625992
v -0.70617580 0.11505555 0.04547878
v -0.70491964 0.11400466 0.04725812
v -0.70684421 0.11262672 0.04797052
v -0.69087875 0.14641450 0.02856453
v -0.69017786 0.14706482 0.03311156
v -0.69479871 0.14281629 0.03306334
v -0.69513977 0.14202158 0.02811526
v -0.69356221 0.15336742 0.03856106
v -0.69670540 0.15828288 0.03804274
v -0.70178843 0.15251185 0.03790598
v -0.69843245 0.14779519 0.03817885
v -0.69908839 0.16175605 0.03255798
v -0.70381153 0.15579592 0.03250252
v -0.67298621 0.15538307 0.03595559
v -0.67316902 0.16083691 0.03549932
v -0.68845159 0.16092822 0.03772740
v -0.68640774 0.15556639 0.03823869
v -0.67445290 0.15026362 0.02125697
v -0.67658699 0.15387815 0.01886724
v -0.69119251 0.14945598 0.03643291
v -0.69597173 0.14464174 0.03614919
v -0.69211411 0.14752974 0.02441297
v -0.69475973 0.15037657 0.02184270
v -0.68835068 0.15345702 0.02154981
v -0.68638265 0.14994474 0.02387173
v -0.67192173 0.14837486 0.03240447
v -0.67290455 0.14872678 0.02658851
v -0.67235452 0.15136103 0.03514220
v -0.67654997 0.16431329 0.02432056
v -0.67763460 0.15989195 0.02008913
v -0.69068182 0.15832047 0.02177726
v -0.69164115 0.16285740 0.02561118
v -0.68475664 0.15181379 0.03628825
v -0.68493760 0.14847133 0.02846788
v -0.68417639 0.14897600 0.03320460
v -0.69962519 0.15873328 0.02558605
v -0.68983901 0.16445962 0.03236087
v -0.69957024 0.14532106 0.02138416
v -0.70557302 0.13932364 0.02115525
v -0.70852280 0.14205144 0.02274345
v -0.70262265 0.14844500 0.02238624
v -0.69753188 0.15401317 0.02239095
v -0.70443410 0.15248822 0.02573921
v -0.70054615 0.13586555 0.03188287
v -0.70066631 0.13570158 0.02675645
v -0.70214045 0.13719366 0.03530024
v -0.67427945 0.16556886 0.03107683
v -0.70835292 0.14358853 0.03683136
v -0.70478255 0.13972281 0.03692059
v -0.70204693 0.13671134 0.02253188
v -0.69639099 0.14294092 0.02376188
v -0.71032935 0.14480160 0.02608101
v -0.70999169 0.14634018 0.03212129
v -0.71464217 0.13808112 0.02579884
v -0.71495891 0.13900022 0.03118406
v -0.71306080 0.13675384 0.03564517
v -0.70866537 0.13435553 0.03599773
v -0.70546883 0.13306426 0.03437306
v -0.71283793 0.13618104 0.02264209
v -0.70963979 0.13450889 0.02119271
v -0.70562488 0.13289706 0.02228315
v -0.71496880 0.12964831 0.02167644
v -0.71761739 0.13022833 0.02451004
v -0.71815574 0.12257819 0.03142427
v -0.71985567 0.11770903 0.03094928
v -0.71709037 0.11737691 0.03212051
v -0.71590739 0.12292336 0.03349845
v -0.71757895 0.12645702 0.03161882
v -0.71572399 0.12898003 0.03387623
v -0.71845174 0.12749134 0.02893777
v -0.72012556 0.12356161 0.02818455
v -0.72124219 0.11834131 0.02383225
v -0.72226447 0.11787449 0.02750887
v -0.71915638 0.12324964 0.02482374
v -0.71821058 0.12701200 0.02597560
v -0.71900511 0.11289237 0.02980410
v -0.72124344 0.11395793 0.03013651
v -0.71798009 0.13182454 0.02983509
v -0.71083623 0.12920974 0.03485338
v -0.71258175 0.12267034 0.03370754
v -0.71424842 0.11681388 0.03159355
v -0.71622336 0.11265956 0.02860437
v -0.71179956 0.11646222 0.02994464
v -0.70948625 0.12195776 0.03201602
v -0.71402407 0.11339758 0.02723528
v -0.71046412 0.11642931 0.02708526
v -0.70734626 0.12147664 0.02859412
v -0.70523763 0.12869667 0.02998488
v -0.70724273 0.12892769 0.03337871
v -0.71265924 0.11433916 0.02604924
v -0.72140700 0.11093138 0.02600567
v -0.71831036 0.11130749 0.02499522
v -0.72406656 0.11276655 0.02710454
v -0.71782303 0.12354921 0.02300821
v -0.71944058 0.11806218 0.02229537
v -0.71655172 0.12334679 0.02093314
v -0.71813756 0.11774270 0.02068336
v -0.72292328 0.11448221 0.02363662
v -0.72132277 0.11362217 0.02253385
v -0.70381504 0.13232075 0.03101040
v -0.70376265 0.13225691 0.02624615
v -0.70493782 0.12883960 0.02525465
v -0.70747221 0.12169544 0.02383928
v -0.70724803 0.12925099 0.02150933
v -0.71152878 0.12930386 0.02055390
v -0.71377444 0.12311588 0.02003483
v -0.71014130 0.12250625 0.02063690
v -0.71275067 0.11763017 0.02077366
v -0.71578616 0.11777441 0.02025540
v -0.71064341 0.11674939 0.02343698
v -0.71649671 0.11390530 0.02140258
v -0.71901095 0.11321025 0.02164946
v -0.71422493 0.11483382 0.02160655
v -0.71332455 0.11408196 0.02375324
v -0.71563482 0.11236285 0.02427812
v -0.68693429 0.14405324 0.00734462
v -0.68816674 0.14583157 0.01197495
v -0.69042945 0.14227138 0.01221828
v -0.68877649 0.14028053 0.00735240
v -0.69275749 0.15200238 0.01512505
v -0.69428521 0.15551020 0.01354663
v -0.69788051 0.14903365 0.01282816
v -0.69609606 0.14664619 0.01461996
v -0.69529450 0.15716152 0.00783424
v -0.69889975 0.14963005 0.00815479
v -0.67645895 0.15684712 0.01549904
v -0.67666471 0.16131380 0.01389052
v -0.68793517 0.15910850 0.01397233
v -0.68700516 0.15492503 0.01579024
v -0.69028616 0.14852656 0.01445539
v -0.69344169 0.14429627 0.01436009
v -0.68721753 0.14368694 0.00296938
v -0.68870741 0.14511095 0.00039665
v -0.68325371 0.14788435 0.00014642
v -0.68226039 0.14635523 0.00283459
v -0.67205453 0.14809743 0.00714046
v -0.67305309 0.14969955 0.01176064
v -0.67476988 0.15277134 0.01442753
v -0.67529315 0.15936416 0.00158522
v -0.67397201 0.15402256 -0.00074750
v -0.68541712 0.15213628 -0.00069825
v -0.68759888 0.15778710 0.00181210
v -0.68501353 0.15086062 0.01459651
v -0.68210465 0.14565246 0.00749192
v -0.68299544 0.14771871 0.01201062
v -0.69414634 0.15359350 0.00195007
v -0.68774116 0.16066514 0.00816345
v -0.69094133 0.14165895 -0.00018157
v -0.69640470 0.13442068 0.00051253
v -0.70003235 0.13629006 0.00100213
v -0.69470513 0.14443140 -0.00018756
v -0.69119287 0.14883558 -0.00043635
v -0.69757950 0.14784883 0.00269520
v -0.69381613 0.13497089 0.01214178
v -0.69243395 0.13384514 0.00744645
v -0.69724274 0.13648944 0.01414494
v -0.67621177 0.16284622 0.00809342
v -0.67279756 0.14931491 -0.00084382
v -0.70304084 0.13943975 0.01303859
v -0.70032310 0.13796572 0.01452480
v -0.69326270 0.13370584 0.00272781
v -0.68896019 0.14020316 0.00270076
v -0.70312583 0.13878290 0.00369699
v -0.70418048 0.14057414 0.00873533
v -0.70629203 0.13201462 0.00413869
v -0.70756054 0.13329403 0.00913186
v -0.70635587 0.13250016 0.01353492
v -0.70284700 0.13180099 0.01467504
v -0.69946229 0.13130127 0.01417013
v -0.70244551 0.13010560 0.00179079
v -0.69897914 0.12930833 0.00175224
v -0.69575512 0.12979399 0.00364669
v -0.70320022 0.12548827 0.00196964
v -0.70687503 0.12584995 0.00477993
v -0.70776856 0.11930971 0.01298453
v -0.70872295 0.11470114 0.01342149
v -0.70725340 0.11478452 0.01490425
v -0.70689869 0.11985086 0.01471265
v -0.70808768 0.12307809 0.01243185
v -0.70754451 0.12571929 0.01360138
v -0.70864272 0.12386857 0.00956221
v -0.70926714 0.11941771 0.00970298
v -0.70806766 0.11531065 0.00640023
v -0.71009785 0.11469184 0.01005070
v -0.70724583 0.11980270 0.00616173
v -0.70774239 0.12339042 0.00657225
v -0.70811462 0.11084114 0.01410814
v -0.70960474 0.11157034 0.01330428
v -0.70849085 0.12739979 0.00935395
v -0.70407152 0.12646668 0.01526998
v -0.70429385 0.12037496 0.01567189
v -0.70468020 0.11493920 0.01552038
v -0.70507878 0.11104910 0.01400189
v -0.70183587 0.11537109 0.01453616
v -0.70111394 0.12063144 0.01483379
v -0.70244396 0.11202185 0.01306461
v -0.69981581 0.11568086 0.01251216
v -0.69839728 0.12068366 0.01271684
v -0.69759679 0.12693112 0.01224659
v -0.70056254 0.12675451 0.01449116
v -0.70096838 0.11319123 0.01188676
v -0.70859885 0.10899238 0.01030974
v -0.70530999 0.10939495 0.00986396
v -0.71075046 0.11066340 0.01032396
v -0.70589256 0.12021314 0.00400142
v -0.70639193 0.11517207 0.00467607
v -0.70332444 0.12018774 0.00274272
v -0.70418823 0.11512725 0.00376712
v -0.70917940 0.11200909 0.00707807
v -0.70766521 0.11148004 0.00625655
v -0.69649351 0.13089387 0.01184799
v -0.69493580 0.13038479 0.00777692
v -0.69595307 0.12680726 0.00851078
v -0.69678354 0.12037896 0.00892092
v -0.69646400 0.12635152 0.00445475
v -0.69962788 0.12530516 0.00244385
v -0.70026857 0.11988001 0.00320219
v -0.69757360 0.12013321 0.00505958
v -0.69938457 0.11576818 0.00572149
v -0.70161605 0.11547665 0.00411908
v -0.69863111 0.11550371 0.00924827
v -0.70246899 0.11213021 0.00620814
v -0.70499742 0.11134867 0.00584415
v -0.70066619 0.11306636 0.00686090
v -0.70063907 0.11262672 0.00949293
v -0.70254225 0.11083554 0.00969099
v -0.67213875 0.14834328 0.00269549
v -0.67512834 0.14033921 -0.01624261
v -0.67664796 0.14162795 -0.01270112
v -0.67815506 0.13899396 -0.01333205
v -0.67623305 0.13815825 -0.01672010
v -0.68149078 0.14739029 -0.01093727
v -0.68315256 0.14969407 -0.01370014
v -0.68555325 0.14431016 -0.01478352
v -0.68399060 0.14257817 -0.01186138
v -0.68282491 0.14973183 -0.01914123
v -0.68465555 0.14466135 -0.01990135
v -0.66597283 0.15291896 -0.00768180
v -0.66507554 0.15652959 -0.01038252
v -0.67735654 0.15323301 -0.01226287
v -0.67624831 0.15042271 -0.00950581
v -0.66333759 0.14142568 -0.01788837
v -0.66305894 0.14373471 -0.02170792
v -0.65649140 0.14479448 -0.02075346
v -0.65475571 0.14304169 -0.01713803
v -0.67889559 0.14449568 -0.01075612
v -0.68109965 0.14059530 -0.01177572
v -0.67430890 0.13987975 -0.01985414
v -0.67464662 0.14025874 -0.02336547
v -0.67184687 0.14251210 -0.02282390
v -0.67134398 0.14117880 -0.01908313
v -0.66413122 0.14385195 -0.00993939
v -0.66441631 0.14176555 -0.01395264
v -0.65570903 0.14204316 -0.01252313
v -0.65845263 0.14410549 -0.00832142
v -0.66576153 0.14765431 -0.00853463
v -0.66346043 0.15248822 -0.02267392
v -0.66324443 0.14729719 -0.02328779
v -0.67308342 0.14604129 -0.02446063
v -0.67568356 0.15015660 -0.02273732
v -0.67530948 0.14669244 -0.01002590
v -0.67162019 0.14207061 -0.01524106
v -0.67392695 0.14343663 -0.01194662
v -0.67996049 0.14644335 -0.02367246
v -0.67678696 0.15399368 -0.01752901
v -0.67610586 0.13744210 -0.02423832
v -0.67876029 0.13235389 -0.02475825
v -0.68152833 0.13321291 -0.02609892
v -0.67895204 0.13917123 -0.02586645
v -0.67716396 0.14232729 -0.02478382
v -0.68236017 0.14161532 -0.02426477
v -0.68075758 0.13357674 -0.01357077
v -0.67834544 0.13307862 -0.01703809
v -0.68381989 0.13457976 -0.01233770
v -0.66383713 0.15762894 -0.01618776
v -0.68879592 0.13666432 -0.01535507
v -0.68684727 0.13554703 -0.01271798
v -0.67774737 0.13243131 -0.02105665
v -0.67547905 0.13747798 -0.02050498
v -0.68492132 0.13486861 -0.02471980
v -0.68780506 0.13677941 -0.02017733
v -0.68716550 0.12914680 -0.02447762
v -0.69073248 0.13118754 -0.02028659
v -0.69099236 0.13166235 -0.01547314
v -0.68873471 0.13159893 -0.01290554
v -0.68573838 0.13119344 -0.01243800
v -0.68317342 0.12787049 -0.02556476
v -0.68060660 0.12782238 -0.02385327
v -0.67976117 0.12883763 -0.02064656
v -0.68474782 0.12368999 -0.02444184
v -0.68899858 0.12433426 -0.02348089
v -0.69328666 0.12185507 -0.01511168
v -0.69431722 0.11852024 -0.01411486
v -0.69341129 0.11855172 -0.01256481
v -0.69274640 0.12261365 -0.01327240
v -0.69283175 0.12492709 -0.01654378
v -0.69217944 0.12718384 -0.01546052
v -0.69223809 0.12494658 -0.01956704
v -0.69353199 0.12127922 -0.01844585
v -0.69234657 0.11605863 -0.02048096
v -0.69491088 0.11754416 -0.01755932
v -0.69150221 0.11989902 -0.02188542
v -0.69101638 0.12300710 -0.02193543
v -0.69430900 0.11495160 -0.01284525
v -0.69534242 0.11584394 -0.01401001
v -0.69149476 0.12741368 -0.01998815
v -0.69007826 0.12801503 -0.01292107
v -0.69124418 0.12294863 -0.01193014
v -0.69200826 0.11797599 -0.01131460
v -0.69220662 0.11416487 -0.01236126
v -0.68973291 0.11814503 -0.01146349
v -0.68879497 0.12317173 -0.01177752
v -0.69005120 0.11476932 -0.01262224
v -0.68757933 0.11830179 -0.01254800
v -0.68605608 0.12308167 -0.01290983
v -0.68418884 0.12781434 -0.01348671
v -0.68722367 0.12819616 -0.01244101
v -0.68853760 0.11564337 -0.01296133
v -0.69399571 0.11254273 -0.01581419
v -0.69155514 0.11231975 -0.01508915
v -0.69572413 0.11423086 -0.01689991
v -0.68931651 0.11933230 -0.02298698
v -0.69039094 0.11497359 -0.02122331
v -0.68649936 0.11933587 -0.02299175
v -0.68815398 0.11474828 -0.02060607
v -0.69360924 0.11380814 -0.01933557
v -0.69212413 0.11257730 -0.01892906
v -0.68250740 0.13046800 -0.01357587
v -0.68021834 0.12974100 -0.01681468
v -0.68176073 0.12674789 -0.01623476
v -0.68375409 0.12218885 -0.01534542
v -0.68110532 0.12537013 -0.01988429
v -0.68205571 0.12421243 -0.02295774
v -0.68421006 0.11950515 -0.02143684
v -0.68297708 0.12054335 -0.01870662
v -0.68540347 0.11637466 -0.01712275
v -0.68641341 0.11528306 -0.01916069
v -0.68587393 0.11759757 -0.01458341
v -0.68841451 0.11333351 -0.01679036
v -0.69001758 0.11244653 -0.01788732
v -0.68729794 0.11444257 -0.01596773
v -0.68793738 0.11481021 -0.01442698
v -0.68954575 0.11323927 -0.01461458
v -0.65778649 0.14765988 -0.02225772
v -0.64452249 0.12057896 0.05217390
v -0.64273310 0.12017086 0.05646737
v -0.64531529 0.10856372 0.04347827
v -0.64616978 0.11444931 0.04460119
v -0.64311689 0.10383634 0.04635273
v -0.64035404 0.10500312 0.05574869
v -0.64132971 0.10309213 0.05113892
v -0.64580333 0.11851412 0.04819660
v -0.64107400 0.11706288 0.05969630
v -0.63985997 0.11022386 0.05941562
v -0.64996815 0.11287464 0.06314574
v -0.64922297 0.10658750 0.06259184
v -0.64885932 0.10101599 0.05784734
v -0.64878142 0.10040656 0.05248903
v -0.64881074 0.10202509 0.04762559
v -0.65016747 0.11770479 0.05954193
v -0.65077251 0.11896867 0.05529530
v -0.65096587 0.11737692 0.05034535
v -0.65827394 0.11485471 0.06272779
v -0.66196966 0.10938987 0.06602202
v -0.66588330 0.09829570 0.06198727
v -0.67002255 0.09722902 0.06323062
v -0.66997939 0.09674075 0.05924915
v -0.66491604 0.09729293 0.05811249
v -0.66311896 0.09982225 0.06170104
v -0.65966648 0.09906670 0.05880032
v -0.66682678 0.10163099 0.06636493
v -0.66361153 0.10299985 0.06474431
v -0.66487306 0.10626577 0.06669061
v -0.66814405 0.10645173 0.06813340
v -0.67100257 0.10004343 0.06805103
v -0.67506766 0.09935470 0.06771718
v -0.67352313 0.09694944 0.06441693
v -0.67438984 0.09744580 0.06146763
v -0.65996045 0.10379381 0.06426464
v -0.65630263 0.09851956 0.05269377
v -0.66377705 0.09758459 0.05362998
v -0.67015880 0.09794219 0.05543651
v -0.67490721 0.09958418 0.05805193
v -0.67026353 0.10130538 0.05234687
v -0.66363233 0.10050644 0.04949562
v -0.67400932 0.10289480 0.05574600
v -0.67016196 0.10525292 0.05195682
v -0.66400301 0.10570440 0.04846822
v -0.65456873 0.10627472 0.04582016
v -0.65486366 0.10104702 0.04777507
v -0.67294312 0.10516714 0.05464320
v -0.67761701 0.10067372 0.06495504
v -0.67713040 0.10338974 0.06156425
v -0.66792530 0.11006702 0.06675152
v -0.67275429 0.10883251 0.06759779
v -0.67188519 0.10528980 0.06936680
v -0.66676611 0.11334430 0.06400178
v -0.67282414 0.11133236 0.06452470
v -0.67506266 0.10327679 0.06952183
v -0.67646545 0.10568762 0.06740914
v -0.64977819 0.10698503 0.04483972
v -0.65060973 0.11293574 0.04624979
v -0.65512508 0.11220208 0.04773037
v -0.66395098 0.11089200 0.05080520
v -0.65640348 0.11637300 0.05267410
v -0.65725774 0.11745338 0.05829488
v -0.66604871 0.11502615 0.05998187
v -0.66495639 0.11439632 0.05509876
v -0.67091918 0.11151306 0.05709670
v -0.67214251 0.11220890 0.06062882
v -0.67040038 0.10892901 0.05393986
v -0.67512679 0.10899150 0.06031807
v -0.67640972 0.10785718 0.06378101
v -0.67355275 0.10931993 0.05804573
v -0.67357200 0.10727353 0.05641724
v -0.67552292 0.10567434 0.05858819
v -0.65070450 0.14342953 -0.01796949
v -0.65158647 0.14211321 -0.01217149
v -0.64626831 0.14124525 -0.01339133
v -0.64002717 0.13830131 -0.01501477
v -0.63327175 0.13845727 -0.02106737
v -0.63961965 0.13825555 -0.00869022
v -0.64637727 0.14113538 -0.00718509
v -0.65382278 0.14321654 -0.00513135
v -0.63310218 0.13681215 -0.00446583
v -0.00803458 0.05966336 -0.03895353
v -0.01127222 0.04097943 -0.03827663
v -0.22237575 0.08200148 -0.07009551
v -0.22028050 0.09673274 -0.06585647
v -0.22677663 0.13278760 -0.09067330
v -0.22735479 0.13410601 -0.10983247
v -0.05839883 -0.19020052 -0.03813723
v -0.09066734 -0.14930348 -0.18909515
v -0.09148169 -0.12550405 -0.19923031
v -0.02920759 -0.13570876 -0.21195091
v -0.04591318 -0.13876271 -0.21057203
v -0.12249648 -0.16024645 -0.10402566
v -0.12332129 -0.13823637 -0.10990901
v -0.08857059 -0.16859038 -0.06276993
v -0.09021463 -0.14674997 -0.06690858
v -0.11529169 -0.18345293 -0.08173279
v -0.06818201 -0.18876220 -0.19050060
v -0.08267527 -0.19081368 -0.18412754
v -0.07856332 -0.16930698 -0.18842682
v -0.06438841 -0.16707613 -0.19598991
v -0.01295449 -0.13256286 -0.20936482
v -0.01554558 -0.15897103 -0.19943403
v -0.12838611 -0.11304681 -0.13475837
v -0.12634945 -0.11180076 -0.15560760
v -0.10591663 -0.10660401 -0.19172552
v -0.09130637 -0.10110955 -0.20510927
v -0.07543137 -0.09456627 -0.21424533
v -0.05863139 -0.08807027 -0.22074391
v -0.07843966 -0.12548153 -0.05941601
v -0.06335664 -0.10622466 -0.05626817
v -0.12376590 -0.11503358 -0.11454366
v -0.02913748 -0.12951426 -0.03942309
v -0.03945082 -0.04958319 -0.23182587
v -0.01970203 -0.04853282 -0.23252685
v -0.11820965 -0.10990140 -0.17486748
v -0.02936172 0.00184415 -0.03534587
v -0.04367610 0.00691798 -0.03781903
v -0.04500741 -0.00750363 -0.03629179
v -0.03080813 -0.01255855 -0.03485970
v -0.05864793 -0.00307040 -0.03860165
v -0.07143591 0.00112065 -0.04227696
v -0.08275624 0.00447124 -0.04711075
v -0.10616436 0.00906827 -0.06534632
v -0.09978699 0.00822104 -0.05874382
v -0.11478538 0.00772519 -0.08021384
v -0.11060969 0.00905612 -0.07179560
v -0.11896567 0.00250390 -0.09242252
v -0.12239183 -0.00388599 -0.10647629
v -0.12485974 0.00412057 -0.12165680
v -0.12562867 -0.01013638 -0.12119484
v -0.12392570 -0.01694423 -0.10438302
v -0.12066884 -0.01057157 -0.09106100
v -0.11644004 -0.00636719 -0.07922356
v -0.02360240 -0.06188172 -0.04001842
v -0.02068586 -0.04497327 -0.03556669
v -0.00431407 0.07703228 -0.03817680
v -0.43292105 0.08252059 -0.08313034
v -0.51458681 0.12744622 0.00530931
v 0.01860419 0.14139654 -0.15159284
v 0.00303981 0.14822504 -0.15719311
v -0.05036907 0.16555944 -0.15768278
v -0.06400647 0.17401038 -0.14098649
v -0.03215850 0.15732203 -0.16702366
v -0.01382854 0.14798005 -0.16876879
v -0.11215199 -0.09663397 -0.10000254
v 0.00023191 0.12068643 -0.17751047
v -0.01589230 0.13961110 -0.17691624
v -0.03559533 0.14956844 -0.17656030
v -0.05570710 0.15909763 -0.16769515
v -0.07442009 0.16962355 -0.15046054
v -0.08726392 0.16919450 -0.14761199
v -0.10437779 0.15790159 -0.15366541
v -0.12124356 0.16198355 -0.14408074
v -0.12183498 0.17251694 -0.12922165
v -0.11331616 0.17113686 -0.13492441
v -0.11199700 0.15972565 -0.14894941
v -0.19820911 0.14503352 -0.12170537
v -0.22363582 0.12542564 -0.13114168
v -0.21361688 0.13564244 -0.12399809
v -0.22920394 0.11261970 -0.13841072
v -0.23105580 0.10376391 -0.14110766
v -0.22771823 0.09598222 -0.14448208
v -0.21711546 0.09115025 -0.14911428
v -0.17860642 0.07716883 -0.15405931
v -0.16264406 0.07183249 -0.15730286
v -0.12831357 0.04961900 -0.18033481
v -0.12021641 0.04480838 -0.18672548
v -0.10302383 0.01585124 -0.20788181
v -0.09442078 -0.00089934 -0.21523190
v -0.08783367 -0.02165048 -0.22123300
v -0.11707197 -0.28606316 -0.19267161
v -0.10748786 -0.26784918 -0.18647912
v -0.09013960 -0.27153185 -0.19413859
v -0.09888387 -0.29024008 -0.20117612
v -0.04386232 -0.23372467 -0.18924503
v -0.02472914 -0.23386709 -0.18744387
v -0.14873946 -0.26074821 -0.14004436
v -0.15453368 -0.26037630 -0.11746663
v -0.12354261 -0.26478273 -0.17534681
v -0.13774240 -0.26255623 -0.15946996
v -0.15443090 -0.26157978 -0.09490438
v -0.10431532 -0.28159821 -0.02925144
v -0.08630160 -0.28600216 -0.01856308
v -0.05088002 -0.29234952 -0.00288345
v -0.03303782 -0.29453918 0.00107288
v -0.14930224 -0.26533484 -0.07299982
v -0.06863738 -0.28961918 -0.00959942
v -0.13832706 -0.27088827 -0.05528463
v -0.12197521 -0.27655336 -0.04140499
v -0.06059178 -0.23327641 -0.18820325
v -0.06579083 -0.25372529 -0.19197735
v -0.08241348 -0.25272030 -0.18871270
v -0.02368517 0.04348518 -0.22794664
v -0.00510747 0.04008950 -0.22602504
v -0.04200156 0.04963631 -0.22792691
v -0.05575237 0.07673952 -0.21898514
v -0.05858830 0.05948481 -0.22365801
v -0.07555246 0.06761692 -0.21765208
v -0.07277096 0.08335797 -0.21360527
v -0.10172535 0.09072624 -0.19398221
v -0.10366575 0.07980208 -0.19624260
v -0.11393628 0.08239169 -0.18802804
v -0.11221825 0.09288827 -0.18653005
v -0.13449115 0.08763811 -0.17683898
v -0.12397403 0.08458617 -0.18237033
v -0.14521050 0.09115918 -0.16923499
v -0.15768099 0.09561040 -0.16375440
v -0.15173841 0.11885905 -0.16408105
v -0.13961306 0.11465509 -0.16948676
v -0.10060108 0.10246600 -0.18991977
v -0.08735757 0.10075407 -0.19969316
v -0.00336504 0.06918229 -0.20831501
v 0.01296090 0.06011965 -0.20387080
v -0.12736860 -0.01049519 -0.13616851
v -0.12830555 -0.00830629 -0.15200317
v -0.12738702 -0.00396853 -0.16586226
v -0.12377398 0.00222314 -0.17738044
v -0.12061238 0.01033839 -0.18683720
v -0.11487549 0.01951127 -0.19440088
v -0.11376581 0.03827807 -0.19317064
v -0.10855085 0.02929193 -0.20028165
v -0.11020385 0.04821195 -0.19586682
v -0.10274456 0.04007456 -0.20439458
v -0.09352009 0.06227828 -0.20874664
v -0.09756071 0.05036901 -0.20756111
v -0.09050452 0.07553466 -0.20746373
v -0.08836647 0.08830264 -0.20440988
v -0.07171258 0.09776759 -0.20844176
v -0.05466329 0.09271549 -0.21362442
v -0.03656665 0.11509050 -0.20003211
v -0.03621332 0.10125142 -0.20717180
v -0.03705961 0.08629051 -0.21492632
v -0.03833470 0.06958763 -0.22197746
v -0.03207165 0.17880182 -0.12501186
v -0.01621857 0.17442374 -0.13162902
v -0.21025845 0.09625593 -0.15034167
v -0.21551108 0.10149631 -0.14781238
v -0.20618200 0.10343564 -0.15019375
v -0.20512781 0.09942393 -0.15140991
v -0.21698153 0.10769852 -0.14517680
v -0.21517208 0.11675420 -0.14241338
v -0.20427361 0.11756362 -0.14613648
v -0.20550680 0.10818823 -0.14969596
v -0.21059498 0.12729625 -0.13741045
v -0.19956726 0.12724647 -0.14325042
v -0.20292923 0.13645463 -0.13263237
v -0.19287285 0.14335068 -0.13069104
v -0.18958277 0.14112040 -0.13671672
v -0.19443971 0.13558041 -0.13945286
v -0.15839070 0.14302754 -0.14980578
v -0.17029062 0.14354946 -0.14450972
v -0.18156132 0.14241694 -0.13980481
v -0.17175075 0.10059552 -0.16035986
v -0.18417001 0.10589631 -0.15644628
v -0.19527519 0.10845450 -0.15212715
v -0.19300118 0.11727276 -0.15026839
v -0.18151331 0.11471389 -0.15548682
v -0.16869470 0.11024219 -0.16049033
v -0.02034720 0.06349304 -0.22191867
v -0.00415708 0.05594165 -0.21829411
v -0.13125855 0.09845497 -0.17604880
v -0.12214638 0.09571466 -0.18132865
v -0.14117315 0.10206807 -0.16999218
v -0.15445447 0.10653453 -0.16492407
v -0.12943017 0.11108072 -0.17391294
v -0.11992516 0.10777906 -0.17873982
v -0.11043385 0.10472257 -0.18357208
v -0.01977004 0.07848871 -0.21305896
v 0.01275181 0.04946757 -0.21443333
v -0.12021334 0.12021141 -0.06692585
v -0.12008703 0.14873438 -0.07057129
v -0.12255242 0.16907196 -0.08536080
v -0.12273891 0.17711578 -0.10761498
v -0.35902563 0.03336377 -0.08056191
v -0.01750010 -0.18245110 -0.19338125
v -0.02079190 -0.20708565 -0.18884383
v -0.03843245 -0.20939444 -0.19129542
v -0.00000163 -0.04645037 -0.23171175
v 0.01259545 0.03737981 -0.22352085
v -0.09399293 -0.01685139 -0.04794292
v -0.08451774 -0.01877996 -0.04227979
v -0.08347172 -0.00792341 -0.04470794
v -0.09323006 -0.00593006 -0.05045678
v -0.10790151 -0.01502480 -0.06135933
v -0.10190936 -0.01575369 -0.05451298
v -0.10080113 -0.00469211 -0.05675663
v -0.10720160 -0.00409236 -0.06362884
v -0.11317333 -0.01589906 -0.06907435
v -0.11215020 -0.00437529 -0.07095072
v -0.10246810 -0.02641739 -0.05298184
v -0.09479111 -0.02780633 -0.04628973
v -0.08592787 -0.02969538 -0.04072328
v -0.11336160 -0.02615782 -0.06765406
v -0.10851111 -0.02570533 -0.06030945
v -0.00037140 0.14286022 -0.01434857
v 0.00197864 0.10355295 -0.04093771
v 0.00370030 0.11461671 -0.03995554
v -0.01881135 -0.03043676 -0.03376882
v -0.01576174 -0.00353512 -0.03281893
v -0.01505705 0.00655179 -0.03837210
v -0.01345853 0.02230043 -0.03884612
v -0.00126738 0.09104912 -0.03891721
v -0.01734323 -0.01744726 -0.03310284
v -0.17918074 -0.45735711 -0.16386978
v -0.16153678 -0.47764957 -0.17933911
v -0.16538015 -0.45032373 -0.18063986
v -0.15188453 -0.46534002 -0.19133919
v -0.17027935 -0.37549758 -0.16405264
v -0.17183897 -0.40319949 -0.16764145
v -0.16829219 -0.34656316 -0.16327392
v -0.13188353 -0.47505623 -0.20188795
v -0.10608882 -0.47881305 -0.20919049
v -0.10215300 -0.45888734 -0.21954957
v -0.15327966 -0.35274783 -0.18475637
v -0.15519047 -0.38057831 -0.18547606
v -0.17114404 -0.42911178 -0.17321068
v -0.15737429 -0.43069732 -0.18903412
v -0.15664530 -0.44613117 -0.18991882
v -0.12692529 -0.45729697 -0.21063808
v -0.14547271 -0.45298916 -0.19866423
v -0.03823940 -0.31725639 -0.21660745
v -0.06542054 -0.31677151 -0.21601687
v -0.05946014 -0.29533407 -0.20840538
v -0.12537664 -0.30673310 -0.19666536
v -0.13395679 -0.28194132 -0.17868327
v -0.14241558 -0.43530667 -0.20228048
v -0.12319403 -0.43661308 -0.21608216
v -0.09857237 -0.43682760 -0.22608192
v -0.09482045 -0.36166480 -0.22477232
v -0.09518573 -0.38555360 -0.23009863
v -0.11804355 -0.38627258 -0.21860701
v -0.11701900 -0.36012200 -0.21540706
v -0.13182393 -0.33072594 -0.20002504
v -0.13607872 -0.35718900 -0.20211914
v -0.09248125 -0.33741319 -0.21910006
v -0.11325335 -0.33456209 -0.21117119
v -0.10698738 -0.31119251 -0.20611066
v -0.13802510 -0.38504121 -0.20353572
v -0.06812976 -0.41248369 -0.23487833
v -0.09578621 -0.41235080 -0.23058678
v -0.03910754 -0.41081846 -0.23242277
v -0.08730358 -0.31492311 -0.21224424
v -0.08008493 -0.29371366 -0.20506153
v -0.07236151 -0.27333048 -0.19794941
v -0.05516503 -0.21093909 -0.18996537
v -0.14019904 -0.66658664 -0.00137334
v -0.02292428 -0.49265587 -0.08183663
v -0.02147357 -0.48933893 -0.10526575
v -0.18959832 -0.39877951 -0.05809245
v -0.19797722 -0.43172106 -0.12386152
v -0.18554124 -0.42998010 -0.15169290
v -0.05089071 -0.48118865 -0.02918629
v -0.03496882 -0.48998207 -0.04805800
v -0.17378113 -0.40260321 -0.03376506
v -0.12627009 -0.44468772 -0.00426753
v -0.02592065 -0.49302405 -0.06461754
v -0.15687448 -0.40730843 -0.18697727
v -0.14004338 -0.41125536 -0.20499805
v -0.12019254 -0.41267917 -0.21878023
v -0.06959688 -0.43549484 -0.23170343
v -0.03973447 -0.43200913 -0.22923037
v -0.03880325 -0.41983601 -0.02092943
v -0.03485721 -0.41044423 -0.01667298
v -0.02718173 -0.41208550 -0.01719284
v -0.02778058 -0.42569876 -0.02373864
v -0.10712176 -0.30199397 -0.02554509
v -0.08782542 -0.30704248 -0.01498722
v -0.05037925 -0.31370786 -0.00163761
v -0.03277574 -0.31546056 0.00170936
v -0.15545195 -0.28389591 -0.07033879
v -0.06865933 -0.31096545 -0.00729631
v -0.14335400 -0.28990412 -0.05279326
v -0.12609780 -0.29616678 -0.03732838
v -0.09738249 -1.12007725 -0.06960915
v -0.09943326 -1.14768910 -0.06299499
v -0.09948274 -1.14711285 -0.07767712
v -0.09490164 -1.11937726 -0.08397600
v -0.11078803 -1.11707211 -0.11187105
v -0.09956107 -1.11873245 -0.10343727
v -0.12512828 -1.11667740 -0.11444224
v -0.12260816 -1.14555907 -0.10983466
v -0.13326693 -1.14537764 -0.10410294
v -0.13806733 -1.11726093 -0.11036070
v -0.14573818 -1.11694157 -0.10194701
v -0.15149468 -1.14338887 -0.06939006
v -0.15684682 -1.11602104 -0.07349262
v -0.15159065 -1.11623693 -0.09080191
v -0.14790124 -1.14449203 -0.08593322
v -0.15202340 -1.11823559 -0.05436538
v -0.14698645 -1.14504933 -0.05023436
v -0.13764369 -1.12106895 -0.04213604
v -0.10346438 -1.12149918 -0.05469902
v -0.10317528 -1.14826322 -0.04709886
v -0.10961541 -1.14594698 -0.10732208
v -0.10114014 -1.14731383 -0.09726533
v -0.09491596 -1.11948836 -0.09386916
v -0.10039773 -1.14698732 -0.08776955
v -0.09904534 -1.17525566 -0.07033719
v -0.09265266 -1.17408621 -0.05594073
v -0.10896058 -1.17422521 -0.10430028
v -0.10445935 -1.17496526 -0.09187323
v -0.12956965 -1.17292178 -0.09802724
v -0.12067697 -1.17340851 -0.10780048
v -0.14906579 -1.17181671 -0.08189291
v -0.14129910 -1.14492106 -0.09543452
v -0.13927227 -1.17226505 -0.08981165
v -0.15028214 -1.17013073 -0.06613891
v -0.14494005 -1.17006981 -0.04419982
v -0.10029888 -1.17272067 -0.03890769
v -0.10222173 -1.17545342 -0.08142917
v -0.15382534 -1.23630810 0.11432831
v -0.15808246 -1.23642337 0.11323760
v -0.15966332 -1.24041355 0.11418052
v -0.15324667 -1.24111414 0.11612855
v -0.11394432 -1.23222136 0.12601279
v -0.12218971 -1.23027885 0.12738226
v -0.12413470 -1.23895526 0.12636618
v -0.11311271 -1.24156213 0.12510072
v -0.14619562 -1.24379015 0.12104662
v -0.14157087 -1.24370551 0.12168573
v -0.14076898 -1.23975348 0.12494539
v -0.14803967 -1.23970139 0.12342779
v -0.18218905 -1.24437129 0.08150010
v -0.17816180 -1.24455178 0.08313338
v -0.17824084 -1.23998070 0.08502735
v -0.18313736 -1.24091148 0.08228098
v -0.17011124 -1.24580216 0.09872739
v -0.16646606 -1.24616671 0.10044198
v -0.16624239 -1.24171555 0.10270302
v -0.17192718 -1.24237239 0.10055529
v -0.12366877 -1.22948694 0.10408737
v -0.12392692 -1.22851920 0.11769857
v -0.11213039 -1.23155332 0.11627586
v -0.11009365 -1.22880709 0.10219978
v -0.10579357 -1.24026835 0.11417387
v -0.11274146 -1.24551249 0.11196427
v -0.11095352 -1.24756837 0.09869458
v -0.10416313 -1.23970413 0.09901421
v -0.12457848 -1.24539328 0.11339413
v -0.12381788 -1.24656308 0.10129945
v -0.13042995 -1.23809385 0.10390829
v -0.13259262 -1.23656046 0.11724795
v -0.14848679 -1.23771858 0.10403301
v -0.15197700 -1.23830998 0.11532147
v -0.14623684 -1.23268306 0.11624147
v -0.14331689 -1.23078823 0.10419039
v -0.13859174 -1.23296165 0.11794142
v -0.13329309 -1.23122811 0.10642777
v -0.13030282 -1.24011588 0.10671209
v -0.13309395 -1.23940563 0.11883710
v -0.13819036 -1.24483585 0.11555262
v -0.13487026 -1.24556112 0.10373677
v -0.14349148 -1.24464810 0.10265265
v -0.14673880 -1.24468946 0.11385773
v -0.15176365 -1.23575068 0.10864805
v -0.14928335 -1.23280919 0.09912823
v -0.15895882 -1.23173058 0.09652607
v -0.15897477 -1.23511922 0.10735254
v -0.15136653 -1.24568391 0.09814034
v -0.14633283 -1.24132407 0.10050635
v -0.14794457 -1.24228954 0.10974602
v -0.15311113 -1.24585915 0.10810463
v -0.16004425 -1.24572694 0.10705237
v -0.16014591 -1.24469447 0.09641986
v -0.16381097 -1.23789811 0.09688900
v -0.16395578 -1.24009740 0.10734819
v -0.17235327 -1.23643446 0.09402142
v -0.17341632 -1.23247385 0.08393107
v -0.17703509 -1.23889601 0.08372228
v -0.17487326 -1.24224496 0.09342329
v -0.16596001 -1.23295915 0.08773242
v -0.16693980 -1.23537397 0.09585072
v -0.16576141 -1.24555135 0.08759637
v -0.16312623 -1.23854160 0.09020962
v -0.16245523 -1.23982632 0.09707536
v -0.16494465 -1.24648952 0.09533699
v -0.17165416 -1.24691474 0.09343766
v -0.17338994 -1.24569571 0.08407573
v -0.18691525 -1.24017000 0.07531928
v -0.18522134 -1.23459673 0.07620846
v -0.18549699 -1.23337173 0.06754856
v -0.18705714 -1.24004591 0.06557314
v -0.17912030 -1.23280299 0.07227711
v -0.17893156 -1.23449337 0.07880782
v -0.17737049 -1.24527776 0.07228611
v -0.17728871 -1.23801947 0.07438640
v -0.17558080 -1.23911273 0.07968585
v -0.17675295 -1.24544454 0.07848142
v -0.18296230 -1.24593234 0.07621764
v -0.18323049 -1.24509299 0.06783967
v -0.10953372 -1.22723782 0.08833604
v -0.12634780 -1.23046207 0.09065978
v -0.11547267 -1.24416089 0.12039731
v -0.10383327 -1.23984456 0.08514629
v -0.12198192 -1.24381232 0.12112860
v -0.12692612 -1.24738479 0.08938752
v -0.11116184 -1.24783015 0.08489822
v -0.12909923 -1.23909843 0.09792106
v -0.14612836 -1.23478293 0.12269388
v -0.14532796 -1.23965752 0.09537952
v -0.14530358 -1.24700999 0.08733423
v -0.14167854 -1.23472989 0.12339695
v -0.14358941 -1.23028064 0.08833079
v -0.16008070 -1.23135650 0.07956301
v -0.15509266 -1.24463928 0.11354376
v -0.15883985 -1.24427176 0.11290790
v -0.16234285 -1.24693048 0.08042388
v -0.16343710 -1.23792636 0.08817999
v -0.17134616 -1.23819411 0.09971438
v -0.17718378 -1.23824394 0.07439075
v -0.17522404 -1.24698639 0.06933998
v -0.16783756 -1.23767281 0.10056107
v -0.17500299 -1.23085248 0.06807791
v -0.18211657 -1.23771560 0.08097903
v -0.18336099 -1.24725604 0.05795084
v -0.18808946 -1.24010098 0.05411385
v -0.17946401 -1.23678124 0.08284841
v -0.18549687 -1.23176777 0.05732243
v -0.11179266 -1.12287772 -0.04413167
v -0.11128237 -1.14811504 -0.03671257
v -0.12339028 -1.12336564 -0.03955188
v -0.13445765 -1.14693809 -0.03782079
v -0.12220221 -1.14854479 -0.03352933
v -0.11057246 -1.17097974 -0.02626421
v -0.13339341 -1.17133141 -0.02957629
v -0.12253582 -1.17052031 -0.02350031
v -0.15110958 -1.19200110 -0.08122087
v -0.15335855 -1.19165218 -0.06575893
v -0.13874543 -1.19252956 -0.08927524
v -0.11943959 -1.19486547 -0.10891891
v -0.12939328 -1.19382215 -0.09977071
v -0.10927849 -1.18791914 -0.01399012
v -0.10018910 -1.19249511 -0.03034285
v -0.12358885 -1.18563950 -0.00947863
v -0.13658825 -1.18740129 -0.01718834
v -0.10462581 -1.22379720 0.07241087
v -0.10431714 -1.22417831 0.05255578
v -0.11775354 -1.21428764 0.05385111
v -0.12217494 -1.22171760 0.07260059
v -0.13489932 -1.21467888 0.04993157
v -0.13895470 -1.22405398 0.06885330
v -0.15029293 -1.21883488 0.04249774
v -0.15480265 -1.22595274 0.06135355
v -0.16477197 -1.22272027 0.03397144
v -0.16995731 -1.22749114 0.05183052
v -0.17747632 -1.22895837 0.02560396
v -0.18298021 -1.23023713 0.04323737
v -0.18487817 -1.23865843 0.02196501
v -0.18924925 -1.23948550 0.03987370
v -0.09911598 -1.23989713 0.06931590
v -0.10047109 -1.23937857 0.04932396
v -0.10946716 -1.25110471 0.06772260
v -0.10999717 -1.25216687 0.04800217
v -0.12573716 -1.25144994 0.06627212
v -0.12518081 -1.25299382 0.04616629
v -0.18177739 -1.25008488 0.02490662
v -0.18380195 -1.24997592 0.04344802
v -0.14303866 -1.25070858 0.06171669
v -0.14185685 -1.25160074 0.04148047
v -0.15891141 -1.25184727 0.05563648
v -0.15731248 -1.25261033 0.03556930
v -0.17246452 -1.25212073 0.04913883
v -0.17076790 -1.25309956 0.02963348
v -0.11268528 -1.20859528 0.03175800
v -0.13036382 -1.20399308 0.02937029
v -0.14531994 -1.20911407 0.02096386
v -0.15866005 -1.21662593 0.01177023
v -0.16969392 -1.22689831 0.00393425
v -0.17851409 -1.23683739 0.00083917
v -0.15603045 -1.20768893 -0.01618557
v -0.16299018 -1.22635043 -0.02085222
v -0.16973665 -1.23772979 -0.02093451
v -0.15848905 -1.22646403 -0.04577462
v -0.16259125 -1.23880053 -0.04389979
v -0.14847508 -1.23004234 -0.08480678
v -0.15454277 -1.24376476 -0.08492433
v -0.15834996 -1.24010730 -0.06664869
v -0.15327427 -1.22777689 -0.06787503
v -0.15370166 -1.20949280 -0.04374331
v -0.15080625 -1.21032417 -0.06635894
v -0.14544407 -1.21080542 -0.08224453
v -0.14893878 -1.24571490 -0.09726457
v -0.14348695 -1.23147023 -0.09692976
v -0.13643879 -1.23169732 -0.10832579
v -0.13918006 -1.24677360 -0.10655861
v -0.12105760 -1.23363972 -0.11436782
v -0.12342365 -1.24907422 -0.11133540
v -0.10757103 -1.23590314 -0.10464145
v -0.10862995 -1.25049138 -0.10315941
v -0.13182837 -1.21242464 -0.10404722
v -0.13833660 -1.21228659 -0.09325467
v -0.12026017 -1.21330357 -0.11114259
v -0.10827025 -1.21524811 -0.10281135
v -0.10499741 -1.21546090 -0.08634961
v -0.10306738 -1.23586130 -0.08617233
v -0.10145123 -1.24984944 -0.08617806
v -0.10494435 -1.22433352 0.02927573
v -0.10491261 -1.23711479 0.02625777
v -0.14211220 -1.19726002 0.00062607
v -0.12614529 -1.19405484 0.00868447
v -0.10830077 -1.20185471 0.00370865
v -0.10179093 -1.22348511 0.00352302
v -0.10655412 -1.23763311 0.00079955
v -0.10611331 -1.23956132 -0.02212451
v -0.10001753 -1.22709644 -0.02098799
v -0.11255738 -1.24747264 0.02413420
v -0.11484599 -1.24422312 -0.00115152
v -0.11386969 -1.24582171 -0.02382211
v -0.10336901 -1.24272561 -0.04232530
v -0.09917323 -1.23023188 -0.04180963
v -0.10190020 -1.24537456 -0.05850296
v -0.10095897 -1.23192847 -0.05885036
v -0.10202046 -1.23378706 -0.07207493
v -0.10069712 -1.24774563 -0.07169028
v -0.10074743 -1.21389341 -0.06181702
v -0.10298494 -1.21429455 -0.07370290
v -0.09871299 -1.21266401 -0.04440421
v -0.09946573 -1.20896673 -0.02244167
v -0.17678422 -1.24824417 0.00291014
v -0.16992044 -1.24702573 -0.01928495
v -0.16198236 -1.24705231 -0.04150033
v -0.15692657 -1.25039256 -0.06390874
v -0.15161070 -1.25409913 -0.08111018
v -0.14562273 -1.25593030 -0.09181607
v -0.12474225 -1.25734091 -0.10282564
v -0.13738653 -1.25676930 -0.10008137
v -0.11356772 -1.25816298 -0.09759459
v -0.10838217 -1.25870609 -0.08388467
v -0.10717461 -1.25811195 -0.07139419
v -0.11027983 -1.25091100 -0.04365484
v -0.10777842 -1.25552309 -0.05889036
v -0.09294432 -1.19550860 -0.04989918
v -0.09684113 -1.19595778 -0.06599836
v -0.10204070 -1.19578803 -0.07685906
v -0.10886244 -1.19549596 -0.10234635
v -0.10561048 -1.19567454 -0.08772664
v -0.12541324 -1.25092506 0.02170898
v -0.14105669 -1.25059450 0.01720922
v -0.15562573 -1.25141120 0.01180680
v -0.16766706 -1.25162947 0.00697066
v -0.16294685 -1.25070775 -0.01622550
v -0.15245542 -1.25106347 -0.01272617
v -0.13882101 -1.25106025 -0.00827205
v -0.12521122 -1.24832702 -0.00383203
v -0.15623656 -1.25146878 -0.03827974
v -0.14740002 -1.25265658 -0.03492114
v -0.13453096 -1.25311887 -0.03151911
v -0.12315751 -1.25079930 -0.02665778
v -0.11906911 -1.25600004 -0.04664199
v -0.12893943 -1.25723314 -0.05178587
v -0.14117709 -1.25612044 -0.05507243
v -0.14933145 -1.25461626 -0.05934538
v -0.14372405 -1.25713408 -0.07567228
v -0.13561004 -1.25804102 -0.07078449
v -0.12469482 -1.25905466 -0.06711565
v -0.11642323 -1.25882232 -0.06223884
v -0.13914368 -1.25838983 -0.08491139
v -0.12584123 -1.25973368 -0.09506901
v -0.13356659 -1.25913155 -0.09187925
v -0.11838754 -1.26056051 -0.09232044
v -0.11572897 -1.26060438 -0.08278584
v -0.11541923 -1.26008010 -0.07286021
v -0.12314866 -1.25972593 -0.07592224
v -0.12215577 -1.26007104 -0.08301120
v -0.13211378 -1.25877666 -0.07948379
v -0.12927482 -1.25927556 -0.08597900
v -0.12204666 -1.26014078 -0.08866386
v -0.12587948 -1.25965416 -0.09005235
v -0.14606121 -1.19166505 -0.03790067
v -0.12017489 -0.84456801 -0.02996111
v -0.10628914 -0.84237748 -0.03396578
v -0.13615713 -0.84187800 -0.03039350
v -0.15000650 -0.40841618 -0.01783308
v -0.07349337 -0.18997408 -0.04856211
v -0.07674146 -0.14775375 -0.05575129
v -0.07426652 -0.16939121 -0.05264795
v -0.15345335 -0.43821353 -0.01149032
v -0.11435777 -0.11856069 -0.09699121
v -0.09243555 0.00682788 -0.05265284
v 0.06695813 -1.25229871 -0.05686040
v 0.06974136 -1.24811351 -0.03838815
v 0.06541856 -1.23555708 -0.04063466
v -0.01999691 0.21965598 0.09750383
v -0.05708472 0.23057318 0.01915817
v -0.05398322 0.22686492 0.00987537
v -0.05228895 0.21387589 0.01142730
v -0.05626135 0.21816729 0.02155526
v -0.04913220 0.20154132 0.01410757
v -0.05436036 0.20798939 0.02304269
v -0.04518059 0.19094411 0.01847570
v -0.05130069 0.19808815 0.02590172
v -0.04261872 0.18308647 0.02511285
v -0.04836986 0.19053957 0.03105088
v -0.03494509 0.17077710 0.04373311
v -0.03283866 0.16775754 0.03880082
v -0.02835723 0.16228354 0.04465525
v -0.02978286 0.16416113 0.04956172
v -0.02322655 0.15745242 0.05061202
v -0.02462175 0.15928523 0.05497046
v -0.01704099 0.15480888 0.05433159
v -0.01799767 0.15624928 0.05892821
v -0.00909019 0.15332516 0.05736826
v -0.01002402 0.15467997 0.06209733
v -0.01098360 0.16104062 0.06847529
v -0.01860092 0.16231549 0.06570373
v -0.01857768 0.15894271 0.06274395
v -0.01059024 0.15726544 0.06556426
v -0.02446316 0.16506419 0.06175534
v -0.02492525 0.16169268 0.05839644
v -0.02928146 0.16963802 0.05744581
v -0.02991653 0.16664976 0.05357717
v -0.03519309 0.17651975 0.05273335
v -0.03565080 0.17363317 0.04804285
v -0.04002269 0.18310274 0.05096643
v -0.04128354 0.18244714 0.04551069
v -0.01488976 0.15461798 0.04819225
v -0.00794564 0.15291777 0.05170785
v -0.02056885 0.15718320 0.04433326
v -0.02545872 0.16116481 0.03923954
v -0.02895009 0.16588892 0.03358813
v -0.03912856 0.17654242 0.03236477
v -0.03208671 0.17171791 0.02646483
v -0.03593937 0.17904036 0.02070226
v -0.03849846 0.18700725 0.01338433
v -0.04319913 0.19848970 0.00766684
v -0.04754157 0.21214047 0.00339429
v -0.04990445 0.22600311 0.00251858
v -0.05473300 0.23622577 0.00874376
v -0.02393232 0.16849998 0.06380890
v -0.01840729 0.16602823 0.06756471
v -0.02865637 0.17219079 0.06000622
v -0.03415500 0.17866851 0.05659638
v -0.03859504 0.18445900 0.05560078
v -0.04399115 0.19454017 0.05974893
v -0.04206389 0.18964256 0.05673592
v -0.04435434 0.20328665 0.06862108
v -0.04467475 0.19914785 0.06384899
v -0.05086695 0.21142747 0.06675331
v -0.05068096 0.20576124 0.05956499
v -0.04774439 0.20197789 0.06149606
v -0.04768552 0.20694725 0.06755792
v -0.05408630 0.21746548 0.06640796
v -0.05376630 0.21117891 0.05786996
v -0.01258271 0.15564844 0.04285042
v -0.00646180 0.15434557 0.04512013
v -0.01739320 0.15788640 0.03906821
v -0.02116624 0.16133912 0.03348695
v -0.02305849 0.16528994 0.02736543
v -0.02486943 0.17024465 0.02075796
v -0.02690700 0.17556319 0.01410632
v -0.03072219 0.18221968 0.00753181
v -0.03629465 0.19419985 0.00112785
v -0.04267755 0.21077509 -0.00310098
v -0.04595149 0.22513674 -0.00408238
v -0.01481239 0.16743049 0.01325966
v -0.01373952 0.16553946 0.01959084
v -0.01259567 0.16316877 0.02537687
v -0.01117314 0.16050918 0.03009953
v -0.00731354 0.16042009 0.02969669
v -0.00273995 0.16053398 0.03007169
v -0.00445172 0.16308275 0.02100532
v -0.00078277 0.16276176 0.02209701
v -0.00482727 0.16284128 0.01527376
v 0.00059860 0.16202554 0.01598825
v -0.00508971 0.16103557 0.01038979
v 0.00391463 0.15964018 0.00900206
v -0.04437609 0.18982294 0.05220233
v -0.04645893 0.19101602 0.04768561
v -0.04928402 0.19899233 0.05272268
v -0.05206892 0.20361933 0.04948936
v -0.04907995 0.19411452 0.04283039
v -0.04677355 0.19626509 0.05601601
v -0.05249412 0.20021954 0.03766309
v -0.05513386 0.21005973 0.04626904
v -0.05695663 0.21792017 0.05662577
v -0.05759612 0.21681833 0.04426186
v -0.05517421 0.20807102 0.03394859
v -0.05952563 0.22376277 0.05432479
v -0.06167129 0.22926879 0.05211122
v -0.05936602 0.22278377 0.04273720
v -0.05716035 0.21542181 0.03269492
v -0.04301315 0.18247618 0.03860350
v -0.05824985 0.22311382 0.03090529
v -0.06311586 0.23488754 0.04982166
v -0.06059317 0.22933224 0.04062073
v -0.06429188 0.24227555 0.04715104
v -0.06136273 0.23796166 0.03620093
v -0.05865268 0.23361118 0.02707551
v -0.05759355 0.24166925 0.01531701
v -0.01112371 0.16474511 0.07021932
v 0.06503097 -1.21639931 -0.01737145
v 0.06355362 -1.21801066 -0.03991638
v 0.05929535 -1.21886122 -0.05613643
v 0.06213612 -1.25446188 -0.06959888
v 0.05737922 -1.23998284 -0.07024123
v 0.05121122 -1.24035084 -0.08186738
v 0.05299161 -1.25539601 -0.07957196
v 0.03619805 -1.24181604 -0.08871721
v 0.03759176 -1.25726008 -0.08491738
v 0.02199532 -1.24300730 -0.08016716
v 0.02225916 -1.25765777 -0.07778074
v 0.04725627 -1.22068965 -0.07909305
v 0.05293515 -1.22042608 -0.06785721
v 0.03616886 -1.22128153 -0.08687106
v 0.02360857 -1.22227490 -0.07939185
v 0.01932821 -1.22149372 -0.06321564
v 0.01622349 -1.24193621 -0.06223033
v 0.01394752 -1.25595391 -0.06135523
v 0.01049604 -1.22531557 0.05258195
v 0.01006380 -1.23816729 0.05016409
v 0.05077834 -1.20179749 0.02567546
v 0.03453338 -1.19728339 0.03232585
v 0.01677234 -1.20431697 0.02645974
v 0.00922800 -1.22548747 0.02667399
v 0.01346364 -1.24003470 0.02487807
v 0.01451140 -1.24307418 0.00210702
v 0.00896357 -1.23019993 0.00229591
v 0.01724438 -1.24897826 0.04906075
v 0.02151689 -1.24717152 0.02382408
v 0.02207258 -1.24979317 0.00127034
v 0.01299747 -1.24697280 -0.01799855
v 0.00936925 -1.23421013 -0.01831411
v 0.01252178 -1.25023413 -0.03416096
v 0.01231780 -1.23671746 -0.03528173
v 0.01424853 -1.23917532 -0.04845731
v 0.01215128 -1.25307167 -0.04737641
v 0.01327571 -1.21875846 -0.03915888
v 0.01639430 -1.21974957 -0.05085589
v 0.01010627 -1.21662986 -0.02200504
v 0.00947667 -1.21201229 -0.00004521
v 0.08261528 -1.25414097 0.03273280
v 0.07739254 -1.25360787 0.01006158
v 0.07106235 -1.25416553 -0.01268230
v 0.06754392 -1.25826347 -0.03503935
v 0.06326183 -1.26233292 -0.05281489
v 0.05799007 -1.26435661 -0.06391875
v 0.03794264 -1.26521337 -0.07629113
v 0.05035019 -1.26514089 -0.07271881
v 0.02639229 -1.26528406 -0.07180505
v 0.02018812 -1.26496649 -0.05859186
v 0.01815858 -1.26377690 -0.04606794
v 0.01957717 -1.25558352 -0.01853438
v 0.01795241 -1.26067913 -0.03382953
v 0.00562605 -1.19942009 -0.02854036
v 0.01065425 -1.20076787 -0.04420795
v 0.01672664 -1.20133233 -0.05492859
v 0.02518577 -1.20250309 -0.07970630
v 0.02112021 -1.20187199 -0.06533028
v 0.03000372 -1.25319541 0.04768889
v 0.04594737 -1.25389957 0.04431786
v 0.06081329 -1.25572526 0.04007606
v 0.07312535 -1.25680661 0.03620677
v 0.07015897 -1.25675082 0.01271950
v 0.05947451 -1.25638294 0.01542760
v 0.04558007 -1.25548804 0.01879023
v 0.03184504 -1.25190091 0.02209674
v 0.06498066 -1.25814080 -0.00974943
v 0.05592486 -1.25874412 -0.00701655
v 0.04284856 -1.25839365 -0.00457384
v 0.03130933 -1.25532854 -0.00068012
v 0.02841375 -1.26121092 -0.02059698
v 0.03853166 -1.26306117 -0.02493685
v 0.05103018 -1.26272750 -0.02739502
v 0.05943260 -1.26180339 -0.03119366
v 0.05491905 -1.26474571 -0.04782914
v 0.04645918 -1.26502419 -0.04343101
v 0.03522499 -1.26533270 -0.04065081
v 0.02670076 -1.26451898 -0.03622198
v 0.05098440 -1.26619065 -0.05729860
v 0.03837499 -1.26735651 -0.06835045
v 0.04583923 -1.26696014 -0.06460156
v 0.03064765 -1.26767516 -0.06609131
v 0.02734639 -1.26717162 -0.05676246
v 0.02634291 -1.26619411 -0.04687952
v 0.03429894 -1.26634836 -0.04940630
v 0.03379120 -1.26696265 -0.05655098
v 0.04348845 -1.26596570 -0.05248146
v -0.04649366 0.24417460 -0.01021735
v -0.03140741 0.20390598 0.08062549
v -0.02739429 0.20426023 0.08449291
v 0.04114482 -1.26663244 -0.05904420
v 0.03405588 -1.26726556 -0.06220905
v -0.02359520 0.20313060 0.08841439
v -0.02068700 0.20204653 0.09131245
v -0.01767992 0.20086959 0.09336905
v 0.03799647 -1.26702511 -0.06337176
v 0.05766745 -1.19811821 -0.01277280
v 0.05050286 -0.85014975 -0.02158286
v 0.03705544 -0.84742630 -0.02646150
v 0.00554586 0.15066424 -0.00147112
v -0.01566665 0.26592994 0.11758702
v 0.00456661 0.15582116 0.00474447
v -0.00860847 0.18099841 0.06367539
v -0.00159376 0.37846559 0.08592613
v -0.01130536 0.16863370 0.07205077
v -0.00930933 0.18422797 0.06776734
v -0.01789223 0.22167836 0.11542778
v -0.01122572 0.17306717 0.07337271
v -0.01286948 0.18053721 0.08228110
v -0.01268526 0.18640986 0.08319996
v -0.01545568 0.30367094 0.12679689
v -0.01293235 0.18362457 0.08342962
v -0.01465683 0.20241582 0.09566675
v -0.01850827 0.21686584 0.11659436
v -0.01240903 0.18833791 0.08252908
v 0.02245005 0.25187823 -0.05481876
v -0.01241295 0.17798521 0.07957093
v -0.01056247 0.18826281 0.07437001
v -0.01194789 0.18907173 0.08068286
v -0.00985519 0.19691822 0.07312639
v -0.01438680 0.20036808 0.09377103
v -0.01557600 0.24247839 0.11144026
v 0.02784887 0.29681280 -0.06409794
v -0.01596774 0.23884685 0.11212258
v -0.01211745 0.33460599 0.12146787
v -0.01444762 0.31553042 0.12584360
v -0.01736199 0.22629936 0.11455308
v 0.03278885 0.36387631 -0.06559139
v 0.03233786 0.38355845 -0.06065245
v -0.01586823 0.28561124 0.12348364
v 0.01323814 0.40429825 0.02792434
v -0.01890985 0.21252087 0.11706768
v -0.01620990 0.20416290 0.10301290
v -0.00698957 0.36105853 0.10568444
v 0.03023410 0.32823661 -0.06470017
v 0.01953391 0.40411216 0.00094058
v -0.01338170 0.18785946 0.08576177
v -0.00439483 0.36995706 0.09642126
v -0.01262449 0.18788663 0.08243082
v -0.01799395 0.20449290 0.11088888
v 0.02904542 0.31185609 -0.06548400
v 0.03042640 0.34228969 -0.06419231
v -0.01405485 0.19517240 0.09092651
v -0.01417401 0.19834143 0.09222229
v 0.01636764 0.40552157 0.01448558
v -0.01580112 0.27238154 0.11970563
v -0.01419934 0.19299708 0.09082548
v -0.01507379 0.25223538 0.11177464
v -0.01421681 0.19059019 0.09020607
v 0.00675351 0.14607662 -0.00695354
v 0.02600246 0.39536920 -0.03017096
v -0.01383586 0.18900019 0.08809124
v -0.01149651 0.19124223 0.07850371
v -0.01688636 0.23082957 0.11366586
v -0.01049614 0.19431359 0.07512473
v -0.01583093 0.29345191 0.12538879
v -0.01514421 0.20386197 0.09829541
v -0.01531509 0.20416820 0.09916018
v -0.01510196 0.24916650 0.11112757
v -0.01319902 0.32535210 0.12385286
v -0.01516777 0.25495014 0.11283536
v -0.01494874 0.20350263 0.09730111
v 0.02881884 0.39371791 -0.04374149
v 0.00898648 0.40029058 0.04569696
v 0.00587672 0.39526641 0.05790488
v -0.01521120 0.24587694 0.11085658
v -0.01636007 0.23521833 0.11265390
v 0.02211236 0.24327336 -0.05620416
v -0.01864991 0.20659918 0.11434971
v -0.01892938 0.20885828 0.11612763
v -0.00915047 0.35206985 0.11304419
v 0.02638001 0.28528485 -0.06173882
v 0.00190774 0.38720194 0.07298456
v -0.01082182 0.34329841 0.11812110
v 0.02357663 0.26426005 -0.05675791
v 0.02525536 0.27595925 -0.05968060
v -0.01757419 0.20402119 0.10893227
v -0.01532022 0.25821346 0.11420296
v -0.01682310 0.20394494 0.10565750
v 0.02259641 0.40108556 -0.01348640
v -0.01567401 0.20429768 0.10074179
v 0.06661162 -0.84843242 -0.02085510
v 0.11172093 -0.41945788 -0.00639851
v 0.05067763 -0.19711389 -0.04175320
v 0.05411318 -0.15903604 -0.04606365
v 0.05139252 -0.17833577 -0.04502249
v 0.11224376 -0.44928694 -0.00009085
v 0.09841887 -0.14070995 -0.07801664
v 0.08902972 -0.01840751 -0.02533351
v -0.00843648 0.21903937 0.10010470
v 0.05960006 0.22318745 0.04544286
v 0.06036400 0.21956311 0.03573357
v 0.05660759 0.20695163 0.03591646
v 0.05640182 0.21104771 0.04684405
v 0.05112820 0.19520295 0.03657369
v 0.05291403 0.20120098 0.04705112
v 0.04433474 0.18525933 0.03875016
v 0.04775598 0.19178744 0.04810108
v -0.02140422 0.20560287 0.10789944
v -0.01987999 0.20518719 0.10536675
v 0.03824964 0.17791556 0.04344438
v 0.04191937 0.18478292 0.05131404
v -0.02604032 0.25287753 0.09206186
v -0.02201729 0.20860219 0.09530066
v -0.02226261 0.22606657 0.10909323
v -0.02490092 0.25257209 0.09284697
v 0.02216920 0.16712286 0.05647676
v 0.02183802 0.16418619 0.05119537
v 0.01462605 0.15945561 0.05447410
v 0.01421157 0.16123053 0.05955766
v -0.02363365 0.20954709 0.09382354
v 0.00697298 0.15546018 0.05754660
v 0.00670939 0.15716460 0.06215017
v -0.00057233 0.15372430 0.05814190
v -0.00138353 0.15511520 0.06276886
v -0.02118046 0.23440118 0.10755597
v -0.02080525 0.24712329 0.10120659
v -0.00279921 0.16121233 0.06942080
v -0.00209706 0.15778540 0.06660016
v -0.02178608 0.23017077 0.10844968
v -0.02822882 0.21206361 0.09428494
v -0.02656260 0.21013682 0.09242310
v -0.02419250 0.21010835 0.11162709
v -0.02473943 0.21304290 0.11169283
v 0.00452786 0.16311547 0.06838201
v -0.02452086 0.20799460 0.10883395
v -0.02216017 0.20624767 0.10913949
v 0.00584672 0.15960242 0.06544749
v -0.02757848 0.25287348 0.09203331
v -0.03631245 0.25780228 0.08508714
v -0.02350090 0.20831874 0.11097966
v -0.02106464 0.20614375 0.11132161
v -0.03018785 0.25505519 0.08978169
v -0.02698803 0.25286308 0.09201168
v -0.02711636 0.21174611 0.10438643
v -0.02029995 0.24436587 0.10443397
v 0.01111180 0.16693690 0.06670229
v 0.01298611 0.16378273 0.06332470
v 0.01929722 0.17305399 0.06486200
v 0.02141654 0.16990933 0.06092982
v -0.02828229 0.21240765 0.09936915
v 0.02525418 0.17893472 0.06557126
v 0.02860384 0.17788573 0.06127749
v -0.00011178 0.15366463 0.05160438
v -0.02840952 0.25316438 0.09183685
v -0.02891366 0.25351521 0.09167032
v -0.02326121 0.22157319 0.10997434
v 0.00691026 0.15541896 0.05069883
v 0.01399225 0.15861088 0.04831152
v 0.02016709 0.16276915 0.04483090
v 0.03130565 0.17197667 0.04831056
v -0.03260253 0.25542715 0.08955471
v -0.01851804 0.20582506 0.10040967
v -0.02612148 0.21000750 0.10657071
v -0.02525331 0.20883267 0.10788210
v -0.01848684 0.20620659 0.09838580
v 0.02661835 0.16797431 0.03987299
v 0.03347852 0.17466624 0.03642075
v -0.02326719 0.25101909 0.09517239
v 0.03995481 0.18208085 0.03112192
v -0.02053850 0.24106465 0.10606401
v -0.02094462 0.23765749 0.10704152
v 0.04801213 0.19273084 0.02826722
v 0.05548650 0.20555981 0.02668802
v -0.01896610 0.20541562 0.10297827
v 0.05970902 0.21906626 0.02728792
v 0.06263988 0.22869557 0.03522135
v 0.00353071 0.16664581 0.07018213
v -0.00333677 0.16499139 0.07113545
v 0.00983491 0.16965792 0.06879051
v -0.02446282 0.21697150 0.11114691
v 0.01705754 0.17545414 0.06792216
v 0.02210069 0.18062946 0.06907700
v 0.02630563 0.19003712 0.07560594
v -0.02033437 0.20754482 0.09683917
v 0.02534033 0.18532047 0.07189040
v 0.02380993 0.19903220 0.08392923
v 0.02572958 0.19473124 0.07959358
v 0.03137582 0.20625880 0.08540641
v 0.03363238 0.20045215 0.07861404
v 0.02972125 0.19707444 0.07904945
v -0.01833629 0.20532069 0.11261173
v -0.02279722 0.20707904 0.11009051
v 0.02769474 0.20220669 0.08459924
v 0.03504458 0.21187927 0.08662431
v 0.03766849 0.20545107 0.07852365
v 0.00012543 0.15473929 0.04578964
v -0.04130662 0.26449874 0.10004826
v -0.04087765 0.26300985 0.09738199
v 0.00635359 0.15636250 0.04457633
v 0.01252207 0.15923606 0.04118924
v 0.01728954 0.16277538 0.03656246
v 0.02227952 0.16738896 0.03146143
v 0.02775152 0.17217225 0.02641259
v 0.03499357 0.17817469 0.02218647
v -0.03570004 0.26518086 0.10686521
v -0.01977175 0.26248747 0.11462520
v -0.02438438 0.26330549 0.11284934
v 0.04409134 0.18917254 0.01901962
v -0.04045924 0.26018095 0.09455980
v -0.04030206 0.25913334 0.09258644
v -0.04026487 0.26180357 0.09515826
v -0.04075515 0.25874349 0.09403916
v -0.04083037 0.25922590 0.09470366
v 0.05375425 0.20463014 0.01863168
v -0.03980009 0.26156661 0.09412174
v 0.05890942 0.21849512 0.01984717
v -0.03984189 0.26147285 0.09400700
v 0.01651678 0.16560780 0.02016278
v -0.03991680 0.26572153 0.10332809
v 0.01240255 0.16403081 0.02527477
v 0.00853896 0.16186246 0.03004329
v -0.04000892 0.26106238 0.09419025
v -0.04004045 0.25955814 0.09080757
v 0.00495913 0.15945151 0.03365211
v -0.03973386 0.25988540 0.08584099
v 0.00161963 0.15977894 0.03164332
v -0.01549491 0.26195917 0.11584304
v -0.03517230 0.27469602 0.11360817
v -0.05857294 0.28431743 0.08901675
v 0.00315710 0.16259205 0.02251665
v -0.06041873 0.28067946 0.08370875
v 0.00603561 0.16215605 0.01763155
v -0.05441004 0.24546331 0.07521816
v -0.05617973 0.24766749 0.07313405
v -0.03264950 0.26812544 0.11259304
v 0.00836350 0.16023281 0.01321413
v 0.02931937 0.18505412 0.06888108
v 0.03323441 0.18590236 0.06563045
v 0.03454413 0.19367006 0.07163678
v 0.03893261 0.19785966 0.07002456
v -0.04004065 0.29674917 0.11530723
v -0.03467390 0.36088559 0.09022610
v -0.03838777 0.28864577 0.11455296
v -0.05000202 0.28470424 0.10282771
v 0.03802143 0.18850742 0.06246130
v -0.03694996 0.35301971 0.09669857
v 0.03050191 0.19132657 0.07350011
v 0.04403095 0.19405220 0.05932023
v 0.04392110 0.20380096 0.06846611
v 0.04193370 0.21173103 0.07886867
v 0.04786314 0.21013668 0.06794022
v -0.05553883 0.28628024 0.09556402
v 0.04901563 0.20148349 0.05721791
v -0.05931468 0.25549710 0.06858505
v -0.02179179 0.27913082 0.12022980
v -0.06063997 0.26144838 0.06850599
v 0.04599008 0.21713270 0.07807814
v -0.02913572 0.27989441 0.11783849
v -0.01692790 0.39629933 0.03838207
v 0.04951196 0.22223009 0.07721965
v 0.05078251 0.21581872 0.06751822
v 0.05214035 0.20851916 0.05718796
v 0.03297402 0.17753391 0.05578803
v -0.02702292 0.26082221 0.10799490
v 0.05472543 0.21594185 0.05640350
v -0.04686043 0.24289526 0.08188002
v -0.04935983 0.24335310 0.07999317
v 0.05243167 0.22755116 0.07607906
v -0.02291439 0.39109483 0.04741322
v -0.05857187 0.25247821 0.06960274
v -0.04150904 0.31844920 0.11263798
v -0.02262734 0.25537983 0.10366587
v -0.02427953 0.25809956 0.10503362
v -0.04076369 0.32798013 0.10933806
v 0.05348297 0.22204496 0.06648289
v 0.05546997 0.23469232 0.07435463
v 0.05701355 0.23044300 0.06316601
v -0.04000707 0.33687454 0.10614489
v 0.05799012 0.22619626 0.05351095
v 0.06303328 0.23400268 0.04248039
v -0.03231774 0.36877525 0.08194946
v -0.03160138 0.24306206 0.08916084
v 0.06415901 0.23685901 0.01569624
v 0.00695898 0.20156102 0.08914326
v 0.00171308 0.20250636 0.09084974
v -0.06165352 0.27623653 0.07852338
v -0.06202119 0.27124617 0.07404865
v -0.02660562 0.38455310 0.05937289
v -0.04047058 0.24215956 0.08553959
v -0.06162081 0.26635849 0.07085179
v -0.00417190 0.40107465 0.03446944
v -0.00349747 0.20193022 0.09276836
v -0.05774029 0.24989204 0.07113443
v -0.00747076 0.20124267 0.09431492
v -0.01117920 0.20048422 0.09486274
v -0.04406509 0.28318372 0.10862182
v -0.04380956 0.24239773 0.08368210
v -0.02162783 0.25288597 0.10165577
v -0.02724485 0.24458234 0.09107973
v -0.02440703 0.24646223 0.09364526
v -0.03872405 0.34507781 0.10197507
v -0.02250976 0.24818261 0.09633867
v -0.02145196 0.25028053 0.09949307
v -0.03604348 0.24206367 0.08770071
v -0.04138030 0.30701202 0.11511706
v -0.02946111 0.37683737 0.07158531
v -0.05198858 0.24423844 0.07770701
v 0.01135113 0.40260673 0.03589962
v -0.01581241 0.27868786 0.12133579
v -0.02183999 0.24909692 0.09809236
v -0.02981951 0.26424021 0.11028303
v -0.03685003 0.28128862 0.11402960
v -0.01180571 0.17584528 0.07626663
v -0.03521696 0.19656144 0.07248805
v -0.03611032 0.19553629 0.06997652
v -0.03500108 0.19116053 0.06583364
v -0.02995762 0.19823292 0.08042587
v -0.03315406 0.19753318 0.07576270
v -0.02734551 0.18163626 0.06954558
v -0.03631011 0.19434007 0.06806181
v -0.02298154 0.17868578 0.07230632
v -0.03596251 0.19285229 0.06663124
v -0.01793132 0.17655593 0.07480405
v -0.01413231 0.19679321 0.09156512
v -0.02206444 0.19824886 0.08870725
v -0.01826075 0.19742057 0.09084450
v -0.02594674 0.19856787 0.08501677
v -0.03343245 0.18875435 0.06583671
v -0.03113266 0.18588559 0.06646995
v -0.01347262 0.20516196 0.10965101
v -0.01376891 0.20487714 0.10668938
v 0.00323923 0.25112087 0.09852247
v -0.00712447 0.20772520 0.09877692
v -0.01070667 0.22531070 0.11171053
v 0.00185757 0.25098076 0.09865348
v -0.00493614 0.20842384 0.09808527
v -0.00990621 0.23366654 0.11015974
v -0.00605174 0.24627917 0.10455929
v -0.01036555 0.22944345 0.11103021
v -0.00080031 0.21035609 0.10055991
v -0.00166844 0.20859212 0.09811927
v -0.01214982 0.20935634 0.11433242
v -0.01128939 0.21220988 0.11466832
v -0.01084340 0.20717515 0.11189137
v -0.01326963 0.20575251 0.11110531
v 0.00459657 0.25093684 0.09919076
v 0.01600106 0.25456825 0.09689848
v -0.01265290 0.20766407 0.11337988
v -0.01520830 0.20580624 0.11261962
v 0.00815264 0.25272018 0.09839474
v 0.00408511 0.25099573 0.09895597
v -0.00619535 0.21050271 0.10914783
v -0.00817342 0.24365017 0.10724466
v -0.00291839 0.21087824 0.10514848
v 0.00545059 0.25112525 0.09943835
v 0.00600850 0.25140679 0.09950607
v -0.01079823 0.22077043 0.11279742
v 0.01044583 0.25278765 0.09924193
v -0.01282078 0.20550956 0.10178576
v -0.00821265 0.20893821 0.11060517
v -0.00968204 0.20790224 0.11137782
v -0.01192295 0.20584227 0.09998359
v -0.00082488 0.24973412 0.10016845
v -0.00902254 0.24034619 0.10882764
v -0.00945756 0.23691376 0.10981999
v -0.01352775 0.20517594 0.10414927
v -0.01080622 0.21612674 0.11417221
v -0.00944115 0.20691547 0.09943320
v -0.01302489 0.20651504 0.11224546
v 0.01469080 0.26111567 0.11262284
v 0.01532275 0.25966185 0.11001213
v 0.00689322 0.26266798 0.11610375
v -0.01103358 0.26196095 0.11644600
v -0.00605056 0.26222154 0.11679728
v 0.01584127 0.25676644 0.10715304
v 0.01640330 0.25574556 0.10527645
v 0.01560300 0.25842112 0.10770871
v 0.01612749 0.25533190 0.10677515
v 0.01598238 0.25580591 0.10739224
v 0.01561915 0.25818938 0.10659145
v 0.01569080 0.25808734 0.10649966
v 0.01222077 0.26257160 0.11487837
v 0.01570708 0.25767386 0.10672008
v 0.01698704 0.25616461 0.10357945
v 0.01893356 0.25634009 0.09902553
v 0.00450930 0.27228516 0.12232436
v 0.03706960 0.27840412 0.11043783
v 0.04057391 0.27437910 0.10646604
v 0.03483320 0.23990390 0.09559993
v 0.03764311 0.24183458 0.09446470
v 0.00196434 0.26604056 0.12015720
v 0.01089045 0.29398066 0.12599008
v 0.02408704 0.35719728 0.10324638
v 0.00862952 0.28605863 0.12463723
v 0.02353710 0.28027248 0.11912809
v 0.02236325 0.34939307 0.10992445
v 0.03177109 0.28110173 0.11474876
v 0.04317623 0.24907348 0.09205826
v -0.00988256 0.27835771 0.12291287
v 0.04510377 0.25489074 0.09266470
v -0.00215790 0.27831644 0.12369440
v 0.03465617 0.39268669 0.05052112
v -0.00182723 0.25929046 0.11344390
v 0.02491901 0.23846801 0.09811054
v 0.02800975 0.23857816 0.09751906
v 0.03548052 0.38701403 0.06094591
v 0.04178540 0.24618515 0.09256701
v 0.01581394 0.31509209 0.12480904
v -0.00448646 0.25431299 0.10759725
v -0.00332056 0.25683153 0.10961990
v 0.01762709 0.32451242 0.12207846
v 0.01924832 0.33329806 0.11924390
v 0.02656096 0.36485770 0.09511279
v 0.00825688 0.24068417 0.09787057
v 0.04343003 0.26963198 0.10233264
v 0.04519017 0.26455900 0.09854613
v 0.03284361 0.38039401 0.07315324
v 0.01756095 0.23856398 0.09868638
v 0.04561211 0.25968367 0.09529482
v 0.02552886 0.39889988 0.04160874
v 0.04008149 0.24380013 0.09339689
v 0.01552577 0.27969927 0.12167759
v 0.02136680 0.23837708 0.09841327
v -0.00486517 0.25192049 0.10540341
v 0.00367207 0.24269274 0.09791653
v 0.00028609 0.24498364 0.09908782
v 0.02078343 0.34149271 0.11528026
v -0.00235499 0.24701235 0.10083930
v -0.00438393 0.24931860 0.10331057
v 0.01284464 0.23916486 0.09843506
v 0.01345020 0.30394849 0.12676524
v 0.02943419 0.37278801 0.08479880
v 0.03148185 0.23904011 0.09673427
v -0.00358798 0.24806410 0.10217969
v 0.00001249 0.26244819 0.11675026
v 0.00661741 0.27876776 0.12340240
v 0.01324236 0.19362126 0.08315356
v 0.01506531 0.19242159 0.08120914
v 0.01536073 0.18813221 0.07685702
v 0.00497893 0.19599491 0.08847658
v 0.00984688 0.19476582 0.08563714
v 0.00576973 0.17951027 0.07701527
v 0.01596913 0.19114201 0.07961129
v 0.00029757 0.17712875 0.07758580
v 0.01608982 0.18969782 0.07809277
v -0.00553700 0.17579469 0.07749681
v -0.00564811 0.19721635 0.09239732
v -0.01005176 0.19687685 0.09278093
v -0.00052089 0.19698252 0.09073518
v 0.01366209 0.18594837 0.07613371
v 0.01088224 0.18316622 0.07591139
v 0.02058122 0.25703251 0.09358187
v -0.03864745 0.26068667 0.08019875
v 0.01590692 0.25086457 0.10504349
v 0.01451146 0.25117603 0.10427086
v 0.01330348 0.25160503 0.10327147
v 0.01237307 0.25211430 0.10213168
v 0.01592491 0.25114527 0.10518803
v 0.01454461 0.25172850 0.10455348
v 0.01335152 0.25240597 0.10368161
v 0.01243473 0.25312430 0.10264833
v 0.01600074 0.25141203 0.10534148
v 0.01469516 0.25224963 0.10485314
v 0.01357004 0.25316343 0.10411693
v 0.01270956 0.25407895 0.10319702
v 0.01613380 0.25165251 0.10549684
v 0.01495669 0.25272116 0.10515942
v 0.01394927 0.25384837 0.10456149
v 0.01318762 0.25494254 0.10375704
v 0.01631940 0.25185803 0.10564999
v 0.01531935 0.25312519 0.10545950
v 0.01447533 0.25443470 0.10499750
v 0.01385037 0.25568259 0.10430764
v 0.01654801 0.25202206 0.10579474
v 0.01576844 0.25344589 0.10574292
v 0.01512793 0.25490031 0.10540871
v 0.01467416 0.25626871 0.10482626
v 0.01681260 0.25213626 0.10592501
v 0.01628788 0.25367031 0.10599853
v 0.01588176 0.25522617 0.10577933
v 0.01562440 0.25667995 0.10529380
v 0.01710304 0.25219774 0.10603653
v 0.01685634 0.25379086 0.10621656
v 0.01670806 0.25540084 0.10609610
v 0.01666601 0.25689974 0.10569195
v 0.01740796 0.25220355 0.10612307
v 0.01745444 0.25380209 0.10638715
v 0.01757555 0.25541681 0.10634427
v 0.01775968 0.25692067 0.10600667
v 0.01771402 0.25215331 0.10618411
v 0.01805715 0.25370318 0.10650618
v 0.01845049 0.25527388 0.10651661
v 0.01886264 0.25674027 0.10622264
v 0.01801340 0.25204852 0.10621487
v 0.01864100 0.25349933 0.10656686
v 0.01929879 0.25497770 0.10660519
v 0.01993174 0.25636688 0.10633449
v 0.01829052 0.25189528 0.10621564
v 0.01918509 0.25319704 0.10656793
v 0.02008885 0.25453970 0.10660703
v 0.02092782 0.25581411 0.10633735
v 0.01853619 0.25169751 0.10618500
v 0.01966740 0.25280899 0.10650967
v 0.02078904 0.25397575 0.10652252
v 0.02181301 0.25510350 0.10623167
v 0.01874238 0.25146335 0.10612635
v 0.02007032 0.25235003 0.10639404
v 0.02137384 0.25330913 0.10635449
v 0.02255003 0.25426176 0.10601844
v 0.01889857 0.25120190 0.10604049
v 0.02037768 0.25183666 0.10622446
v 0.02182056 0.25256428 0.10610895
v 0.02311277 0.25332206 0.10570912
v 0.01900125 0.25092250 0.10593046
v 0.02057896 0.25129023 0.10601006
v 0.02211183 0.25176987 0.10579686
v 0.02347940 0.25232133 0.10531588
v 0.01904390 0.25063759 0.10580061
v 0.02066321 0.25072977 0.10575615
v 0.02223595 0.25095659 0.10542856
v 0.02363737 0.25129443 0.10485287
v 0.01902829 0.25035569 0.10565574
v 0.02063193 0.25017741 0.10547154
v 0.02218839 0.25015581 0.10501625
v 0.02357622 0.25028628 0.10433291
v 0.01895137 0.25009003 0.10550131
v 0.02048060 0.24965781 0.10517047
v 0.02196995 0.24939959 0.10457893
v 0.02330187 0.24933226 0.10378166
v 0.01881875 0.24985038 0.10534434
v 0.02021970 0.24918582 0.10486333
v 0.02159107 0.24871503 0.10413329
v 0.02282307 0.24846999 0.10321943
v 0.01863329 0.24964501 0.10519107
v 0.01985754 0.24878344 0.10456233
v 0.02106540 0.24812943 0.10369574
v 0.02216086 0.24772969 0.10266824
v 0.01840490 0.24948162 0.10504647
v 0.01940903 0.24846344 0.10427849
v 0.02041312 0.24766478 0.10328411
v 0.02133725 0.24714397 0.10214798
v 0.01814032 0.24936622 0.10491653
v 0.01888954 0.24823815 0.10402323
v 0.01965875 0.24733837 0.10291331
v 0.02038661 0.24673320 0.10168071
v 0.01784936 0.24930470 0.10480593
v 0.01832111 0.24811725 0.10380565
v 0.01883325 0.24716315 0.10259716
v 0.01934547 0.24651311 0.10128288
v 0.01754544 0.24929938 0.10471816
v 0.01772332 0.24810578 0.10363479
v 0.01796534 0.24714711 0.10234903
v 0.01825129 0.24649166 0.10096900
v 0.01723858 0.24934889 0.10465832
v 0.01712064 0.24820395 0.10351606
v 0.01709114 0.24728937 0.10217710
v 0.01714857 0.24667208 0.10075261
v 0.01693990 0.24945349 0.10462715
v 0.01653673 0.24840808 0.10345535
v 0.01624199 0.24758580 0.10208909
v 0.01607949 0.24704473 0.10064076
v 0.01666301 0.24960630 0.10462599
v 0.01599219 0.24870928 0.10345440
v 0.01545257 0.24802354 0.10208718
v 0.01508321 0.24759747 0.10063882
v 0.01641706 0.24980451 0.10465683
v 0.01550995 0.24909745 0.10351346
v 0.01475169 0.24858646 0.10217212
v 0.01419817 0.24830619 0.10074578
v 0.01621067 0.25003806 0.10471617
v 0.01510656 0.24955629 0.10362978
v 0.01416657 0.24925283 0.10234116
v 0.01346072 0.24914825 0.10095955
v 0.01743883 0.25068209 0.10555823
v 0.01605446 0.25030082 0.10480352
v 0.01479869 0.25006896 0.10379969
v 0.01371958 0.24999718 0.10258766
v 0.01289687 0.25008687 0.10126965
v 0.01595194 0.25057939 0.10491483
v 0.01459732 0.25061637 0.10401644
v 0.01342710 0.25079215 0.10290299
v 0.01253031 0.25108930 0.10166638
v 0.01143962 0.25256112 0.10111882
v 0.01002602 0.25330719 0.09944199
v 0.00897479 0.25422454 0.09744404
v 0.00837225 0.25522703 0.09530865
v 0.00824198 0.25627777 0.09311669
v 0.00858644 0.25733438 0.09095456
v 0.00939488 0.25835839 0.08890446
v 0.01063457 0.25930920 0.08704512
v 0.01225871 0.26015064 0.08544688
v 0.01420539 0.26085028 0.08417325
v 0.01639860 0.26138076 0.08327101
v 0.01875558 0.26172259 0.08277635
v 0.02118365 0.26186135 0.08270858
v 0.01151287 0.25377530 0.10173960
v 0.01011757 0.25483543 0.10022475
v 0.00908317 0.25602198 0.09836398
v 0.00849103 0.25722376 0.09633116
v 0.00836747 0.25839746 0.09420209
v 0.00871578 0.25949606 0.09206156
v 0.00952057 0.26047775 0.08998992
v 0.01075319 0.26130614 0.08806799
v 0.01236614 0.26194841 0.08636747
v 0.01429679 0.26237792 0.08495556
v 0.01647063 0.26258171 0.08388622
v 0.01880377 0.26254994 0.08320026
v 0.02120882 0.26228330 0.08292468
v 0.01184356 0.25492343 0.10239981
v 0.01053325 0.25628248 0.10105641
v 0.00957158 0.25772187 0.09934227
v 0.00903467 0.25911367 0.09741698
v 0.00894341 0.26040393 0.09535684
v 0.00930250 0.26154160 0.09323819
v 0.01009635 0.26248449 0.09114428
v 0.01129656 0.26319504 0.08915450
v 0.01285492 0.26364815 0.08734600
v 0.01471141 0.26382443 0.08578806
v 0.01679648 0.26371744 0.08453976
v 0.01902929 0.26333222 0.08365028
v 0.02132349 0.26268148 0.08315443
v 0.01241743 0.25596130 0.10307340
v 0.01125673 0.25759029 0.10190479
v 0.01042227 0.25926036 0.10034053
v 0.00998021 0.26082233 0.09852631
v 0.00994713 0.26221707 0.09653400
v 0.01032553 0.26339072 0.09443854
v 0.01109997 0.26429757 0.09232132
v 0.01224127 0.26490420 0.09026386
v 0.01370484 0.26518574 0.08834372
v 0.01543424 0.26513246 0.08663733
v 0.01736455 0.26474607 0.08520667
v 0.01942005 0.26403928 0.08410977
v 0.02152247 0.26304299 0.08338834
v 0.01321433 0.25685048 0.10373460
v 0.01226082 0.25870943 0.10273801
v 0.01160195 0.26057622 0.10132028
v 0.01129123 0.26228487 0.09961535
v 0.01133978 0.26376975 0.09768946
v 0.01174515 0.26497331 0.09561734
v 0.01249246 0.26585048 0.09347741
v 0.01355223 0.26636624 0.09135254
v 0.01488444 0.26650256 0.08932360
v 0.01643826 0.26625159 0.08747055
v 0.01815271 0.26562509 0.08586140
v 0.01996289 0.26464570 0.08456104
v 0.02179944 0.26335114 0.08361821
v 0.01420305 0.25755528 0.10435845
v 0.01350584 0.25959748 0.10352413
v 0.01306623 0.26161999 0.10224427
v 0.01291810 0.26344532 0.10064198
v 0.01306709 0.26500162 0.09877960
v 0.01350574 0.26622972 0.09672846
v 0.01421956 0.26708210 0.09456681
v 0.01517884 0.26752627 0.09237887
v 0.01634839 0.26754609 0.09024753
v 0.01768276 0.26713941 0.08825587
v 0.01913045 0.26632226 0.08647819
v 0.02063745 0.26512590 0.08498611
v 0.02214248 0.26359668 0.08383562
v 0.01534593 0.25804907 0.10491954
v 0.01494497 0.26022011 0.10423161
v 0.01475850 0.26235193 0.10307662
v 0.01479878 0.26425835 0.10156666
v 0.01506186 0.26586476 0.09976174
v 0.01554137 0.26710981 0.09772934
v 0.01621427 0.26794577 0.09554927
v 0.01705909 0.26833996 0.09330378
v 0.01804045 0.26827815 0.09107988
v 0.01912156 0.26776174 0.08896331
v 0.02026203 0.26681125 0.08703528
v 0.02141571 0.26546285 0.08536880
v 0.02253930 0.26376787 0.08403005
v 0.01659838 0.25831407 0.10539849
v 0.01652360 0.26055253 0.10483457
v 0.01661384 0.26274404 0.10378550
v 0.01686025 0.26469368 0.10235451
v 0.01725071 0.26632649 0.10059761
v 0.01777174 0.26758039 0.09858163
v 0.01840297 0.26840809 0.09638526
v 0.01912019 0.26877499 0.09409223
v 0.01989530 0.26866990 0.09178863
v 0.02069988 0.26809475 0.08956651
v 0.02150086 0.26707247 0.08750813
v 0.02226951 0.26564395 0.08569543
v 0.02297528 0.26385948 0.08419637
v 0.01791288 0.25833791 0.10577582
v 0.01817837 0.26058337 0.10530983
v 0.01856056 0.26278004 0.10434388
v 0.01902262 0.26473400 0.10297467
v 0.01954655 0.26636881 0.10125564
v 0.02011252 0.26762366 0.09925292
v 0.02069873 0.26844984 0.09704317
v 0.02128257 0.26881570 0.09471197
v 0.02184183 0.26870626 0.09234719
v 0.02235457 0.26812530 0.09004115
v 0.02280159 0.26709694 0.08788176
v 0.02316498 0.26566011 0.08595221
v 0.02343148 0.26386827 0.08432694
v 0.01923880 0.25812188 0.10603623
v 0.01984790 0.26031089 0.10563757
v 0.02052433 0.26245925 0.10472994
v 0.02120366 0.26437786 0.10340361
v 0.02186207 0.26599154 0.10171174
v 0.02247370 0.26723850 0.09971745
v 0.02301436 0.26807228 0.09749888
v 0.02346340 0.26845917 0.09514122
v 0.02380514 0.26838559 0.09273310
v 0.02402371 0.26785257 0.09036927
v 0.02411317 0.26688305 0.08813946
v 0.02406927 0.26551265 0.08612989
v 0.02389252 0.26379329 0.08441822
v 0.02052479 0.25767285 0.10617103
v 0.02146831 0.25974584 0.10580753
v 0.02242910 0.26179391 0.10492949
v 0.02332033 0.26363859 0.10362490
v 0.02410943 0.26520732 0.10194708
v 0.02476502 0.26643962 0.09995775
v 0.02526147 0.26728785 0.09773459
v 0.02558009 0.26772040 0.09536199
v 0.02570931 0.26772040 0.09293242
v 0.02564367 0.26728746 0.09053884
v 0.02538559 0.26643869 0.08827280
v 0.02494572 0.26520616 0.08622153
v 0.02433914 0.26363704 0.08446474
v 0.02172200 0.25700882 0.10617505
v 0.02297661 0.25890878 0.10581221
v 0.02420188 0.26081041 0.10493414
v 0.02529060 0.26254538 0.10363053
v 0.02619941 0.26404655 0.10195167
v 0.02689631 0.26525599 0.09996296
v 0.02735141 0.26612759 0.09773915
v 0.02755005 0.26662666 0.09536730
v 0.02748248 0.26673639 0.09293707
v 0.02715179 0.26645082 0.09054314
v 0.02657036 0.26578176 0.08827557
v 0.02576107 0.26475379 0.08622395
v 0.02475555 0.26340628 0.08446656
v 0.02278435 0.25615445 0.10604663
v 0.02431401 0.25783309 0.10565008
v 0.02577505 0.25954551 0.10474400
v 0.02703827 0.26113999 0.10341950
v 0.02805556 0.26255402 0.10172747
v 0.02878809 0.26373404 0.09973432
v 0.02920669 0.26463494 0.09751485
v 0.02929748 0.26522130 0.09515594
v 0.02905484 0.26547208 0.09274654
v 0.02848848 0.26537478 0.09038107
v 0.02762116 0.26493660 0.08814852
v 0.02648509 0.26417145 0.08613656
v 0.02512348 0.26310948 0.08442117
v 0.02367026 0.25514343 0.10579209
v 0.02543114 0.25655961 0.10532959
v 0.02708753 0.25804800 0.10436676
v 0.02849665 0.25947601 0.10299985
v 0.02960373 0.26078710 0.10128246
v 0.03036714 0.26193330 0.09927978
v 0.03075584 0.26286829 0.09706925
v 0.03075569 0.26355794 0.09473599
v 0.03036672 0.26397464 0.09236859
v 0.02960516 0.26410165 0.09006007
v 0.02849792 0.26393598 0.08789574
v 0.02708935 0.26348162 0.08596240
v 0.02543197 0.26275867 0.08433269
v 0.02434611 0.25401461 0.10541974
v 0.02628301 0.25513709 0.10486208
v 0.02808895 0.25637558 0.10381667
v 0.02960974 0.25761750 0.10238834
v 0.03078523 0.25881505 0.10063331
v 0.03157138 0.25992113 0.09861742
v 0.03193760 0.26089618 0.09642027
v 0.03186836 0.26169914 0.09412365
v 0.03136827 0.26230198 0.09181787
v 0.03045663 0.26267967 0.08959134
v 0.02916753 0.26281819 0.08752753
v 0.02754962 0.26271275 0.08570819
v 0.02566687 0.26236576 0.08420353
v 0.02478782 0.25281057 0.10494678
v 0.02683915 0.25361884 0.10426585
v 0.02874231 0.25459179 0.10311453
v 0.03033561 0.25563455 0.10160960
v 0.03155534 0.25671098 0.09980433
v 0.03235492 0.25777727 0.09777246
v 0.03270692 0.25879213 0.09559117
v 0.03259395 0.25971758 0.09334342
v 0.03202082 0.26051927 0.09111495
v 0.03101059 0.26116264 0.08899276
v 0.02960229 0.26162738 0.08705841
v 0.02785036 0.26189214 0.08538549
v 0.02581966 0.26194772 0.08403821
v 0.02497708 0.25157511 0.10439031
v 0.02707700 0.25206500 0.10356380
v 0.02902220 0.25276423 0.10228853
v 0.03064420 0.25360611 0.10068978
v 0.03188257 0.25455877 0.09882872
v 0.03268995 0.25558171 0.09677692
v 0.03303335 0.25663966 0.09461461
v 0.03290200 0.25769001 0.09242390
v 0.03229921 0.25869340 0.09028785
v 0.03124737 0.25961113 0.08828984
v 0.02978839 0.26040766 0.08650561
v 0.02797892 0.26105204 0.08500443
v 0.02588562 0.26151952 0.08384444
v 0.02490384 0.25036433 0.10376696
v 0.02698553 0.25053826 0.10278048
v 0.02891460 0.25096810 0.10136758
v 0.03052550 0.25161034 0.09966730
v 0.03175718 0.25243828 0.09774272
v 0.03256025 0.25342110 0.09567021
v 0.03290763 0.25451991 0.09352918
v 0.03278298 0.25569364 0.09140120
v 0.03219134 0.25689656 0.08936720
v 0.03115604 0.25808296 0.08750735
v 0.02971682 0.25920615 0.08589010
v 0.02792933 0.26022440 0.08458106
v 0.02586022 0.26109815 0.08362834
v 0.02457209 0.24921808 0.10310425
v 0.02656830 0.24909316 0.10194604
v 0.02842463 0.24926932 0.10038768
v 0.02998204 0.24972174 0.09857948
v 0.03118045 0.25043279 0.09658842
v 0.03197446 0.25137618 0.09449361
v 0.03233196 0.25251397 0.09237526
v 0.03224064 0.25380471 0.09031425
v 0.03170339 0.25519663 0.08838935
v 0.03074082 0.25663704 0.08667497
v 0.02939032 0.25807080 0.08523713
v 0.02770413 0.25944212 0.08412997
v 0.02574539 0.26069874 0.08339868
v 0.02399861 0.24818020 0.10242943
v 0.02584496 0.24778654 0.10109566
v 0.02757375 0.24773268 0.09938870
v 0.02903702 0.24801385 0.09746943
v 0.03017698 0.24862039 0.09541060
v 0.03095130 0.24952751 0.09329312
v 0.03132833 0.25070128 0.09119801
v 0.03129543 0.25209612 0.08920543
v 0.03085318 0.25365901 0.08739059
v 0.03001848 0.25532901 0.08582579
v 0.02882241 0.25704259 0.08456974
v 0.02731305 0.25873461 0.08367132
v 0.02554656 0.26033756 0.08316432
v 0.02320180 0.24729204 0.10176750
v 0.02483988 0.24666841 0.10026078
v 0.02639366 0.24641731 0.09840767
v 0.02772554 0.24655190 0.09638031
v 0.02878516 0.24706849 0.09425424
v 0.02953179 0.24794473 0.09211455
v 0.02993671 0.24914904 0.09004135
v 0.02998448 0.25063381 0.08811648
v 0.02967355 0.25234273 0.08641087
v 0.02901472 0.25420976 0.08499302
v 0.02803430 0.25616360 0.08391498
v 0.02677025 0.25812826 0.08322005
v 0.02526902 0.26002949 0.08293496
v 0.02221290 0.24658763 0.10114335
v 0.02359494 0.24578096 0.09947471
v 0.02492920 0.24537361 0.09748356
v 0.02609861 0.24539249 0.09535275
v 0.02705735 0.24583681 0.09316342
v 0.02777132 0.24668916 0.09100296
v 0.02820945 0.24791701 0.08895142
v 0.02835728 0.24947377 0.08708970
v 0.02820893 0.25129902 0.08548717
v 0.02777004 0.25332183 0.08420677
v 0.02705660 0.25546587 0.08329783
v 0.02609526 0.25764811 0.08279483
v 0.02492622 0.25978428 0.08271839
v 0.02359131 0.26179248 0.08306845
v 0.02107007 0.24609511 0.10058050
v 0.02215524 0.24515936 0.09876607
v 0.02323692 0.24464224 0.09665106
v 0.02421738 0.24457885 0.09442721
v 0.02506255 0.24497263 0.09218158
v 0.02573630 0.24580880 0.09000103
v 0.02621454 0.24705352 0.08796929
v 0.02647707 0.24866034 0.08616416
v 0.02651745 0.25056705 0.08465488
v 0.02633117 0.25269940 0.08349921
v 0.02592542 0.25497732 0.08274119
v 0.02531757 0.25731164 0.08241187
v 0.02452909 0.25961283 0.08252315
v 0.01981783 0.24582990 0.10010166
v 0.02057662 0.24482650 0.09816284
v 0.02138179 0.24425066 0.09594165
v 0.02215633 0.24414361 0.09363900
v 0.02287401 0.24451117 0.09134449
v 0.02350470 0.24533837 0.08914827
v 0.02402571 0.24659136 0.08713318
v 0.02441637 0.24822487 0.08537607
v 0.02466269 0.25017485 0.08394544
v 0.02475234 0.25236681 0.08289604
v 0.02468658 0.25471601 0.08226822
v 0.02446330 0.25713071 0.08208518
v 0.02409375 0.25952101 0.08235614
v 0.01850316 0.24580467 0.09972565
v 0.01892222 0.24479517 0.09768881
v 0.01943498 0.24421348 0.09538300
v 0.01999404 0.24410383 0.09301870
v 0.02057807 0.24446897 0.09068634
v 0.02116385 0.24529298 0.08847697
v 0.02172962 0.24654953 0.08647405
v 0.02225332 0.24818417 0.08475621
v 0.02271595 0.25013855 0.08338739
v 0.02309760 0.25233588 0.08242138
v 0.02338585 0.25469092 0.08189438
v 0.02356767 0.25711471 0.08182909
v 0.02363711 0.25951231 0.08222540
v 0.01717750 0.24602167 0.09946446
v 0.01725302 0.24506785 0.09736036
v 0.01747132 0.24453418 0.09499682
v 0.01781283 0.24445920 0.09259002
v 0.01826234 0.24484624 0.09023069
v 0.01880300 0.24567984 0.08801298
v 0.01941438 0.24692619 0.08601914
v 0.02007305 0.24854064 0.08432703
v 0.02075267 0.25045970 0.08300106
v 0.02142846 0.25260854 0.08209316
v 0.02207375 0.25490558 0.08163683
v 0.02266357 0.25726154 0.08165048
v 0.02317651 0.25958773 0.08213462
v 0.01589145 0.24647048 0.09933026
v 0.01563202 0.24563262 0.09719084
v 0.01556620 0.24519913 0.09479843
v 0.01569622 0.24519829 0.09236865
v 0.01601483 0.24563041 0.08999635
v 0.01651288 0.24647932 0.08777304
v 0.01716709 0.24771129 0.08578397
v 0.01795650 0.24927981 0.08410595
v 0.01884792 0.25112459 0.08280222
v 0.01980837 0.25317371 0.08192356
v 0.02080180 0.25534931 0.08150338
v 0.02178738 0.25756836 0.08155920
v 0.02272934 0.25974381 0.08208840
v 0.01469377 0.24713263 0.09932812
v 0.01412408 0.24646883 0.09718783
v 0.01379322 0.24618292 0.09479423
v 0.01372573 0.24629162 0.09236436
v 0.01392452 0.24679123 0.08999114
v 0.01438005 0.24766237 0.08776794
v 0.01507687 0.24887219 0.08577947
v 0.01598643 0.25037324 0.08410148
v 0.01707529 0.25210801 0.08279760
v 0.01830096 0.25401068 0.08191980
v 0.01961657 0.25600684 0.08150081
v 0.02097148 0.25802019 0.08155696
v 0.02231323 0.25997382 0.08208697
v 0.01363118 0.24798594 0.09945683
v 0.01278620 0.24754401 0.09734993
v 0.01222031 0.24744704 0.09498428
v 0.01197797 0.24769656 0.09257634
v 0.01206900 0.24828380 0.09021629
v 0.01248850 0.24918389 0.08799754
v 0.01322165 0.25036433 0.08600365
v 0.01423904 0.25177851 0.08431296
v 0.01550256 0.25337315 0.08298774
v 0.01696357 0.25508600 0.08208202
v 0.01856572 0.25685152 0.08162771
v 0.02024751 0.25860250 0.08164440
v 0.02194494 0.26027125 0.08213203
v 0.01274491 0.24899705 0.09971263
v 0.01166939 0.24881679 0.09767155
v 0.01090769 0.24894364 0.09536277
v 0.01051959 0.24936037 0.09299619
v 0.01052017 0.25005028 0.09066229
v 0.01090957 0.25098482 0.08845176
v 0.01167344 0.25213042 0.08645014
v 0.01278084 0.25344187 0.08473288
v 0.01419071 0.25487056 0.08336572
v 0.01584764 0.25635937 0.08240278
v 0.01768897 0.25785249 0.08188082
v 0.01964367 0.25929227 0.08181871
v 0.02163659 0.26062235 0.08222021
v 0.01206894 0.25012532 0.10008492
v 0.01081718 0.25023866 0.09814073
v 0.00990579 0.25061649 0.09591399
v 0.00940602 0.25121820 0.09360836
v 0.00933833 0.25202152 0.09131195
v 0.00970456 0.25299627 0.08911438
v 0.01049164 0.25410229 0.08709930
v 0.01166777 0.25530061 0.08534466
v 0.01318909 0.25654235 0.08391677
v 0.01499616 0.25778136 0.08287157
v 0.01701993 0.25897023 0.08224900
v 0.01918331 0.26006162 0.08207180
v 0.02140207 0.26101455 0.08234958
v 0.01162747 0.25132918 0.10055961
v 0.01026247 0.25175589 0.09873851
v 0.00925343 0.25239927 0.09661661
v 0.00868108 0.25319943 0.09438939
v 0.00856880 0.25412470 0.09214072
v 0.00892137 0.25513995 0.08995946
v 0.00972179 0.25620639 0.08792846
v 0.01094326 0.25728220 0.08612593
v 0.01253667 0.25832611 0.08461972
v 0.01444168 0.25929821 0.08346997
v 0.01658468 0.26016107 0.08271800
v 0.01888229 0.26088217 0.08239572
v 0.02124897 0.26143298 0.08251421
v -0.04340384 0.25486198 0.09161930
v -0.04481426 0.25515327 0.09084998
v -0.04603975 0.25556108 0.08984910
v -0.04698743 0.25604823 0.08870377
v -0.04338651 0.25514603 0.09176038
v -0.04477939 0.25571182 0.09112541
v -0.04598761 0.25637135 0.09024964
v -0.04692010 0.25707075 0.08920835
v -0.04330770 0.25541630 0.09191002
v -0.04462439 0.25624055 0.09141795
v -0.04576360 0.25713977 0.09067436
v -0.04663816 0.25803867 0.08974345
v -0.04317262 0.25566122 0.09206156
v -0.04435918 0.25672102 0.09171729
v -0.04537763 0.25783688 0.09110807
v -0.04615246 0.25891775 0.09029035
v -0.04298453 0.25587118 0.09221093
v -0.04399214 0.25713313 0.09200989
v -0.04484507 0.25843552 0.09153377
v -0.04548118 0.25967398 0.09082793
v -0.04275357 0.25603911 0.09235232
v -0.04353769 0.25746226 0.09228621
v -0.04418555 0.25891384 0.09193473
v -0.04464727 0.26027635 0.09133361
v -0.04248624 0.25615743 0.09247898
v -0.04301330 0.25769579 0.09253530
v -0.04342402 0.25925201 0.09229629
v -0.04368684 0.26070330 0.09178929
v -0.04219227 0.25622347 0.09258799
v -0.04243962 0.25782374 0.09274726
v -0.04259016 0.25943792 0.09260418
v -0.04263594 0.26093760 0.09217654
v -0.04188583 0.25623280 0.09267209
v -0.04183668 0.25784236 0.09291391
v -0.04171552 0.25946438 0.09284578
v -0.04153385 0.26097125 0.09248273
v -0.04157646 0.25618541 0.09273170
v -0.04122939 0.25774974 0.09302966
v -0.04083427 0.25933021 0.09301387
v -0.04042237 0.26080158 0.09269284
v -0.04127620 0.25608325 0.09276171
v -0.04064189 0.25754976 0.09308867
v -0.03998027 0.25904030 0.09309898
v -0.03934595 0.26043639 0.09280141
v -0.04099762 0.25593117 0.09276234
v -0.04009451 0.25725082 0.09308992
v -0.03918615 0.25860637 0.09310089
v -0.03834506 0.25988898 0.09280343
v -0.04075095 0.25573322 0.09273235
v -0.03961046 0.25686350 0.09303255
v -0.03848244 0.25804421 0.09301810
v -0.03745678 0.25918081 0.09269898
v -0.04054428 0.25549906 0.09267484
v -0.03920627 0.25640363 0.09291922
v -0.03789632 0.25737640 0.09285359
v -0.03671798 0.25833803 0.09249072
v -0.04038804 0.25523680 0.09259091
v -0.03889891 0.25588849 0.09275351
v -0.03745020 0.25662813 0.09261356
v -0.03615563 0.25739476 0.09218840
v -0.04028709 0.25495514 0.09248273
v -0.03869937 0.25533792 0.09254371
v -0.03716074 0.25582814 0.09230797
v -0.03579117 0.25638640 0.09180348
v -0.04024329 0.25466722 0.09235637
v -0.03861618 0.25477186 0.09229551
v -0.03703992 0.25500706 0.09194796
v -0.03563768 0.25535086 0.09135048
v -0.04026321 0.25438336 0.09221594
v -0.03865225 0.25421423 0.09201901
v -0.03709194 0.25419718 0.09154759
v -0.03570560 0.25433016 0.09084480
v -0.04034209 0.25411418 0.09206550
v -0.03880733 0.25368550 0.09172527
v -0.03731670 0.25342914 0.09112017
v -0.03598600 0.25336078 0.09030704
v -0.04047669 0.25386873 0.09191237
v -0.03907297 0.25320581 0.09142531
v -0.03770207 0.25273260 0.09068517
v -0.03647251 0.25248253 0.08975898
v -0.04066455 0.25365889 0.09176241
v -0.03944017 0.25279376 0.09113155
v -0.03823468 0.25213408 0.09025852
v -0.03714373 0.25172600 0.08922075
v -0.04089583 0.25349018 0.09162132
v -0.03989402 0.25246441 0.09085457
v -0.03889445 0.25165638 0.08985721
v -0.03797674 0.25112525 0.08871378
v -0.04116281 0.25337225 0.09149449
v -0.04041861 0.25223163 0.09060542
v -0.03965537 0.25131842 0.08949582
v -0.03893691 0.25069833 0.08825748
v -0.04145628 0.25330681 0.09138606
v -0.04099210 0.25210309 0.09039311
v -0.04048946 0.25113210 0.08918731
v -0.03998748 0.25046426 0.08786987
v -0.04176261 0.25329813 0.09130038
v -0.04159461 0.25208539 0.09022655
v -0.04136318 0.25110590 0.08894508
v -0.04108945 0.25043043 0.08756392
v -0.04207154 0.25334513 0.09124200
v -0.04220160 0.25217795 0.09011053
v -0.04224470 0.25124019 0.08877708
v -0.04220107 0.25060105 0.08735310
v -0.04237209 0.25344682 0.09121151
v -0.04278891 0.25237826 0.09005187
v -0.04309778 0.25153056 0.08869176
v -0.04327678 0.25096637 0.08724467
v -0.04265056 0.25359973 0.09121118
v -0.04333622 0.25267771 0.09005092
v -0.04389244 0.25196478 0.08869044
v -0.04427800 0.25151345 0.08724277
v -0.04289763 0.25379643 0.09124176
v -0.04382047 0.25306398 0.09010915
v -0.04459583 0.25252640 0.08877365
v -0.04516645 0.25222129 0.08734839
v -0.04310419 0.25403073 0.09129916
v -0.04422397 0.25352329 0.09022264
v -0.04518198 0.25319415 0.08893894
v -0.04590499 0.25306433 0.08755712
v -0.04186132 0.25469783 0.09212659
v -0.04326055 0.25429311 0.09138362
v -0.04453181 0.25403848 0.09038912
v -0.04562847 0.25394177 0.08918004
v -0.04646830 0.25400731 0.08786021
v -0.04336286 0.25457403 0.09149192
v -0.04473219 0.25458816 0.09059955
v -0.04591857 0.25474128 0.08948682
v -0.04683334 0.25501519 0.08824722
v -0.04793886 0.25647613 0.08768736
v -0.04937889 0.25719023 0.08600436
v -0.05045478 0.25807473 0.08399044
v -0.05108043 0.25904778 0.08183359
v -0.05123265 0.26007193 0.07961510
v -0.05090617 0.26110497 0.07742099
v -0.05011312 0.26211035 0.07533740
v -0.04888568 0.26304838 0.07344227
v -0.04726860 0.26388317 0.07180850
v -0.04532401 0.26458243 0.07050012
v -0.04312758 0.26511961 0.06956576
v -0.04076443 0.26547348 0.06904189
v -0.03832287 0.26563022 0.06895040
v -0.04785785 0.25770625 0.08829330
v -0.04927753 0.25873789 0.08676808
v -0.05033523 0.25989532 0.08488886
v -0.05095031 0.26106879 0.08283250
v -0.05109510 0.26221696 0.08067463
v -0.05076531 0.26329294 0.07850270
v -0.04997665 0.26425573 0.07639752
v -0.04875633 0.26506877 0.07444106
v -0.04715094 0.26570246 0.07270734
v -0.04522383 0.26612857 0.07126395
v -0.04304884 0.26633495 0.07016663
v -0.04071006 0.26631054 0.06945626
v -0.03829489 0.26605660 0.06916131
v -0.04751878 0.25887072 0.08893754
v -0.04885022 0.26020634 0.08757930
v -0.04983323 0.26162064 0.08584349
v -0.05039216 0.26298690 0.08389209
v -0.05050391 0.26425231 0.08180152
v -0.05016401 0.26536715 0.07965051
v -0.04938628 0.26629150 0.07752411
v -0.04819928 0.26698595 0.07550184
v -0.04665023 0.26742718 0.07366239
v -0.04479913 0.26759624 0.07207657
v -0.04271523 0.26748711 0.07080375
v -0.04047892 0.26710424 0.06989540
v -0.03817785 0.26646125 0.06938563
v -0.04693541 0.25992683 0.08959512
v -0.04811404 0.26153722 0.08840685
v -0.04896796 0.26318553 0.08681665
v -0.04943053 0.26472604 0.08497380
v -0.04948312 0.26609755 0.08295013
v -0.04912384 0.26724985 0.08082204
v -0.04836557 0.26813650 0.07867254
v -0.04723853 0.26872534 0.07658432
v -0.04578538 0.26899225 0.07463633
v -0.04406399 0.26892698 0.07290511
v -0.04213713 0.26853305 0.07145487
v -0.04008201 0.26782387 0.07034384
v -0.03797492 0.26682901 0.06961404
v -0.04612764 0.26083469 0.09023981
v -0.04709572 0.26268071 0.08921941
v -0.04777202 0.26453042 0.08777224
v -0.04810153 0.26622030 0.08603595
v -0.04807178 0.26768419 0.08407699
v -0.04768464 0.26886693 0.08197199
v -0.04695386 0.26972294 0.07980047
v -0.04590981 0.27021903 0.07764642
v -0.04458993 0.27033722 0.07559232
v -0.04304637 0.27007020 0.07371806
v -0.04133832 0.26943171 0.07209386
v -0.03953120 0.26844329 0.07078420
v -0.03769374 0.26714393 0.06983839
v -0.04512742 0.26155943 0.09084843
v -0.04583660 0.26359329 0.08998583
v -0.04629079 0.26560313 0.08867352
v -0.04645557 0.26741219 0.08703671
v -0.04632368 0.26894987 0.08514009
v -0.04590314 0.27015781 0.08305560
v -0.04520648 0.27098894 0.08086310
v -0.04426425 0.27141100 0.07864748
v -0.04310942 0.27140957 0.07649331
v -0.04178768 0.27098304 0.07448433
v -0.04034869 0.27014846 0.07269590
v -0.03884948 0.26893735 0.07119881
v -0.03734764 0.26739570 0.07004999
v -0.04397277 0.26207176 0.09139560
v -0.04438208 0.26423925 0.09067576
v -0.04458134 0.26636255 0.08948468
v -0.04455553 0.26825598 0.08793800
v -0.04430851 0.26984632 0.08609711
v -0.04384807 0.27107185 0.08403133
v -0.04319169 0.27188486 0.08182059
v -0.04236464 0.27225542 0.07954912
v -0.04139965 0.27216941 0.07730488
v -0.04033357 0.27162892 0.07517402
v -0.03920655 0.27065569 0.07323836
v -0.03806324 0.26928669 0.07157175
v -0.03694577 0.26757389 0.07023995
v -0.04270893 0.26235366 0.09186153
v -0.04278962 0.26459357 0.09126286
v -0.04270916 0.26678005 0.09017532
v -0.04247528 0.26872000 0.08870582
v -0.04209995 0.27033848 0.08691205
v -0.04159620 0.27157289 0.08486180
v -0.04098289 0.27237725 0.08263506
v -0.04028461 0.27271926 0.08031736
v -0.03952825 0.27258700 0.07799523
v -0.03874135 0.27198344 0.07576142
v -0.03795593 0.27093458 0.07369952
v -0.03720162 0.26947916 0.07188968
v -0.03650690 0.26767200 0.07040213
v -0.04138371 0.26239330 0.09222917
v -0.04112115 0.26464364 0.09172563
v -0.04074649 0.26683909 0.09071909
v -0.04029528 0.26878586 0.08930986
v -0.03978538 0.27040744 0.08755280
v -0.03923578 0.27164340 0.08551537
v -0.03866839 0.27244633 0.08327584
v -0.03810458 0.27278537 0.08092080
v -0.03756575 0.27264631 0.07853918
v -0.03707313 0.27203393 0.07622372
v -0.03664512 0.27097416 0.07406308
v -0.03629791 0.26950634 0.07214035
v -0.03604601 0.26768577 0.07052933
v -0.04004820 0.26219028 0.09248255
v -0.03943976 0.26438743 0.09204440
v -0.03876863 0.26653796 0.09109466
v -0.03809841 0.26845080 0.08972703
v -0.03745285 0.27005219 0.08799587
v -0.03685782 0.27128136 0.08596705
v -0.03633614 0.27209181 0.08371930
v -0.03590791 0.27245015 0.08133848
v -0.03558811 0.27234465 0.07891439
v -0.03539190 0.27177793 0.07654314
v -0.03532352 0.27077222 0.07431345
v -0.03538802 0.26936811 0.07231294
v -0.03558256 0.26761472 0.07061748
v -0.03875408 0.26175040 0.09261303
v -0.03780869 0.26383457 0.09220903
v -0.03685172 0.26588687 0.09128784
v -0.03596833 0.26772782 0.08994131
v -0.03519145 0.26928490 0.08822422
v -0.03455318 0.27049941 0.08619927
v -0.03407474 0.27132416 0.08394744
v -0.03377791 0.27172726 0.08155231
v -0.03367149 0.27169394 0.07910775
v -0.03376108 0.27122462 0.07670741
v -0.03404349 0.27033806 0.07444294
v -0.03450591 0.26906782 0.07240175
v -0.03513210 0.26746228 0.07066299
v -0.03755065 0.26109293 0.09261616
v -0.03629294 0.26300579 0.09221224
v -0.03506933 0.26491228 0.09129120
v -0.03398766 0.26664516 0.08994530
v -0.03308996 0.26813582 0.08822726
v -0.03240904 0.26932764 0.08620326
v -0.03197332 0.27017444 0.08394997
v -0.03179757 0.27064407 0.08155577
v -0.03188942 0.27071935 0.07911067
v -0.03224556 0.27039593 0.07671027
v -0.03285144 0.26968682 0.07444458
v -0.03368615 0.26861933 0.07240315
v -0.03471453 0.26723427 0.07066445
v -0.03648408 0.26024157 0.09249006
v -0.03494971 0.26193330 0.09205316
v -0.03348973 0.26365179 0.09110416
v -0.03223283 0.26524347 0.08973740
v -0.03122690 0.26664793 0.08800630
v -0.03051016 0.26781029 0.08597831
v -0.03011047 0.26868689 0.08372979
v -0.03004301 0.26924300 0.08134790
v -0.03031010 0.26945877 0.07892351
v -0.03090340 0.26932359 0.07655104
v -0.03179672 0.26884475 0.07431971
v -0.03295879 0.26803899 0.07231741
v -0.03434411 0.26693782 0.07061993
v -0.03559598 0.25922897 0.09224074
v -0.03383024 0.26065853 0.09173886
v -0.03217430 0.26215297 0.09073456
v -0.03077094 0.26357779 0.08932613
v -0.02967460 0.26487947 0.08757041
v -0.02892738 0.26600742 0.08553301
v -0.02855816 0.26691803 0.08329310
v -0.02858129 0.26757750 0.08093672
v -0.02899492 0.26795894 0.07855324
v -0.02978393 0.26804900 0.07623671
v -0.03091791 0.26784340 0.07407252
v -0.03235352 0.26734850 0.07214688
v -0.03403540 0.26658663 0.07053296
v -0.03492042 0.25809532 0.09187667
v -0.03297891 0.25923008 0.09128119
v -0.03117278 0.26047245 0.09019564
v -0.02965781 0.26171121 0.08872728
v -0.02849295 0.26289880 0.08693536
v -0.02772276 0.26398760 0.08488546
v -0.02737652 0.26493746 0.08265822
v -0.02746884 0.26571068 0.08033781
v -0.02799426 0.26627943 0.07801454
v -0.02893271 0.26662019 0.07577808
v -0.03024908 0.26671991 0.07371242
v -0.03189284 0.26657602 0.07189845
v -0.03380101 0.26619202 0.07040678
v -0.03448177 0.25688252 0.09141336
v -0.03242711 0.25770181 0.09069698
v -0.03052435 0.25867707 0.08950834
v -0.02893661 0.25971502 0.08796565
v -0.02772765 0.26077947 0.08612446
v -0.02694320 0.26182708 0.08405881
v -0.02661144 0.26281786 0.08184756
v -0.02674728 0.26371542 0.07957537
v -0.02734485 0.26448390 0.07732771
v -0.02838128 0.26509237 0.07519315
v -0.02981612 0.26552030 0.07325332
v -0.03159387 0.26574981 0.07158302
v -0.03364863 0.26577127 0.07024549
v -0.03429840 0.25563785 0.09086822
v -0.03219659 0.25613493 0.09000950
v -0.03025233 0.25683391 0.08870094
v -0.02863590 0.25766805 0.08706768
v -0.02740876 0.25860614 0.08517091
v -0.02661682 0.25961053 0.08308692
v -0.02629262 0.26064506 0.08089410
v -0.02644665 0.26166800 0.07867686
v -0.02707363 0.26264077 0.07651965
v -0.02815075 0.26352590 0.07450633
v -0.02963446 0.26428893 0.07271324
v -0.03146993 0.26490167 0.07121019
v -0.03358478 0.26533866 0.07005571
v -0.03437757 0.25441033 0.09026067
v -0.03229623 0.25458908 0.08924507
v -0.03037021 0.25501522 0.08780189
v -0.02876588 0.25564748 0.08606885
v -0.02754580 0.25646064 0.08411111
v -0.02675835 0.25742394 0.08200572
v -0.02642963 0.25850037 0.07983415
v -0.02657656 0.25964805 0.07767855
v -0.02719084 0.26082271 0.07562084
v -0.02825037 0.26197940 0.07374226
v -0.02971307 0.26307362 0.07211249
v -0.03152286 0.26406404 0.07079707
v -0.03361233 0.26491171 0.06984459
v -0.03471629 0.25324583 0.08961521
v -0.03272190 0.25312099 0.08843283
v -0.03087082 0.25329044 0.08684687
v -0.02932236 0.25373062 0.08500741
v -0.02813633 0.25442579 0.08298485
v -0.02735914 0.25534976 0.08085786
v -0.02702057 0.25646466 0.07870732
v -0.02713264 0.25773081 0.07661711
v -0.02769150 0.25909689 0.07466574
v -0.02867549 0.26051176 0.07292955
v -0.03004724 0.26192147 0.07147519
v -0.03175379 0.26327020 0.07035683
v -0.03373003 0.26450682 0.06962053
v -0.03529957 0.25218990 0.08895738
v -0.03345732 0.25179058 0.08760343
v -0.03173587 0.25172514 0.08587210
v -0.03028380 0.25199232 0.08392470
v -0.02915691 0.25258118 0.08183585
v -0.02839964 0.25346750 0.07968609
v -0.02804128 0.25461969 0.07755868
v -0.02809391 0.25599146 0.07553487
v -0.02855627 0.25753242 0.07369141
v -0.02941060 0.25918102 0.07210104
v -0.03062485 0.26087558 0.07082416
v -0.03215151 0.26255026 0.06990908
v -0.03393234 0.26413983 0.06939204
v -0.03610683 0.25128198 0.08831136
v -0.03447487 0.25064769 0.08679007
v -0.03293160 0.25038108 0.08491568
v -0.03161272 0.25049809 0.08286248
v -0.03056816 0.25099501 0.08070751
v -0.02983858 0.25185043 0.07853614
v -0.02945169 0.25303358 0.07643031
v -0.02942260 0.25449783 0.07447259
v -0.02975179 0.25618753 0.07273553
v -0.03042784 0.25803760 0.07128857
v -0.03142359 0.25997648 0.07018487
v -0.03270166 0.26193067 0.06946884
v -0.03421361 0.26382467 0.06916814
v -0.03710713 0.25055820 0.08770256
v -0.03573438 0.24973583 0.08602355
v -0.03441273 0.24930897 0.08401470
v -0.03325818 0.24930654 0.08186071
v -0.03231531 0.24972886 0.07964374
v -0.03161943 0.25055987 0.07745211
v -0.03119881 0.25176802 0.07536767
v -0.03106803 0.25330582 0.07347153
v -0.03123271 0.25511459 0.07183464
v -0.03168693 0.25712553 0.07052194
v -0.03241318 0.25926012 0.06958316
v -0.03338346 0.26143676 0.06905423
v -0.03456032 0.26357216 0.06895666
v -0.03589877 0.26558432 0.06929182
v -0.03826127 0.25004712 0.08715372
v -0.03718796 0.24909005 0.08533256
v -0.03612205 0.24854928 0.08320288
v -0.03515760 0.24846214 0.08095817
v -0.03433061 0.24883220 0.07868688
v -0.03367542 0.24964616 0.07647519
v -0.03321393 0.25087133 0.07441013
v -0.03296718 0.25246128 0.07256924
v -0.03294200 0.25435513 0.07102315
v -0.03314059 0.25647897 0.06983189
v -0.03355574 0.25875241 0.06904016
v -0.03417008 0.26108816 0.06868087
v -0.03496151 0.26339468 0.06876658
v -0.03952489 0.24976532 0.08668701
v -0.03878061 0.24873593 0.08474474
v -0.03799381 0.24813159 0.08251129
v -0.03723772 0.24799806 0.08019046
v -0.03653903 0.24834017 0.07787110
v -0.03592619 0.24914438 0.07564510
v -0.03542247 0.25037807 0.07359515
v -0.03504714 0.25199717 0.07180114
v -0.03481366 0.25393763 0.07033210
v -0.03473269 0.25612444 0.06924455
v -0.03480587 0.25847387 0.06857924
v -0.03503112 0.26089513 0.06836294
v -0.03540085 0.26329684 0.06860380
v -0.04085021 0.24972507 0.08632044
v -0.04044908 0.24868536 0.08428262
v -0.03995636 0.24807233 0.08196758
v -0.03941753 0.24793300 0.07958613
v -0.03885343 0.24827120 0.07723008
v -0.03828597 0.24907172 0.07499091
v -0.03773626 0.25030953 0.07295363
v -0.03722662 0.25193098 0.07119767
v -0.03677611 0.25387812 0.06978856
v -0.03640086 0.25607395 0.06878208
v -0.03611731 0.25843406 0.06821547
v -0.03593493 0.26086861 0.06811301
v -0.03586115 0.26328257 0.06847651
v -0.04218530 0.24992891 0.08606584
v -0.04212989 0.24894212 0.08396326
v -0.04193412 0.24837489 0.08159201
v -0.04161463 0.24826732 0.07916920
v -0.04118589 0.24862611 0.07678695
v -0.04066385 0.24943618 0.07453941
v -0.04006927 0.25066441 0.07251133
v -0.03942384 0.25226641 0.07078014
v -0.03875354 0.25417963 0.06941266
v -0.03808216 0.25633049 0.06846295
v -0.03743892 0.25863642 0.06796522
v -0.03684470 0.26100680 0.06793974
v -0.03632515 0.26335368 0.06838821
v -0.04347939 0.25036889 0.08593588
v -0.04376085 0.24949513 0.08379875
v -0.04385132 0.24902533 0.08139949
v -0.04374435 0.24899043 0.07895528
v -0.04344783 0.24939303 0.07655971
v -0.04296981 0.25021812 0.07430707
v -0.04233085 0.25143215 0.07228325
v -0.04155335 0.25298959 0.07056592
v -0.04067050 0.25483051 0.06922020
v -0.03971347 0.25688335 0.06829844
v -0.03871898 0.25907052 0.06783579
v -0.03772730 0.26130694 0.06785096
v -0.03677513 0.26350632 0.06834333
v -0.04468321 0.25102517 0.08593450
v -0.04527753 0.25032318 0.08379661
v -0.04563360 0.24999951 0.08139651
v -0.04572566 0.25007388 0.07895212
v -0.04554879 0.25054362 0.07655667
v -0.04511369 0.25139058 0.07430436
v -0.04443232 0.25258178 0.07228015
v -0.04353404 0.25407273 0.07056333
v -0.04245213 0.25580525 0.06921746
v -0.04122903 0.25771195 0.06829570
v -0.03991048 0.25972137 0.06783418
v -0.03854659 0.26175478 0.06784992
v -0.03719349 0.26373470 0.06834264
v -0.04574964 0.25187659 0.08606075
v -0.04662036 0.25139523 0.08395623
v -0.04721335 0.25126037 0.08158366
v -0.04748108 0.25147459 0.07916079
v -0.04741273 0.25203156 0.07677804
v -0.04701279 0.25290713 0.07452987
v -0.04629539 0.25406989 0.07250105
v -0.04528927 0.25547391 0.07077114
v -0.04403185 0.25706604 0.06940402
v -0.04257195 0.25878471 0.06845544
v -0.04096508 0.26056400 0.06795920
v -0.03927464 0.26233512 0.06793551
v -0.03756323 0.26403081 0.06838678
v -0.04663816 0.25288823 0.08631103
v -0.04774064 0.25267005 0.08427136
v -0.04852950 0.25275910 0.08195464
v -0.04894337 0.25314027 0.07957213
v -0.04896508 0.25379944 0.07721482
v -0.04859557 0.25471017 0.07497482
v -0.04784750 0.25583833 0.07293849
v -0.04675100 0.25713962 0.07118268
v -0.04534707 0.25856543 0.06977434
v -0.04369073 0.26005960 0.06876962
v -0.04184406 0.26156524 0.06820659
v -0.03987991 0.26302564 0.06810616
v -0.03787232 0.26438180 0.06847273
v -0.04731313 0.25402263 0.08667533
v -0.04859243 0.25409791 0.08473049
v -0.04953125 0.25443819 0.08249377
v -0.05005679 0.25500610 0.08017127
v -0.05014707 0.25577939 0.07785051
v -0.04980019 0.25672969 0.07562260
v -0.04902906 0.25781870 0.07357351
v -0.04786395 0.25900617 0.07178096
v -0.04634852 0.26024511 0.07031350
v -0.04454151 0.26148826 0.06922846
v -0.04251295 0.26268828 0.06856708
v -0.04034022 0.26379839 0.06835361
v -0.03810682 0.26477611 0.06859945
v -0.04775368 0.25523433 0.08713983
v -0.04914736 0.25562504 0.08531640
v -0.05018216 0.25623313 0.08318137
v -0.05077923 0.25700122 0.08093517
v -0.05091328 0.25789812 0.07866101
v -0.05057950 0.25888953 0.07644926
v -0.04979413 0.25993717 0.07438372
v -0.04858451 0.26100144 0.07254426
v -0.04699680 0.26204059 0.07100020
v -0.04509344 0.26301557 0.06981300
v -0.04294638 0.26388770 0.06902541
v -0.04063959 0.26462477 0.06867032
v -0.03825919 0.26519808 0.06876086
f 4 2 1
f 8 6 5
f 13 15 14
f 17 19 18
f 32 30 29
f 36 34 33
f 37 39 38
f 21 23 20
f 25 27 24
f 41 43 42
f 48 46 45
f 52 50 49
f 53 55 54
f 60 58 57
f 29 62 61
f 66 64 63
f 67 6 68
f 72 70 69
f 76 74 73
f 77 79 78
f 81 83 82
f 59 86 85
f 88 90 89
f 96 94 93
f 100 98 97
f 101 103 102
f 106 34 87
f 108 115 107
f 117 36 118
f 124 126 125
f 131 129 128
f 132 134 133
f 142 140 139
f 148 60 147
f 144 127 124
f 149 151 150
f 156 154 153
f 159 158 157
f 116 164 105
f 171 169 168
f 174 173 172
f 179 181 180
f 186 188 187
f 194 196 195
f 199 139 198
f 206 208 207
f 213 211 210
f 202 214 201
f 96 216 54
f 92 43 44
f 97 246 100
f 250 229 228
f 252 58 253
f 258 256 255
f 260 229 259
f 110 112 113
f 114 263 109
f 265 267 266
f 56 270 269
f 274 249 250
f 185 63 64
f 280 278 276
f 285 283 157
f 288 211 212
f 141 92 46
f 289 175 176
f 148 105 106
f 312 170 171
f 238 42 43
f 318 160 317
f 310 308 307
f 241 325 324
f 160 240 317
f 47 307 308
f 108 315 164
f 345 86 119
f 348 350 349
f 356 358 357
f 355 353 352
f 363 32 362
f 149 150 176
f 364 253 365
f 366 368 367
f 183 371 63
f 163 161 160
f 209 101 208
f 378 165 166
f 379 381 380
f 383 3 4
f 284 386 385
f 387 389 388
f 391 229 249
f 73 397 396
f 405 407 406
f 203 411 410
f 414 413 412
f 1 357 4
f 277 131 275
f 254 57 58
f 358 415 351
f 417 386 408
f 401 192 420
f 419 127 143
f 421 182 422
f 103 302 409
f 428 368 174
f 380 359 356
f 62 266 323
f 140 431 430
f 357 351 348
f 356 379 380
f 415 403 434
f 437 436 435
f 438 440 439
f 188 450 449
f 452 454 453
f 265 181 421
f 224 64 225
f 237 213 427
f 275 128 458
f 281 460 459
f 50 79 461
f 73 282 281
f 468 466 465
f 390 352 359
f 482 484 483
f 489 487 486
f 493 495 494
f 472 470 469
f 502 500 499
f 220 222 223
f 512 143 66
f 518 511 80
f 513 230 286
f 205 31 244
f 189 451 188
f 163 532 8
f 533 225 251
f 446 447 412
f 335 540 334
f 544 546 545
f 329 291 292
f 199 262 238
f 385 416 550
f 532 191 247
f 363 118 243
f 236 237 250
f 578 580 579
f 573 571 570
f 561 562 272
f 241 259 240
f 590 592 591
f 545 595 594
f 503 155 504
f 606 624 623
f 478 480 479
f 646 648 647
f 590 689 684
f 564 651 650
f 728 184 727
f 714 716 715
f 692 575 693
f 541 581 578
f 346 248 400
f 161 230 160
f 128 94 95
f 698 704 703
f 574 576 575
f 290 401 328
f 630 725 726
f 733 735 734
f 755 496 493
f 759 481 760
f 757 762 761
f 764 466 467
f 768 9260 9261
f 759 488 489
f 492 475 771
f 474 769 473
f 773 465 772
f 771 486 483
f 484 775 491
f 774 489 486
f 495 764 756
f 495 761 494
f 137 784 136
f 325 797 547
f 165 51 52
f 369 29 370
f 730 568 569
f 90 301 89
f 243 516 242
f 800 806 805
f 817 808 816
f 816 823 822
f 306 447 807
f 815 809 808
f 829 828 825
f 726 501 502
f 274 424 423
f 879 881 880
f 884 879 885
f 219 217 211
f 906 904 897
f 455 205 542
f 898 830 829
f 903 880 881
f 906 897 898
f 377 519 165
f 923 948 946
f 946 951 950
f 8963 739 8961
f 900 886 880
f 225 65 144
f 182 442 422
f 809 947 824
f 954 962 961
f 927 965 966
f 885 880 886
f 925 966 967
f 343 341 340
f 965 971 968
f 968 970 969
f 972 969 973
f 963 981 978
f 336 338 339
f 992 827 828
f 810 996 959
f 1007 1002 1008
f 1012 827 1009
f 1011 1007 1008
f 294 292 291
f 907 920 919
f 1017 1019 1018
f 1020 1022 1021
f 1035 1020 1044
f 1061 1047 1046
f 1063 1046 1062
f 1044 1021 1045
f 1102 1097 1109
f 1116 1118 1117
f 1016 1014 1013
f 881 904 903
f 816 1127 817
f 1094 949 1097
f 514 167 515
f 146 81 82
f 1133 1130 1129
f 1102 1126 822
f 822 1116 816
f 1145 1148 1136
f 1076 1151 1069
f 1148 1086 1087
f 1109 1114 1136
f 1154 1156 1155
f 1153 967 1156
f 8815 463 9166
f 1144 1152 1151
f 1156 1163 1162
f 1164 1169 1165
f 1145 1176 1147
f 1114 1154 1171
f 1183 1164 1177
f 1184 1177 1185
f 1069 1062 1064
f 1023 1194 1022
f 1162 1170 1169
f 1195 1185 1191
f 1183 1176 1155
f 1201 1152 1196
f 1061 1201 1202
f 9277 843 9288
f 1203 1195 1034
f 1202 1184 1195
f 1218 1203 1217
f 1060 1202 1203
f 1225 1217 1219
f 671 694 670
f 1219 1024 1035
f 1217 1034 1024
f 1226 1015 1227
f 1243 1234 1233
f 1231 1229 1228
f 847 1233 843
f 843 1244 878
f 1233 1245 1244
f 1923 233 216
f 2100 499 500
f 9366 2135 9352
f 61 323 505
f 210 217 457
f 1299 1309 1300
f 9315 1231 9314
f 1066 1321 1322
f 1322 1228 1229
f 1060 1321 1047
f 1325 1323 1310
f 1244 1332 1330
f 1290 1242 1288
f 1337 1339 1338
f 1330 1340 1339
f 1341 1245 1294
f 1342 1332 1341
f 1343 1341 1344
f 1344 1294 1293
f 9309 1345 1346
f 1347 1342 1343
f 9308 1295 1345
f 1349 1348 1347
f 9313 1347 9305
f 9305 1343 9309
f 906 829 1353
f 905 1353 1354
f 865 1355 1357
f 1355 829 825
f 1357 825 826
f 1356 1353 1355
f 9286 1338 9285
f 866 1356 865
f 1358 1354 1356
f 9280 1337 9286
f 838 1012 841
f 1363 1338 1339
f 1368 1339 1340
f 1348 1340 1342
f 1371 9276 9281
f 524 526 523
f 528 530 527
f 1372 1369 1371
f 535 537 538
f 1367 1348 1350
f 1370 1359 1369
f 1369 9285 9276
f 1373 903 904
f 555 557 558
f 1374 910 1373
f 1373 905 1375
f 1374 1375 1376
f 1375 1354 1370
f 1378 908 1377
f 376 651 1387
f 1388 973 969
f 586 588 585
f 1390 1388 1391
f 1391 969 970
f 597 599 596
f 600 602 603
f 1392 970 979
f 608 610 607
f 612 523 611
f 614 616 613
f 617 25 24
f 620 622 619
f 1397 1391 1392
f 1398 1392 1399
f 1400 920 1378
f 1402 1165 1169
f 636 638 635
f 930 1402 929
f 641 643 644
f 929 1169 1170
f 1404 1403 1402
f 1411 1365 1406
f 1412 1415 1414
f 652 654 655
f 609 657 658
f 659 661 662
f 558 586 585
f 665 667 664
f 1413 1406 1412
f 1418 9262 9265
f 1417 1371 1416
f 1416 9281 9262
f 1419 1416 1418
f 1386 1374 1420
f 677 679 676
f 1385 1420 1421
f 1420 1376 1422
f 685 687 688
f 1421 1422 1423
f 528 691 658
f 1422 1372 1417
f 1018 747 1425
f 699 701 702
f 1424 579 1017
f 9115 1767 9112
f 700 711 712
f 1093 9206 1571
f 717 530 719
f 721 723 720
f 704 8987 8998
f 19 1426 1430
f 1429 1427 1426
f 1658 8986 8988
f 1439 1434 1438
f 1437 1435 1434
f 1426 1433 1432
f 1442 1432 1440
f 742 744 745
f 1432 1441 1440
f 751 753 750
f 1438 1403 1405
f 1446 1444 1443
f 1447 1446 1443
f 9312 1443 9300
f 1415 1445 1446
f 1414 1446 1448
f 2173 469 470
f 777 779 686
f 780 782 783
f 1676 1806 1675
f 9311 1349 9313
f 789 791 788
f 745 793 742
f 652 795 653
f 1455 1457 1456
f 1454 1350 1452
f 610 802 801
f 9283 698 703
f 1352 1045 1351
f 1015 1459 1460
f 811 813 814
f 2118 9269 2117
f 819 821 818
f 1466 1194 1190
f 1467 1465 1466
f 1182 1468 1467
f 832 833 831
f 835 837 834
f 1467 1190 1182
f 1469 1444 1445
f 840 712 690
f 1453 1469 1454
f 599 845 846
f 1226 9301 9307
f 851 853 850
f 855 856 854
f 858 860 857
f 861 863 864
f 1014 9307 9310
f 867 868 869
f 870 872 873
f 874 876 877
f 1310 1471 1309
f 1476 1427 1475
f 1461 1475 1460
f 887 889 890
f 788 892 891
f 894 896 893
f 1460 1227 1015
f 901 524 612
f 1465 1477 1464
f 1865 8944 1864
f 911 913 914
f 916 918 915
f 1850 8951 1851
f 921 895 894
f 1479 1436 1478
f 926 667 601
f 1481 563 1480
f 269 84 1482
f 931 933 916
f 934 614 869
f 936 688 937
f 938 662 939
f 1484 122 123
f 941 835 834
f 320 509 510
f 1849 8949 1850
f 84 1484 83
f 1487 1488 539
f 1757 8946 8953
f 365 1491 364
f 461 80 511
f 117 362 1496
f 1494 541 1495
f 926 957 958
f 1477 1433 1476
f 1709 1585 1700
f 119 1496 345
f 271 504 156
f 511 189 186
f 345 1492 365
f 255 344 254
f 57 299 132
f 1501 268 1500
f 267 1499 145
f 974 976 977
f 1678 1693 1676
f 9298 1807 9292
f 557 663 558
f 983 984 985
f 1443 9301 9300
f 421 268 265
f 989 991 988
f 1490 418 1504
f 279 309 310
f 997 676 679
f 998 999 875
f 1504 38 1505
f 1506 1507 1486
f 360 1508 1506
f 1506 207 360
f 939 1006 938
f 270 1483 269
f 66 546 512
f 1010 793 935
f 367 437 1509
f 244 363 243
f 1670 8978 1669
f 209 1510 226
f 235 1512 1511
f 1511 234 235
f 388 426 425
f 427 250 237
f 161 521 231
f 100 45 44
f 1025 608 1027
f 1029 1031 1028
f 939 1033 1032
f 41 594 99
f 1036 783 1037
f 702 1038 1039
f 1040 1042 1043
f 362 369 1493
f 187 477 186
f 70 539 198
f 1511 1521 234
f 1049 603 1048
f 613 869 614
f 860 1051 857
f 1005 1053 1006
f 753 1056 1054
f 1057 1059 1055
f 293 1522 292
f 288 1521 1522
f 292 1523 329
f 331 1508 1524
f 306 453 305
f 100 41 99
f 462 78 79
f 330 1524 462
f 635 1068 636
f 1485 1526 1528
f 206 1528 1510
f 1070 1072 831
f 942 1073 1074
f 916 1075 917
f 440 1530 439
f 157 1514 285
f 1529 5 1530
f 371 546 63
f 790 663 791
f 1077 857 1078
f 1403 1435 1165
f 1080 1082 1079
f 531 1529 440
f 21 1084 1085
f 272 1531 561
f 137 396 397
f 690 802 691
f 335 9011 581
f 1090 1029 1091
f 1092 794 1042
f 1533 137 138
f 661 1095 1096
f 69 445 72
f 1099 1101 1098
f 38 1536 1505
f 1104 1106 1103
f 852 1108 853
f 1377 909 1386
f 291 411 294
f 316 516 33
f 539 1533 534
f 1505 316 313
f 1110 1112 1113
f 1539 460 264
f 522 1537 1539
f 834 1120 1119
f 1122 1124 1121
f 612 1041 901
f 935 615 614
f 276 130 131
f 1686 8966 1685
f 193 1541 273
f 231 1540 287
f 556 982 557
f 365 85 345
f 190 318 1541
f 1810 9018 8972
f 9376 8956 9243
f 1132 985 1131
f 208 102 132
f 1134 662 661
f 1491 80 77
f 429 1542 147
f 1137 915 918
f 172 428 174
f 1139 1141 1142
f 549 54 55
f 1517 1518 296
f 976 1146 938
f 834 984 941
f 1543 286 115
f 1544 239 513
f 133 1544 1542
f 506 257 258
f 420 328 401
f 1158 1160 1157
f 587 1103 588
f 1513 1514 151
f 607 1027 608
f 304 1545 303
f 364 77 506
f 69 198 139
f 1006 976 938
f 700 1112 701
f 9329 8969 9239
f 1166 657 656
f 1167 858 1077
f 1300 8968 1299
f 1172 1174 1175
f 218 200 217
f 1179 1181 1178
f 372 97 98
f 89 227 88
f 1186 1188 1189
f 172 1517 1549
f 1482 81 1498
f 1090 1193 1030
f 394 353 1551
f 526 1198 1197
f 811 858 812
f 1199 1026 1025
f 606 697 696
f 1204 1206 743
f 1207 523 526
f 1209 867 613
f 914 685 936
f 1478 1441 1477
f 1029 1161 1091
f 1211 1213 1214
f 9310 1451 9311
f 844 1216 845
f 423 273 274
f 1220 1222 1083
f 22 1224 23
f 882 897 881
f 1519 173 387
f 1189 1232 1178
f 349 550 416
f 1071 1236 1072
f 1237 1239 745
f 1221 1189 1240
f 1510 1512 333
f 939 1241 1005
f 1556 5 67
f 1553 394 1551
f 404 67 347
f 1247 1249 1246
f 142 238 92
f 1251 635 1250
f 850 1253 851
f 1254 1077 1255
f 57 133 429
f 443 552 551
f 1187 1175 1188
f 1256 831 833
f 432 382 383
f 741 747 746
f 434 351 415
f 349 383 348
f 251 1481 1480
f 395 352 353
f 1518 1550 1551
f 1558 378 340
f 109 314 315
f 285 1513 407
f 395 393 392
f 202 410 1558
f 417 405 432
f 1246 1258 1247
f 3 297 2
f 1259 1261 1262
f 403 347 284
f 955 953 952
f 462 51 330
f 1096 687 1263
f 429 60 57
f 896 1265 932
f 1267 1268 1266
f 423 327 420
f 37 180 40
f 20 1187 1186
f 1256 1071 1070
f 155 156 504
f 1188 1269 1232
f 1236 1271 1262
f 1272 535 621
f 565 463 464
f 1273 745 1239
f 876 1255 1274
f 316 164 315
f 437 503 1509
f 194 1495 197
f 1275 864 863
f 624 631 630
f 1277 1137 1278
f 569 567 566
f 1481 125 366
f 324 547 326
f 1279 1107 1280
f 1525 329 1523
f 1281 1137 918
f 171 1553 1552
f 1488 396 1533
f 1557 1562 1559
f 1282 1206 1205
f 1053 1278 1281
f 778 607 1283
f 713 9010 9013
f 251 144 124
f 4 348 383
f 709 707 706
f 728 45 246
f 261 1563 544
f 789 1287 790
f 74 263 282
f 403 385 434
f 1178 1240 1189
f 1223 1289 1224
f 158 150 151
f 1220 1186 1221
f 296 354 433
f 784 1538 1566
f 1181 1291 1222
f 1269 1257 1246
f 1566 438 399
f 136 1566 1564
f 1563 169 1565
f 107 109 108
f 1297 1298 1296
f 1464 1476 1461
f 1520 507 508
f 1301 1303 1304
f 1306 1308 1305
f 175 1532 272
f 1532 200 201
f 1311 1312 1313
f 872 1315 1316
f 1317 1318 1319
f 9288 878 9280
f 1305 864 1276
f 1040 863 1320
f 1564 399 169
f 592 1575 591
f 591 1088 689
f 1581 1583 1582
f 1196 1147 1176
f 710 583 713
f 285 408 386
f 953 961 963
f 1594 1589 1593
f 1585 1587 1586
f 1592 1590 1589
f 9337 944 9351
f 1600 1598 1597
f 1604 1602 1601
f 1399 979 980
f 1589 1596 1595
f 1610 1608 1607
f 298 361 360
f 551 276 277
f 1627 9266 9271
f 859 818 860
f 1078 1328 1329
f 1555 1530 1556
f 572 680 681
f 772 776 774
f 977 918 917
f 404 392 393
f 1054 750 753
f 1644 1643 1642
f 932 1082 933
f 1067 1334 1068
f 1540 264 114
f 597 643 1336
f 471 762 470
f 1642 9283 9294
f 1644 9294 9295
f 923 950 927
f 96 548 95
f 520 522 521
f 445 443 442
f 849 848 842
f 480 755 493
f 1646 481 1639
f 311 1567 170
f 464 8941 8939
f 8941 1361 8939
f 234 236 235
f 190 192 191
f 153 152 149
f 231 286 230
f 1552 1551 1550
f 760 1648 488
f 9284 1649 9282
f 828 826 825
f 52 166 165
f 1663 1661 1660
f 287 115 286
f 668 670 669
f 634 640 639
f 553 559 554
f 118 33 516
f 492 491 490
f 8996 1651 8997
f 582 584 583
f 384 392 415
f 1381 1383 1380
f 1562 435 436
f 952 951 947
f 8973 583 584
f 1660 1667 1666
f 1394 1396 1393
f 1660 1664 1663
f 1671 1669 1668
f 1624 1673 1672
f 1407 1409 1410
f 1677 1675 1674
f 1613 1677 1625
f 1679 1676 1677
f 1626 9263 9266
f 534 198 539
f 176 150 159
f 803 734 800
f 400 191 192
f 65 143 144
f 8970 1656 8984
f 402 157 283
f 629 627 626
f 461 49 50
f 758 495 756
f 796 786 785
f 406 1513 1560
f 342 166 167
f 1694 1658 1695
f 1692 1694 1696
f 9001 1652 8996
f 9373 1703 9375
f 326 302 90
f 9368 1702 1706
f 9371 1698 1701
f 1699 9379 9370
f 1557 1560 1561
f 1127 1117 1128
f 400 289 346
f 1706 1707 1708
f 1707 1599 1600
f 1709 1708 1588
f 1714 1711 1713
f 9371 1709 1700
f 1704 1577 1703
f 1716 1713 1715
f 1559 1549 297
f 1722 1720 1719
f 1335 596 1489
f 410 377 378
f 973 1163 972
f 168 399 398
f 1571 1089 1093
f 1572 682 1571
f 749 647 754
f 1730 1723 1729
f 1594 1729 1592
f 1729 1591 1592
f 1731 1730 1583
f 1384 1377 1379
f 1732 1712 1714
f 1724 1731 1732
f 1712 1731 1580
f 1722 1732 1733
f 1721 1733 1734
f 1734 1716 1717
f 1735 1736 1697
f 1733 1714 1716
f 1663 1741 1668
f 1742 1740 1743
f 1738 1737 1735
f 1665 1666 1740
f 1665 1744 1664
f 1725 1746 1745
f 1591 1745 1590
f 1590 1747 1596
f 1745 1748 1747
f 1659 8982 8986
f 5650 8989 5617
f 1185 1182 1190
f 1664 1749 1741
f 1741 1739 1738
f 1746 1743 1748
f 1726 1742 1746
f 1153 924 925
f 1115 1153 1154
f 1654 9019 1655
f 1896 8993 1686
f 1720 1744 1726
f 1721 1749 1720
f 1750 1701 1698
f 1697 1750 1696
f 1151 1063 1062
f 1751 1670 1671
f 1695 1752 1751
f 961 986 981
f 1770 1768 1767
f 1766 1593 1765
f 1731 1579 1580
f 1579 1774 1578
f 9380 1771 9381
f 1764 9380 9369
f 1777 1775 1774
f 9214 1699 1700
f 1004 1128 1003
f 1774 1771 1772
f 987 1399 980
f 1578 1772 1764
f 1783 1781 1778
f 1597 1770 1767
f 639 9347 9336
f 9380 1769 1770
f 1793 1789 1788
f 9381 1798 1769
f 8952 9225 1806
f 1802 9376 9374
f 1788 1794 1793
f 1793 1795 1776
f 9225 1675 1806
f 1584 1783 1789
f 1771 9372 9381
f 1801 1798 1800
f 1768 1798 1799
f 1775 1797 1771
f 508 515 1520
f 1796 1802 1797
f 1800 9372 9374
f 1794 1804 1795
f 8976 1752 8991
f 485 1807 775
f 9261 1640 768
f 9289 1810 1653
f 485 1640 1808
f 1690 9222 9224
f 487 1648 1811
f 9291 1816 9274
f 9290 1648 9282
f 9291 1811 9290
f 1812 487 1811
f 1641 767 768
f 465 755 776
f 767 9275 9260
f 9274 9278 9299
f 1809 1815 767
f 9289 1651 9292
f 675 8985 8940
f 1814 1822 1821
f 1821 9273 9272
f 1824 1649 1825
f 1827 1850 1805
f 1668 1662 1663
f 1779 1848 1828
f 1790 1805 1794
f 1833 1853 1852
f 8965 693 575
f 1614 1616 1617
f 1852 8942 8945
f 1620 1622 1623
f 1855 1574 1861
f 1847 8945 8957
f 1766 1855 1782
f 1629 1631 1628
f 1633 1634 1632
f 1635 1637 1638
f 1848 1852 1847
f 1855 1863 1862
f 1803 1867 1802
f 1862 1831 1832
f 1782 1862 1781
f 9374 1865 1800
f 1873 1870 1869
f 1874 799 804
f 2045 9349 2044
f 1219 1295 1225
f 1615 1396 1395
f 9336 1877 1876
f 645 9238 9003
f 1345 1035 1346
f 634 9336 9332
f 15 1327 14
f 9362 1878 1893
f 1894 605 1893
f 8950 627 693
f 9004 645 9003
f 340 454 1558
f 1897 195 1898
f 1889 1877 1890
f 1901 129 1900
f 196 754 232
f 1705 9373 9368
f 340 166 343
f 1570 563 561
f 1904 194 1897
f 1781 1832 1780
f 1905 55 1906
f 1000 995 996
f 986 920 987
f 1191 1190 1194
f 2094 2075 2093
f 1920 1919 1915
f 453 1912 1911
f 1915 1918 1916
f 9334 2106 9353
f 1655 8975 1868
f 1916 1926 1925
f 704 9005 703
f 278 1925 1900
f 9009 1818 1820
f 1097 1115 1114
f 1927 727 1923
f 9030 9106 9210
f 1920 307 1929
f 1929 48 728
f 503 1497 1509
f 1902 787 796
f 1816 9272 9278
f 1925 1923 1924
f 1535 1568 1534
f 254 258 255
f 1509 366 367
f 119 35 36
f 219 293 294
f 141 47 431
f 542 244 245
f 1940 430 431
f 1779 1827 1790
f 1701 9367 9371
f 1661 8959 1667
f 270 754 647
f 197 749 196
f 1727 1212 1211
f 53 232 754
f 1465 1479 1478
f 1284 9306 1293
f 1951 412 413
f 168 1554 1553
f 1486 206 207
f 506 78 361
f 994 1007 993
f 951 963 964
f 1013 9313 1351
f 9278 1820 1818
f 1498 1954 1482
f 299 543 132
f 1754 1756 1753
f 1681 1683 1682
f 1696 1695 1697
f 13 738 737
f 473 475 474
f 482 768 1640
f 204 30 205
f 1761 820 819
f 611 1125 612
f 1501 1908 1909
f 1074 711 699
f 1960 82 83
f 120 1960 123
f 35 87 34
f 1773 1025 1031
f 1965 1569 1535
f 494 471 479
f 1966 1969 1968
f 446 1971 1967
f 174 125 126
f 1580 1578 1577
f 1785 1787 1784
f 1972 304 305
f 1254 875 999
f 1973 342 514
f 321 1973 509
f 1910 275 1907
f 509 514 508
f 1486 1527 1485
f 1974 804 1975
f 1977 1974 1978
f 1980 1966 1981
f 379 2 295
f 1718 1710 1701
f 884 992 883
f 1680 1678 1679
f 902 525 524
f 344 256 299
f 135 137 136
f 236 228 333
f 448 1967 1966
f 589 604 584
f 910 908 907
f 1981 1968 1987
f 1982 1987 1979
f 1988 1987 1989
f 1990 1989 1991
f 1991 1993 1992
f 322 320 319
f 992 830 883
f 1144 1086 1143
f 1995 1978 1994
f 1133 1118 1126
f 1997 1994 1996
f 870 1335 1489
f 805 1982 1998
f 727 2000 1999
f 1996 1988 1990
f 1994 1979 1988
f 1829 792 1273
f 1830 941 983
f 798 800 799
f 729 731 730
f 2011 2023 2022
f 1834 846 1159
f 402 284 347
f 2022 2024 2025
f 1838 989 988
f 810 952 809
f 1823 1840 644
f 1430 1432 1431
f 1215 1841 1079
f 149 176 177
f 1316 873 872
f 2112 1384 2106
f 1842 1844 1845
f 1159 845 1160
f 837 1846 1120
f 1971 2030 2027
f 517 370 189
f 858 833 812
f 1471 2027 1888
f 8995 626 627
f 2174 770 490
f 935 1854 1010
f 1613 1611 1618
f 1231 1225 1295
f 1856 891 892
f 1300 748 741
f 1150 1858 1859
f 1643 696 1642
f 1215 1264 1216
f 1320 902 901
f 1956 1944 1960
f 2031 669 1474
f 2034 1310 1299
f 1879 1656 1657
f 40 242 39
f 1992 2039 1456
f 888 957 889
f 1882 1996 1990
f 1078 1255 1077
f 1871 1192 1090
f 294 218 219
f 1323 2026 1471
f 123 83 1484
f 1324 2041 1323
f 384 359 352
f 1324 2038 2036
f 1883 1885 1829
f 287 114 107
f 1096 1134 661
f 915 931 916
f 806 1981 1982
f 8977 584 604
f 1425 2042 1018
f 1018 1948 1017
f 9006 740 8963
f 1948 649 646
f 1881 1990 1991
f 1900 130 278
f 992 994 993
f 923 925 924
f 9330 2047 9328
f 1643 625 606
f 2050 2051 2049
f 2045 1404 2047
f 9328 945 9337
f 1139 1079 1841
f 1037 892 982
f 2055 2057 2056
f 1198 718 717
f 1619 1612 1611
f 2058 1606 2059
f 2059 1607 2058
f 2058 1624 1605
f 71 179 37
f 405 1557 382
f 976 1006 977
f 322 1972 1911
f 2061 2063 2062
f 2066 2067 1825
f 2052 2064 2051
f 1609 2066 1647
f 1515 152 1516
f 1009 993 1007
f 1644 9267 2118
f 279 1916 278
f 1285 9314 1284
f 1647 1825 1649
f 2056 2067 2065
f 319 1953 1952
f 667 1913 1914
f 2070 625 2048
f 2052 2055 2063
f 2038 1655 1458
f 1606 2073 2072
f 1235 1270 1236
f 2072 2075 2074
f 2059 2072 2062
f 2074 2077 2076
f 1601 2078 2073
f 2049 1643 1645
f 1000 1001 994
f 1089 684 689
f 1931 1306 1930
f 1462 1021 1022
f 1932 1934 1935
f 875 1846 998
f 1936 1937 1938
f 44 46 92
f 1534 1956 120
f 1541 317 391
f 2081 2084 2083
f 146 1959 300
f 1360 1942 1361
f 985 1032 1033
f 1995 1892 2043
f 2079 2082 2081
f 2095 2076 2077
f 2081 2078 2079
f 2055 2054 2053
f 501 2095 500
f 2097 2099 2098
f 2098 2094 2083
f 2140 9345 9318
f 2141 9346 9345
f 2051 2048 2049
f 592 2101 1576
f 2071 2076 2096
f 2102 2098 2101
f 593 2102 592
f 1019 746 747
f 1950 12 1327
f 725 2096 501
f 1385 2104 1379
f 1379 2106 1384
f 2107 2100 2097
f 9360 502 9348
f 9348 499 9353
f 940 2109 944
f 928 1170 973
f 9320 684 9351
f 1962 1964 1961
f 9330 573 9349
f 2039 1968 1969
f 1389 2110 2109
f 1398 2113 1397
f 9209 9205 9195
f 9363 2107 2103
f 949 924 1115
f 260 324 326
f 1390 2113 2110
f 2070 2064 2071
f 9319 2103 593
f 2105 1421 2114
f 2114 1423 2115
f 9344 2115 9355
f 9360 2114 9344
f 554 1902 553
f 972 967 966
f 1765 1573 1574
f 1984 1986 1983
f 2053 2069 2057
f 9017 724 714
f 1625 1674 1673
f 9333 2119 2122
f 9355 2123 9356
f 56 1906 55
f 626 9331 629
f 2001 2003 2004
f 9364 2127 9359
f 2006 2008 2009
f 2127 1412 2128
f 2014 2016 2017
f 2018 2020 2021
f 1495 1947 197
f 1379 1386 1385
f 9266 1680 1618
f 2029 1884 2028
f 9354 2120 9339
f 629 9366 9324
f 682 943 1089
f 724 2121 716
f 1757 9273 9297
f 765 9296 9261
f 9303 715 9304
f 706 9322 9324
f 981 987 980
f 1457 1656 1880
f 2017 2032 2033
f 1458 1868 1457
f 1776 1792 1793
f 1959 1946 1958
f 9115 9177 9113
f 9365 2122 9302
f 1093 689 1088
f 966 968 972
f 9304 9333 9365
f 2172 2170 2171
f 670 2137 669
f 9213 1903 233
f 1429 28 1449
f 964 978 971
f 9293 1413 2127
f 1473 669 2137
f 9286 1359 1358
f 2138 1870 2137
f 1872 2137 1870
f 715 9340 9333
f 1881 1992 1880
f 9295 739 740
f 1837 8957 8958
f 253 59 85
f 1808 9292 1807
f 1647 9270 1609
f 9317 671 668
f 2112 9335 2111
f 1405 2044 1438
f 9281 1364 1366
f 273 391 249
f 576 8964 8999
f 9327 668 2031
f 1430 2140 2139
f 2136 9312 28
f 1430 18 19
f 9345 570 695
f 1442 2046 2141
f 1431 2141 2140
f 9321 9302 2136
f 9260 1817 766
f 9318 695 671
f 2142 798 2138
f 571 2142 694
f 9271 1618 1611
f 2143 2025 2142
f 694 2138 670
f 681 2144 572
f 2144 2022 2143
f 328 457 290
f 1572 2011 2144
f 630 9355 624
f 2085 2087 2088
f 2090 2092 2089
f 572 2143 571
f 1875 2153 2149
f 1873 2149 2154
f 2103 2097 2102
f 2157 2155 2156
f 2128 1414 2120
f 9326 589 582
f 9324 628 629
f 2149 2158 2159
f 2159 9357 9342
f 698 9354 705
f 9275 9279 1817
f 2158 9326 9357
f 1438 2046 1439
f 2035 2160 2161
f 2161 9341 9338
f 9323 605 589
f 9325 18 9327
f 370 61 451
f 649 413 648
f 2153 2156 2158
f 1428 1449 1450
f 1490 73 1488
f 9342 710 633
f 2155 9343 9323
f 1456 1880 1992
f 2125 2087 2124
f 2160 9342 9341
f 300 505 323
f 1064 1046 1065
f 2043 1891 2155
f 2129 2004 2003
f 2131 2133 2134
f 9300 1450 1449
f 1998 804 805
f 9331 9316 9366
f 474 490 770
f 1164 1182 1177
f 707 9361 9322
f 708 2162 707
f 2162 9338 9361
f 548 1905 458
f 1145 1114 1171
f 705 1650 704
f 2043 1977 1995
f 737 554 559
f 1034 1191 1023
f 458 1907 275
f 195 232 233
f 2040 1969 1970
f 2145 2147 2148
f 2054 2049 1645
f 9284 1639 9270
f 9 11 10
f 252 506 258
f 472 479 471
f 1865 9243 8947
f 900 910 907
f 1941 2151 1942
f 1921 1927 1919
f 2163 1898 2116
f 271 153 178
f 1904 12 9
f 282 264 460
f 1872 2154 2035
f 1326 1897 2163
f 628 693 627
f 1724 1719 1723
f 1549 436 172
f 1582 1730 1729
f 1921 1929 1928
f 9007 10 11
f 2152 1950 1949
f 475 774 771
f 769 2171 473
f 2171 476 473
f 476 772 475
f 1791 464 1760
f 2166 2168 2169
f 595 372 98
f 483 1641 482
f 762 2173 470
f 771 484 492
f 486 1809 483
f 297 1517 296
f 763 2174 762
f 776 759 489
f 184 2176 2000
f 412 303 414
f 2005 185 224
f 9263 1682 9298
f 2164 756 764
f 1472 2161 2162
f 950 964 965
f 2177 2179 2180
f 227 1510 333
f 764 467 2164
f 2182 2184 2181
f 2186 2018 2185
f 1985 2181 1986
f 214 729 1531
f 1545 1546 1569
f 865 842 866
f 849 1357 1362
f 452 1558 454
f 559 3188 737
f 16 737 3188
f 560 498 374
f 3193 3195 3194
f 3200 3198 3199
f 3211 3213 3212
f 3215 3217 3216
f 2187 2002 2001
f 3233 3235 3234
f 3223 3222 3224
f 3229 3231 3230
f 3245 3247 3246
f 2169 2189 2190
f 2192 2085 2191
f 2193 2195 2196
f 2198 2200 2197
f 1998 1979 1975
f 9116 9120 9123
f 3253 3255 3254
f 2116 1903 1902
f 1859 2009 1150
f 9356 2126 9358
f 1135 1087 1130
f 2201 2015 2014
f 1149 110 1858
f 3261 3263 3262
f 3269 3271 3270
f 3265 3267 3266
f 3229 3284 3283
f 3289 3291 3290
f 3299 3301 3300
f 3307 3264 3308
f 3293 3295 3294
f 3297 3224 3298
f 3319 3291 3320
f 3322 3318 3315
f 3314 3312 3311
f 3285 3287 3286
f 3332 3218 3215
f 3329 3330 3328
f 3324 3227 3298
f 3298 3326 3324
f 2203 2205 2206
f 579 1895 1019
f 1755 2208 1756
f 3337 3339 3338
f 9343 1893 605
f 1211 2150 1727
f 868 2210 2209
f 3347 3349 3348
f 944 930 940
f 2130 2202 2201
f 233 1898 195
f 665 750 666
f 1167 999 618
f 2211 2213 2214
f 2215 2217 2218
f 9319 590 9320
f 2220 220 2219
f 823 948 1094
f 3375 3377 3376
f 3393 3391 3390
f 3353 3357 3356
f 3363 3365 3364
f 3402 3404 3403
f 266 455 265
f 9334 2107 9335
f 2221 8963 8961
f 2223 2225 2226
f 2207 2124 2208
f 3293 3336 3286
f 673 9321 9316
f 817 996 815
f 2227 2146 2145
f 1947 646 749
f 9352 17 9325
f 2229 1638 1381
f 1679 1618 1680
f 1637 2232 2230
f 2233 1617 1616
f 2231 2236 2237
f 3406 3408 3407
f 1381 2238 1382
f 9038 2242 9039
f 3414 3341 3415
f 1630 2233 1631
f 1681 472 469
f 1408 2243 2244
f 3423 3425 3424
f 3433 3263 3307
f 3434 3430 3435
f 3440 3442 3441
f 3444 3446 3445
f 3436 3450 3439
f 3442 3456 3455
f 1637 2238 1638
f 3445 3437 3438
f 3448 3440 3449
f 1409 1634 2245
f 1380 2247 2246
f 1628 2245 1621
f 3463 3465 3464
f 3308 3462 3307
f 2249 1622 1633
f 1632 1408 2244
f 2248 1631 2250
f 3478 3480 3479
f 3509 3511 3510
f 2235 1637 1636
f 3505 3507 3506
f 3457 3199 3198
f 631 2071 725
f 515 52 49
f 782 2251 1251
f 2253 2255 2252
f 397 459 784
f 1456 2040 1455
f 2040 2036 1455
f 3434 3518 3517
f 1401 2111 1398
f 2041 1970 2026
f 3367 3338 3368
f 1535 414 1965
f 1586 2080 2079
f 2256 1132 1886
f 3528 3530 3529
f 3519 3520 3517
f 3537 3506 3538
f 3543 3545 3544
f 1700 9370 9371
f 3486 3550 3549
f 3455 3497 3563
f 3558 3559 3323
f 3456 3500 3497
f 3572 3252 3249
f 3308 3285 3569
f 3316 3574 3573
f 3575 3479 3533
f 3576 3578 3577
f 3580 3582 3581
f 3584 3586 3585
f 3505 3588 3503
f 3589 3591 3590
f 3600 3602 3601
f 3542 3595 3594
f 3604 3592 3589
f 3611 3613 3612
f 3622 3624 3623
f 3618 3620 3619
f 3626 3628 3627
f 3644 3646 3645
f 3634 3636 3635
f 3638 3641 3640
f 9267 1686 9269
f 1263 1886 1096
f 3613 3654 3614
f 598 844 599
f 2257 2259 2260
f 2258 2262 2259
f 2259 2263 2216
f 2260 2216 2215
f 1967 1970 1969
f 2212 1963 2213
f 922 2218 2217
f 1312 1101 2264
f 1307 1286 789
f 1548 1546 1972
f 2266 2268 2265
f 2265 2270 2269
f 2272 2269 2271
f 2273 2265 2272
f 2275 2277 2274
f 2278 2277 2279
f 2284 9069 9091
f 2287 2286 2281
f 2288 2283 2287
f 2290 9091 9072
f 2291 2293 2294
f 2295 2294 2279
f 2296 2291 2295
f 2297 2292 2291
f 2294 2299 2300
f 2279 2300 2278
f 2298 2302 2292
f 2292 2303 2293
f 2293 2304 2299
f 2304 2306 2299
f 2306 2300 2299
f 2308 2310 2307
f 2302 2310 2303
f 2301 2307 2302
f 2312 2307 2311
f 2313 2315 2316
f 2318 2320 2317
f 9200 2322 2323
f 2324 2273 2326
f 2313 2326 2327
f 2328 2313 2316
f 2329 2324 2328
f 2331 2333 2330
f 2330 2267 2266
f 2325 2266 2273
f 2329 2330 2325
f 2333 2335 2267
f 2336 2333 2332
f 2338 2332 2337
f 2331 2337 2332
f 2329 2339 2331
f 2328 2340 2329
f 2316 2341 2328
f 2342 2315 2343
f 2344 2346 2347
f 2341 2347 2340
f 2342 2344 2341
f 2348 2345 2344
f 2350 2352 2353
f 2339 2353 2337
f 2340 2350 2339
f 2347 2351 2350
f 2337 2354 2338
f 2353 2355 2354
f 2356 2276 2357
f 2356 2358 2359
f 2356 2296 2295
f 2279 2356 2295
f 2360 2270 2268
f 2267 2360 2268
f 2362 2364 2365
f 2362 2361 2358
f 2366 2358 2357
f 2366 2363 2362
f 2357 2368 2366
f 2366 2369 2367
f 2276 2370 2368
f 2368 2282 2369
f 2372 2374 2371
f 2375 2377 2007
f 2378 2380 2381
f 2382 2381 2383
f 2384 2378 2382
f 2385 2379 2378
f 2388 2390 2387
f 2387 2392 2391
f 2393 2387 2391
f 2394 2388 2387
f 2186 2402 2400
f 2403 2327 2326
f 2272 2326 2273
f 2271 2403 2272
f 2405 2404 2403
f 2404 2408 2327
f 2409 2411 2412
f 2409 2271 2269
f 2413 2269 2270
f 2413 2410 2409
f 2417 2416 2418
f 2417 2406 2405
f 2412 2405 2271
f 2411 2417 2412
f 2406 2407 2404
f 9013 632 713
f 2420 2397 2421
f 2420 2423 2422
f 2424 2422 2419
f 2424 2398 2420
f 2425 2392 2426
f 2421 2426 2423
f 2397 2425 2421
f 2396 2391 2425
f 2427 2315 2314
f 2427 2408 2428
f 2430 2428 2429
f 2343 2427 2430
f 2432 2430 2431
f 2431 2429 2433
f 2435 2433 2434
f 2436 2431 2435
f 2428 2407 2437
f 2422 2407 2419
f 2438 2422 2423
f 2429 2437 2438
f 2440 2433 2439
f 2441 2433 2429
f 2442 2439 2441
f 2443 2440 2439
f 2445 2444 2443
f 2447 2443 2442
f 2383 2445 2447
f 2381 2446 2445
f 2448 2423 2426
f 2449 2426 2392
f 2441 2449 2442
f 2441 2438 2448
f 2449 2390 2450
f 2450 2389 2451
f 2447 2451 2383
f 2442 2450 2447
f 2451 2453 2452
f 2452 2455 2454
f 2382 2454 2384
f 2383 2452 2382
f 2456 2373 2372
f 2459 2461 2458
f 2463 2465 2462
f 2462 2285 2284
f 2466 2284 2290
f 2467 2462 2466
f 2461 9155 9153
f 2468 2470 2471
f 2472 2471 2473
f 2474 9153 9140
f 2475 2477 2478
f 2458 2453 2479
f 2479 2389 2388
f 2395 2479 2388
f 2480 2458 2479
f 2481 2483 2478
f 2484 2485 221
f 2471 2464 2463
f 2473 2463 2467
f 2487 2466 2486
f 2486 2290 2488
f 2490 2488 2489
f 2491 2486 2490
f 2492 2467 2487
f 2493 2487 2491
f 2494 2492 2493
f 2495 2473 2492
f 9142 2474 9140
f 9143 2496 9142
f 2498 2493 2499
f 2500 2499 2501
f 9152 2498 2500
f 9139 2494 2498
f 2306 2278 2300
f 2305 2504 2306
f 2504 2507 2506
f 2506 2288 2508
f 2274 2508 2275
f 2278 2506 2274
f 9085 2489 2488
f 9072 2488 2290
f 2507 2289 2288
f 2505 2509 2507
f 2508 2287 2511
f 2511 2281 2280
f 2370 2280 2282
f 2275 2511 2370
f 2512 2489 2513
f 2514 2513 2515
f 2517 2514 2516
f 2517 2490 2512
f 2499 2491 2517
f 2499 2516 2501
f 2510 2519 2518
f 2518 2521 2520
f 9068 2520 9073
f 9084 2518 9068
f 2522 2303 2310
f 2523 2310 2309
f 2305 2522 2524
f 2524 2523 2525
f 2519 2525 2521
f 2505 2524 2519
f 2308 2527 2526
f 2526 2529 2528
f 2531 2528 2530
f 2309 2526 2531
f 1214 2151 1211
f 2419 2418 2424
f 2533 2349 2317
f 2534 2317 2320
f 2535 2533 2534
f 2536 2345 2533
f 2537 2346 2536
f 2538 2536 2535
f 2539 2537 2538
f 2540 2351 2537
f 2312 2541 2527
f 2527 2542 2529
f 2543 2434 2544
f 2545 2544 2546
f 2319 2543 2545
f 2318 2435 2543
f 2514 2548 2547
f 2547 2550 2549
f 2552 2549 2551
f 2552 2514 2547
f 2520 2554 2553
f 2553 2556 2555
f 9042 2555 9045
f 9073 2553 9042
f 2523 2531 2557
f 2557 2530 2558
f 2525 2557 2559
f 2559 2558 2560
f 2554 2560 2556
f 2521 2559 2554
f 2561 2007 2006
f 2376 2225 2377
f 2564 2566 2563
f 2563 338 2567
f 2569 2567 2568
f 2570 2563 2569
f 2572 2574 2571
f 2571 2576 2575
f 2544 2575 2546
f 2544 2572 2571
f 2578 2569 2577
f 2579 2569 2568
f 2574 2579 2576
f 2573 2577 2574
f 2581 2583 2580
f 2584 2583 2585
f 9149 2580 2584
f 9128 2580 9127
f 2582 2552 2583
f 2583 2551 2585
f 2500 2589 2588
f 2590 2589 2591
f 9145 2588 2590
f 9147 2500 2588
f 2501 2591 2589
f 2592 2594 2595
f 2386 2503 2502
f 2596 2386 2374
f 2596 2373 2597
f 2599 2597 2598
f 2599 2379 2596
f 2600 2380 2599
f 2600 2598 2601
f 2603 2601 2602
f 2603 2446 2600
f 2604 2602 2605
f 2440 2605 2434
f 2444 2604 2440
f 2606 2581 2607
f 2606 2590 2591
f 2591 2582 2606
f 9128 2456 9141
f 9141 2372 9145
f 2478 2608 2481
f 2609 2611 2199
f 2564 2613 2612
f 2612 2598 2597
f 2457 2597 2373
f 2565 2612 2457
f 2614 2570 2578
f 2615 2578 2573
f 2602 2614 2615
f 2601 2613 2614
f 2572 2605 2616
f 2616 2602 2615
f 2573 2616 2615
f 1459 1045 1021
f 1265 1079 1082
f 1612 1609 1611
f 2067 2069 2068
f 1135 1136 1148
f 1938 2618 2617
f 95 458 128
f 2058 1608 1612
f 1454 1445 1367
f 655 1048 2619
f 722 2621 723
f 3665 3634 3666
f 1131 1033 1134
f 562 366 1497
f 1723 1725 1591
f 1786 1122 1787
f 267 323 266
f 1325 1654 2038
f 1468 1435 1479
f 658 529 528
f 8 247 7
f 382 1559 3
f 3631 3680 3630
f 788 1307 789
f 940 929 928
f 911 2623 912
f 2621 655 654
f 2624 2625 2626
f 998 27 26
f 635 2626 2625
f 2627 644 1840
f 2628 1840 2629
f 1200 2627 2628
f 1199 641 2627
f 1520 49 477
f 1452 1349 1451
f 2630 1859 1858
f 644 1335 1823
f 3683 3699 3698
f 1197 717 2632
f 2632 719 1166
f 2628 1166 1200
f 2629 2632 2628
f 1762 1050 821
f 1823 873 1839
f 2634 794 652
f 1028 1027 1161
f 1042 2635 1043
f 93 1901 1924
f 2036 1458 1455
f 1527 1525 1526
f 877 1274 1277
f 134 797 1544
f 1328 931 1329
f 607 1091 1161
f 1043 2637 2636
f 2636 2639 2638
f 1275 2638 1276
f 1275 1043 2636
f 1272 2626 2640
f 2640 638 637
f 1110 2640 637
f 536 2640 2641
f 1472 1474 1473
f 2042 1951 649
f 3668 3633 3669
f 1058 1105 1059
f 2642 2643 2644
f 1192 2644 1193
f 912 2642 1192
f 9350 8970 9238
f 1049 2620 2621
f 616 1885 613
f 1331 666 750
f 990 1198 525
f 1911 321 322
f 1298 1205 2645
f 76 1504 75
f 1502 421 422
f 610 658 691
f 1146 659 938
f 2646 914 936
f 1280 1238 1279
f 975 2647 2648
f 2647 975 974
f 1453 1452 1451
f 1514 158 151
f 835 1843 1842
f 1271 1173 1289
f 2649 813 2650
f 1893 1826 1894
f 1050 1937 1051
f 2651 814 813
f 1006 1281 977
f 2653 2654 2655
f 1001 1003 1002
f 585 679 558
f 2624 621 620
f 555 2028 556
f 1207 1197 2629
f 1626 478 472
f 3729 3731 3730
f 3746 3748 3747
f 3770 3750 3753
f 426 419 1567
f 1030 1773 1031
f 9350 634 9332
f 534 138 262
f 1125 1042 1041
f 333 88 227
f 569 561 730
f 3691 3693 3692
f 1489 871 870
f 1857 620 891
f 1673 9222 9215
f 622 864 1308
f 2647 974 2657
f 619 891 620
f 261 545 262
f 393 1556 404
f 2658 2647 2657
f 1075 2657 917
f 1081 2658 1075
f 1080 2659 2658
f 2644 1141 2660
f 2660 1140 1336
f 642 1336 643
f 1193 2660 642
f 679 555 558
f 3762 3764 3763
f 1503 1500 1502
f 1318 1101 1100
f 2661 1139 1142
f 2661 2663 2662
f 2662 2659 2661
f 2662 2622 2664
f 2664 911 2646
f 2648 2646 1146
f 2648 2662 2664
f 3586 3779 3777
f 2083 2093 2081
f 1442 1437 1439
f 3732 3733 3731
f 519 330 51
f 1885 1209 613
f 799 805 804
f 1946 1952 1953
f 1302 1253 1252
f 3741 3757 3756
f 3660 3662 3661
f 566 224 533
f 1389 928 1388
f 683 681 680
f 836 1842 2665
f 2665 1845 1303
f 2666 1303 1302
f 24 2665 2666
f 831 2650 832
f 1845 1304 1303
f 2010 2012 2011
f 1051 2667 2668
f 1522 1511 1523
f 531 441 522
f 782 1251 1250
f 1250 2625 2669
f 2669 1857 1856
f 783 1856 1037
f 782 2669 783
f 720 2671 721
f 1055 1930 1056
f 1333 1251 2251
f 619 1308 1307
f 652 2619 2634
f 521 1539 1540
f 1838 537 2672
f 2672 536 2641
f 1113 2641 1110
f 1113 1838 2672
f 1016 1351 1045
f 9349 570 9346
f 226 104 101
f 9008 9279 1818
f 1036 1884 1883
f 2674 1304 2673
f 2673 1844 2675
f 1334 2675 1039
f 1333 2673 1334
f 2676 1039 2675
f 1843 2675 1844
f 942 2676 1843
f 1074 702 2676
f 811 859 858
f 752 1055 753
f 1200 656 1026
f 1120 874 2677
f 2677 877 1052
f 1241 1052 1005
f 1119 2677 1241
f 1560 151 1515
f 1208 611 523
f 215 736 214
f 1460 1462 1461
f 3717 3719 3718
f 1208 1839 873
f 854 1282 1297
f 3682 3696 3681
f 72 182 179
f 544 1565 512
f 217 456 457
f 3673 3781 3780
f 2047 930 945
f 1204 1937 2633
f 913 686 685
f 3705 3707 3706
f 840 1113 1112
f 1531 730 561
f 2678 1283 801
f 601 1914 602
f 1537 459 460
f 1819 8953 8971
f 991 862 538
f 2679 1073 1830
f 3776 3581 3582
f 2680 983 2256
f 779 2256 1263
f 778 2680 779
f 2678 1830 2680
f 180 245 40
f 1886 1131 1134
f 3766 3767 3749
f 1138 1274 1255
f 3777 3585 3586
f 1841 1140 1139
f 75 314 74
f 193 420 192
f 2681 1099 1098
f 3658 3587 3659
f 170 1565 169
f 349 417 432
f 1121 2684 2683
f 547 409 302
f 123 121 120
f 2643 1142 1141
f 1542 513 1543
f 899 907 919
f 1210 676 867
f 791 982 892
f 24 837 836
f 893 932 931
f 1860 863 862
f 535 862 861
f 3640 3683 3638
f 832 813 812
f 2650 813 832
f 1569 1547 1568
f 181 542 180
f 660 937 688
f 2013 568 2012
f 3781 3644 3782
f 887 2631 2630
f 1524 361 78
f 520 162 1529
f 2653 854 2685
f 1238 2655 2686
f 718 527 530
f 1492 518 1491
f 792 615 793
f 599 1835 596
f 290 456 175
f 312 1552 425
f 1248 1179 1249
f 153 177 178
f 1240 1222 1221
f 1257 1235 1071
f 1291 1083 1222
f 1052 1277 1053
f 743 2618 1204
f 444 430 443
f 23 1172 1187
f 2687 1180 1179
f 102 409 134
f 1283 610 801
f 373 650 651
f 1180 1084 1291
f 855 2655 1237
f 1173 1917 1174
f 2689 853 2688
f 2688 1108 1279
f 2686 1279 1238
f 2687 2688 2686
f 2691 1252 2690
f 2690 850 2689
f 1248 2689 2687
f 1248 2691 2690
f 2692 24 2666
f 2691 2666 1302
f 1247 2692 2691
f 1258 617 2692
f 394 1555 393
f 2693 1259 1223
f 1072 1262 1261
f 1257 1168 1258
f 398 1555 1554
f 871 1314 872
f 1178 1249 1179
f 1224 1173 1172
f 1010 2618 742
f 1175 1292 1269
f 2654 2686 2655
f 2694 1216 1264
f 71 1487 70
f 701 1111 1038
f 1072 2649 2650
f 1085 22 21
f 895 1264 896
f 1601 1605 1604
f 1259 1271 1289
f 21 1220 1083
f 988 538 537
f 3533 3535 3532
f 598 1336 1140
f 820 1762 821
f 1050 818 821
f 1298 1761 2652
f 1168 618 617
f 3629 3670 3628
f 858 1256 833
f 39 516 1536
f 2652 819 814
f 313 315 314
f 2026 1971 2027
f 2656 596 1835
f 814 818 811
f 2696 813 2649
f 1260 2649 1261
f 2693 2696 1260
f 2697 2651 2696
f 381 390 380
f 9270 1611 1609
f 1475 1428 1227
f 1292 1917 1235
f 1551 354 1518
f 1526 1523 1511
f 1593 1595 1573
f 1232 1246 1249
f 2695 1223 22
f 2698 1296 2697
f 2698 2693 2695
f 2685 2695 1085
f 2685 1297 2698
f 562 271 272
f 2652 1296 1298
f 1365 1364 1363
f 1958 1953 1957
f 585 2210 997
f 1561 1515 435
f 975 1146 976
f 347 68 346
f 1038 636 1068
f 2700 780 2699
f 2699 1036 1883
f 2701 1883 1829
f 851 2699 2701
f 2674 2251 2702
f 2702 781 2700
f 1253 2700 851
f 1301 2702 1253
f 1519 388 1550
f 1273 1280 2703
f 2703 1107 852
f 2701 852 851
f 1829 2703 2701
f 91 326 90
f 1784 2656 1785
f 2683 2705 2704
f 604 8943 8977
f 1669 8992 1662
f 2062 2060 2059
f 621 861 622
f 2023 732 2024
f 686 1263 687
f 857 2668 1328
f 883 882 879
f 3648 3650 3649
f 637 1111 1110
f 2668 893 1328
f 3692 3711 3691
f 2667 894 2668
f 1039 1068 1334
f 313 1504 1505
f 1911 305 453
f 1936 1964 2212
f 2707 2401 2183
f 2708 2183 2182
f 738 2116 554
f 3785 3709 3786
f 2349 2432 2436
f 2711 2020 2019
f 2400 2019 2186
f 2714 2716 2713
f 2717 2719 2720
f 2721 2723 2724
f 2726 2728 2725
f 2725 2730 2729
f 2731 2729 2709
f 2732 2725 2731
f 2734 2736 2733
f 2738 2740 2737
f 2737 2741 2742
f 2744 2746 2743
f 2745 2748 2747
f 2749 2747 2751
f 2753 2751 2752
f 2250 2246 2248
f 3417 3419 3418
f 2754 1614 2755
f 9050 2755 9061
f 9060 2747 9061
f 1617 2755 1614
f 2242 1620 2757
f 3429 3431 3430
f 2191 2760 2759
f 2761 2760 2762
f 9100 2761 9101
f 9075 2759 9100
f 3209 3354 3355
f 1395 2236 2235
f 1395 1636 1615
f 3741 3790 3740
f 1616 2229 2233
f 3410 3412 3411
f 1617 2763 2756
f 2756 9080 9060
f 2765 2234 1630
f 2766 9080 9074
f 3202 3458 3459
f 1516 435 1515
f 2768 8996 8997
f 1495 578 1424
f 2135 28 17
f 8970 2773 2774
f 1690 9378 9377
f 2778 2780 2777
f 2777 2781 2782
f 2784 2777 2783
f 8999 575 576
f 1494 9 540
f 8973 2015 9010
f 451 505 450
f 2786 2788 2785
f 2779 2785 2780
f 2789 2741 2740
f 2790 2752 2789
f 2792 2794 2791
f 2793 2796 2794
f 2796 2750 2749
f 2794 2749 2753
f 2798 1396 2754
f 9043 2754 9050
f 2798 2800 1393
f 9043 2799 2798
f 2797 2795 2801
f 2791 2753 2790
f 216 232 54
f 9256 2807 9255
f 9257 2804 9255
f 2769 9001 8996
f 183 184 97
f 2811 2775 2776
f 2804 2776 2805
f 2809 2811 2804
f 2812 2813 2814
f 9257 2816 9247
f 9248 2815 9247
f 9250 2820 2821
f 9245 2819 9250
f 2824 2735 2819
f 2823 2824 2819
f 2825 2826 2724
f 9245 2827 9244
f 9248 2826 9244
f 2713 2829 2828
f 2828 2831 2830
f 2822 2828 2830
f 2821 2713 2828
f 2832 2822 2830
f 2833 2830 2831
f 2834 2832 2833
f 2835 2827 2832
f 2837 2839 2836
f 2836 2841 2840
f 2842 2840 2727
f 2843 2836 2842
f 2840 2845 2844
f 2718 2845 2719
f 2730 2844 2718
f 2727 2844 2728
f 2846 2719 2845
f 2846 2841 2847
f 2829 2847 2831
f 2829 2716 2846
f 2847 2839 2848
f 2848 2838 2849
f 2833 2849 2834
f 2831 2848 2833
f 2850 2851 2852
f 2853 2852 2854
f 2783 2782 2855
f 2785 2853 2856
f 2780 2856 2781
f 2857 2855 2782
f 2859 2782 2781
f 2861 2842 2860
f 2860 2727 2726
f 2862 2726 2732
f 2863 2860 2862
f 2861 2858 2857
f 2843 2857 2859
f 2856 2854 2864
f 2781 2864 2859
f 2837 2859 2864
f 2838 2864 2854
f 2852 2834 2849
f 2854 2849 2838
f 2865 2818 2835
f 2851 2835 2834
f 2813 2815 2865
f 2814 2865 2851
f 2866 2814 2850
f 2788 2850 2853
f 2866 2787 2867
f 2812 2867 2775
f 1892 1890 1891
f 2720 2846 2870
f 298 256 257
f 2872 2713 2820
f 9246 2735 2734
f 2729 2874 2873
f 2846 2715 2870
f 2876 2878 2875
f 2733 2878 2734
f 9258 2879 2880
f 9258 2872 9246
f 2882 2884 2881
f 2881 2715 2714
f 2880 2714 2872
f 2879 2881 2880
f 2885 2887 2888
f 2888 2890 2885
f 2885 2892 2891
f 2893 2885 2891
f 1942 2532 2894
f 2895 2720 2870
f 2884 2870 2715
f 2883 2895 2884
f 2896 2892 2895
f 2889 2717 2890
f 2890 2720 2892
f 2897 2891 2896
f 2898 2896 2883
f 2899 2883 2882
f 2900 2882 2879
f 9249 2879 9259
f 2876 2901 2877
f 2901 2904 2903
f 1785 1835 1834
f 2905 2899 2900
f 2907 2897 2898
f 9249 2903 9251
f 632 577 633
f 8976 2867 2787
f 434 550 350
f 2768 9092 9095
f 2910 1623 2249
f 2241 2758 2242
f 9092 2913 9104
f 1623 2757 1620
f 9039 2757 9104
f 2229 1380 2250
f 2765 1629 2914
f 2915 1629 2912
f 9094 2914 2915
f 9093 2765 2914
f 2919 9094 9065
f 2918 2912 2241
f 9066 2241 9038
f 9070 9065 9122
f 8985 2180 8940
f 8965 2188 8950
f 3694 3627 3693
f 9157 714 9303
f 2925 2917 2924
f 2924 2916 2919
f 9062 2919 9070
f 9063 2924 9062
f 2926 2766 2925
f 9110 2925 9063
f 1715 1705 1710
f 785 498 796
f 1387 565 1791
f 374 1899 560
f 9017 2206 9000
f 2929 2886 2893
f 2932 2934 2931
f 1905 1908 1907
f 2930 2936 2937
f 2938 2930 2929
f 1493 517 518
f 1603 1586 1602
f 2939 2929 2908
f 2940 2908 2907
f 9117 1600 9113
f 2886 2937 2887
f 2906 2898 2899
f 2908 2893 2897
f 2942 2933 2941
f 2941 2937 2936
f 8945 2936 8957
f 8942 2941 8945
f 2943 2710 2873
f 2943 2874 2889
f 2945 2889 2888
f 2946 2943 2945
f 2932 2888 2887
f 2931 2945 2932
f 727 1929 728
f 2903 2947 2948
f 545 42 262
f 1480 533 251
f 2907 2949 2940
f 2906 2950 2949
f 1558 215 202
f 9251 2948 9253
f 2054 1644 2118
f 9157 2203 9017
f 1828 1849 1827
f 2953 2955 2952
f 2952 2957 2956
f 2956 2258 2952
f 2953 2258 2257
f 2454 2474 2496
f 9199 2959 9218
f 9199 2131 9189
f 2961 2963 2958
f 2958 2964 2959
f 222 2485 2965
f 2477 2966 2608
f 2631 2006 1859
f 2384 2496 2497
f 2967 2959 2964
f 2968 2970 2969
f 9211 2971 9236
f 9236 2960 9218
f 2972 2033 2032
f 2007 2973 2008
f 9004 2134 2133
f 1836 1832 1831
f 8950 2090 8995
f 955 959 956
f 672 674 673
f 633 713 632
f 2024 733 803
f 2025 803 798
f 425 1550 388
f 2975 888 887
f 1319 1157 2694
f 1212 2977 1213
f 889 2228 2227
f 1978 1975 1979
f 1138 1329 915
f 751 2979 2978
f 1619 1625 1624
f 2252 1728 1727
f 1157 845 1216
f 2706 1938 2617
f 2980 2254 2981
f 2982 887 2630
f 802 711 2679
f 678 2029 2028
f 527 690 528
f 1839 2629 1840
f 2983 602 1914
f 2983 1913 1331
f 2985 1331 1054
f 2986 2983 2985
f 2987 2635 2634
f 2985 2639 2986
f 2990 1318 2989
f 2991 2993 2994
f 2995 2994 2996
f 1106 2991 2995
f 1058 2992 2991
f 1415 1365 1367
f 1317 2217 2997
f 1932 2255 2980
f 926 2999 664
f 3001 2992 3000
f 3000 1057 2978
f 2999 2978 2979
f 2998 3000 2999
f 3002 2209 3003
f 3002 2996 2994
f 2993 3002 2994
f 3001 2998 3002
f 1103 2995 3004
f 3004 2996 3003
f 2209 3004 3003
f 588 3004 2210
f 295 433 381
f 2638 2988 3005
f 3005 1056 1930
f 1305 1930 1306
f 1276 3005 1305
f 1987 1993 1989
f 2633 1761 2645
f 1423 1417 1419
f 9005 739 703
f 2671 2704 2705
f 1473 2035 1472
f 922 2694 895
f 1401 1378 1384
f 556 1884 1037
f 842 9277 9288
f 1854 2617 1010
f 933 1081 1075
f 1440 1436 1437
f 529 719 530
f 1031 1027 1028
f 777 912 1871
f 2645 1204 2633
f 441 1538 1537
f 3771 3773 3772
f 790 587 586
f 2065 1610 1607
f 1860 990 902
f 60 87 59
f 1424 1948 1947
f 332 1507 331
f 261 138 135
f 187 449 507
f 1719 1726 1725
f 1931 1059 3006
f 3006 1105 1104
f 1287 1104 587
f 1286 3006 1287
f 3007 3009 3010
f 3009 653 795
f 618 26 25
f 2029 1210 1209
f 957 600 2228
f 1049 2228 600
f 2631 3011 2561
f 890 2227 3011
f 3011 2145 3012
f 2561 3012 2375
f 1026 609 608
f 2706 1961 1964
f 3013 2485 3014
f 2148 1267 3015
f 3015 1266 1311
f 2997 1101 1317
f 642 1773 1193
f 186 461 511
f 1041 1320 901
f 1121 3017 1122
f 2984 2987 3018
f 3018 2634 2619
f 1048 3018 2619
f 603 2984 3018
f 2679 801 802
f 2062 2074 2061
f 2061 2076 2064
f 414 1545 1965
f 3016 2683 3019
f 3019 2704 2670
f 3020 2670 720
f 3007 3019 3020
f 1871 1091 777
f 3021 1122 3017
f 3022 3017 3010
f 1314 3022 1315
f 1784 3021 1314
f 1316 1763 611
f 3023 3010 3009
f 3023 795 1092
f 1763 1092 1125
f 1315 3023 1763
f 3016 3010 3017
f 752 2978 1057
f 2986 2637 2987
f 3024 653 3008
f 3020 3008 3007
f 720 3024 3020
f 723 654 3024
f 2681 1268 3025
f 2671 1268 721
f 2705 3025 2671
f 1313 3027 1311
f 3026 3029 3027
f 3027 3030 3031
f 1311 3031 3015
f 2012 731 2023
f 917 974 977
f 3742 3744 3743
f 743 856 744
f 1888 2030 1425
f 2682 2684 3032
f 3032 1124 2989
f 1100 2989 1318
f 1099 3032 1100
f 1123 2989 1124
f 3033 1159 1158
f 2990 1158 1319
f 1123 3033 2990
f 1786 1834 3033
f 1054 2988 2985
f 2979 664 2999
f 2623 2663 2643
f 1095 688 687
f 3034 2261 2956
f 3036 2956 2957
f 3037 3034 3036
f 3038 3035 3034
f 3040 3026 1313
f 2263 3041 3040
f 3042 3043 3041
f 3041 3028 3026
f 3044 3043 3039
f 3046 3045 3044
f 3047 3049 3045
f 3043 3049 3028
f 3038 3051 3050
f 3050 3053 3052
f 3052 3044 3050
f 3039 3050 3044
f 3054 3039 3042
f 3042 2262 3054
f 2261 3054 2262
f 2216 2997 2217
f 2212 2667 1936
f 3056 2209 3055
f 934 1961 1854
f 2013 9209 567
f 3058 3060 3061
f 3059 3063 3060
f 3060 2213 1963
f 3061 1963 1962
f 3063 2214 2213
f 3062 3064 3063
f 3065 2260 3064
f 3064 2215 2214
f 3066 3031 3030
f 2608 3067 3066
f 2966 3068 3067
f 3031 3068 3015
f 2455 2461 2474
f 2476 2226 2477
f 8995 2089 8969
f 8970 9221 9238
f 433 355 381
f 2115 1419 2123
f 8953 2922 8971
f 9221 2131 2134
f 3069 2167 2166
f 2971 2928 2960
f 2961 2773 2962
f 3070 2478 2483
f 2610 3071 2954
f 2502 2374 2386
f 3072 2595 3073
f 2964 3052 2967
f 3048 3074 3049
f 2593 3075 3074
f 3075 3029 3074
f 3074 3028 3049
f 3072 3075 2592
f 3076 2482 2481
f 2481 3066 3076
f 3076 3030 3075
f 2967 3053 2970
f 2482 3073 2483
f 479 493 494
f 706 9325 709
f 9005 2221 8961
f 2013 9206 9207
f 8977 2016 8973
f 9006 2222 2974
f 1171 1155 1176
f 3782 3689 3783
f 2586 2565 2587
f 2982 113 2484
f 2562 3077 3068
f 2376 3012 3077
f 3012 2148 3077
f 3077 3015 3068
f 2963 3046 2964
f 3051 2970 3053
f 1683 491 775
f 9302 1447 9312
f 1986 9186 9220
f 3079 2546 2575
f 3081 2575 2576
f 1983 9220 9217
f 3082 2319 2545
f 3080 2545 2546
f 9186 3082 3080
f 9184 2323 3082
f 1309 1888 748
f 3073 2772 2771
f 2760 3084 2762
f 2760 2088 3083
f 3085 3086 3087
f 3089 3090 3088
f 3089 3084 3085
f 3092 3090 3091
f 3093 2744 2743
f 2751 2748 3093
f 3093 2752 2751
f 2742 3093 3094
f 3094 2743 3095
f 3096 3098 3087
f 3099 3087 3086
f 3097 3095 3098
f 3100 2746 3101
f 3101 3102 3100
f 2764 2927 3101
f 2745 3101 2746
f 3102 3091 3100
f 3100 3095 2743
f 2869 9044 9086
f 3102 3104 3092
f 9110 2869 9086
f 2927 3103 3102
f 3098 3091 3090
f 3087 3090 3085
f 2088 3105 3083
f 3083 3086 3084
f 2483 2771 3070
f 2401 2185 2321
f 3099 3105 3106
f 2125 3106 3105
f 3108 2742 3107
f 3107 3094 3097
f 3110 3107 3109
f 3109 3097 3096
f 3111 3096 3099
f 3112 3109 3111
f 3113 2737 3108
f 3115 2722 3114
f 3117 3114 3116
f 3119 3116 3118
f 3118 3120 3121
f 3116 3113 3120
f 3122 3111 3123
f 3122 1755 1754
f 3124 3126 3127
f 3125 3121 3126
f 3128 3118 3125
f 3129 3125 3124
f 2020 3128 3129
f 9305 1346 1352
f 1065 1047 1066
f 1814 9282 1649
f 2021 3129 3130
f 3111 3106 3123
f 3123 2207 1755
f 2377 2224 2973
f 3014 113 112
f 1756 9234 9219
f 3131 2530 2528
f 3133 2528 2529
f 1753 9219 9227
f 3134 3127 3135
f 2327 2314 2313
f 2436 2317 2349
f 2018 9163 9164
f 2534 3137 2535
f 2320 3136 2534
f 2185 9164 9223
f 3138 2542 2539
f 3134 9196 9197
f 9237 3134 9197
f 3140 2539 2538
f 2535 3140 2538
f 9163 3130 9237
f 2558 3132 3141
f 9234 3141 3132
f 2560 3141 3142
f 9212 3142 3141
f 958 2976 2981
f 1933 2980 3143
f 3714 3729 3713
f 2399 2418 2416
f 2348 2343 2432
f 2322 2319 2323
f 2718 2874 2730
f 2709 2873 2710
f 2894 1361 1942
f 3788 3720 3717
f 346 176 347
f 1876 1882 1881
f 2802 9059 9044
f 3104 3088 3092
f 2974 9101 9055
f 3089 2761 2762
f 3088 3145 3089
f 2803 9055 9059
f 9322 692 628
f 2123 1418 2126
f 1365 1368 1367
f 3346 3344 3343
f 1581 1782 1783
f 9013 2129 8964
f 8999 2002 8965
f 3146 2551 3147
f 9203 3147 9202
f 9194 3146 9203
f 3149 2585 3146
f 3196 3197 3195
f 9056 2191 9075
f 3142 2556 2560
f 9229 3150 3142
f 9098 2550 9045
f 3150 2555 2556
f 9230 3151 3150
f 9240 3152 9098
f 3153 2551 2549
f 3152 2549 2550
f 9233 3153 3152
f 9228 3147 3153
f 3148 2206 2205
f 2183 2321 2184
f 2132 2928 2133
f 3299 3321 3319
f 9136 2204 2203
f 9171 2197 9173
f 2594 2773 2951
f 2595 2951 2772
f 1870 799 1869
f 3257 3259 3258
f 9165 2178 9158
f 9158 9188 9242
f 336 9226 9174
f 339 3154 336
f 9241 3149 9194
f 9135 2584 3149
f 2963 3048 3047
f 9174 337 336
f 339 2566 2586
f 3156 2168 2167
f 2610 2167 2611
f 2954 3156 2610
f 3157 2953 2257
f 9159 2169 9161
f 2567 3159 2568
f 337 2567 338
f 9182 2166 9159
f 9216 1983 9217
f 2579 3081 2576
f 2568 3160 2579
f 9161 2190 9216
f 3065 3162 3161
f 3161 1984 2189
f 3157 2189 2168
f 2257 3161 3157
f 734 1922 806
f 3059 2708 3163
f 3163 2182 1985
f 3162 1985 1984
f 3062 3163 3162
f 3203 3205 3204
f 3806 3808 3807
f 2122 1448 1447
f 9269 1685 9264
f 139 444 69
f 1570 566 533
f 2957 3165 3036
f 2955 3164 2957
f 1912 341 1973
f 3130 3124 3134
f 1548 319 1547
f 1949 1327 1887
f 2969 3078 3167
f 3167 3169 3168
f 9176 2017 9172
f 9172 2033 9211
f 3168 3165 3170
f 3170 3164 3171
f 9231 3171 9208
f 9176 3170 9231
f 3171 3166 3172
f 3172 3071 3173
f 9204 3173 9201
f 9208 3172 9204
f 3169 3036 3165
f 2593 2962 2594
f 3173 2609 3174
f 3174 2199 2198
f 9235 2198 9171
f 9201 3174 9235
f 2190 1984 1983
f 2196 2767 3148
f 3326 3328 3327
f 2119 1414 1448
f 1464 1466 1465
f 2199 3069 2200
f 2457 2587 2565
f 2226 2562 2966
f 481 1627 1639
f 333 235 236
f 3078 3037 3169
f 3040 2997 2263
f 3351 3262 3263
f 2219 1933 2220
f 2385 2497 2503
f 221 3175 2484
f 2220 3143 3175
f 3175 2976 2975
f 2484 2975 2982
f 2954 3166 2955
f 2630 110 2982
f 1547 1952 1955
f 2091 2188 2187
f 9185 2178 2177
f 1918 1927 1926
f 9007 111 8955
f 3398 3400 3399
f 955 960 954
f 2037 112 9007
f 3143 2981 2976
f 2218 2214 2215
f 672 9239 8985
f 2152 3014 2037
f 1147 1143 1145
f 2248 1409 2245
f 1615 1635 1616
f 1410 2246 2247
f 3486 3487 3310
f 3468 3502 3501
f 3451 3452 3450
f 3177 1383 1382
f 2238 3176 1382
f 3176 2230 3178
f 1410 3179 1407
f 3179 2243 1407
f 1633 2800 2249
f 3816 3817 3814
f 1621 2758 2912
f 3642 3662 3675
f 3422 3260 3257
f 1622 2245 1634
f 2236 3181 3182
f 3793 3795 3794
f 3493 3495 3494
f 2237 3182 3183
f 3513 3515 3514
f 2250 2233 2229
f 3654 3667 3802
f 2912 1628 1621
f 3819 3821 3820
f 3432 3823 3431
f 135 1564 1563
f 1567 512 1565
f 1085 2653 2685
f 3184 868 3056
f 869 3057 934
f 3389 3387 3386
f 1266 1098 1312
f 1267 722 721
f 937 2646 936
f 2146 722 2147
f 2211 921 2667
f 1957 507 449
f 1313 2264 3040
f 1496 1493 1492
f 2681 2705 2682
f 2887 2933 2932
f 1687 1659 1694
f 145 1498 81
f 1317 1319 2694
f 3831 3830 3834
f 37 418 71
f 1935 3185 2977
f 104 301 103
f 2101 2083 2084
f 543 360 207
f 1934 3186 3185
f 234 212 237
f 9297 1822 1824
f 3825 3827 3826
f 1976 1874 1974
f 223 2219 220
f 9107 9057 9064
f 468 773 2165
f 3673 3659 3672
f 1935 1728 1932
f 3490 3840 3549
f 3362 3848 3847
f 3862 3864 3863
f 3465 3484 3868
f 3893 3525 3874
f 3352 3430 3431
f 3869 3871 3870
f 3529 3567 3564
f 3420 3922 3921
f 3304 3236 3303
f 3929 3931 3930
f 3324 3327 3561
f 3219 3939 3331
f 3220 3937 3219
f 3450 3376 3439
f 3942 3833 3941
f 3215 3454 3945
f 3946 3215 3945
f 3422 3948 3421
f 3950 3198 3196
f 3205 3957 3920
f 3261 3961 3288
f 3852 3964 3963
f 3214 3946 3958
f 3965 3214 3192
f 3797 3799 3798
f 3988 3990 3989
f 3777 3806 3822
f 3855 3447 3444
f 3737 3800 3736
f 3949 3952 3948
f 3651 3783 4000
f 4001 3787 3812
f 4019 4021 4020
f 4027 4029 4028
f 3258 4030 4027
f 4033 4035 4034
f 3424 4047 4046
f 3242 4058 4057
f 3970 3547 3971
f 3829 4057 3825
f 3333 3947 4060
f 4063 4065 4064
f 4073 4075 4074
f 3568 3443 3448
f 3981 3335 4050
f 3540 3862 3539
f 4078 4031 4032
f 3565 4088 3993
f 3442 4089 4082
f 4092 4094 4093
f 4093 4097 4096
f 3619 3623 3624
f 3660 3821 3807
f 3809 3649 3808
f 3610 3655 3613
f 3656 3623 3657
f 3621 3804 3620
f 3503 3481 3504
f 3436 3438 3437
f 3356 3427 3353
f 3628 3669 3633
f 3734 4002 3733
f 3276 3370 3369
f 3763 4107 3762
f 4006 3754 3755
f 3747 3752 3746
f 3863 4110 3992
f 3994 4003 3501
f 3653 3664 3652
f 3296 4115 3295
f 4117 4119 4118
f 3249 3251 3250
f 4127 4129 4128
f 3478 3903 3867
f 3410 3921 3922
f 3977 4038 3976
f 3216 3453 3454
f 3967 3548 3966
f 4140 4032 4039
f 3509 4149 3916
f 4151 3659 3587
f 4153 3656 3671
f 4153 3646 3672
f 4156 3645 4155
f 4139 4078 4140
f 3743 4163 4162
f 3861 3987 4166
f 3468 4067 3467
f 3306 3980 3835
f 4172 4010 4024
f 4169 3836 3835
f 4187 4189 4188
f 4213 4215 4214
f 4220 4222 4221
f 4225 4211 4204
f 4230 4232 4231
f 4240 4242 4241
f 3606 3608 3607
f 4250 4252 4251
f 4258 4260 4259
f 4077 4079 4078
f 4276 4278 4277
f 4308 4263 4309
f 4017 3872 3869
f 3196 3951 3950
f 4316 4270 4271
f 3870 4307 3869
f 4324 4326 4325
f 4333 4247 4244
f 4338 4340 4339
f 4348 4350 4349
f 4283 4289 4286
f 4356 4358 4357
f 4359 4020 4358
f 4362 4196 4197
f 4320 4279 4276
f 4370 4296 4371
f 4377 4303 4249
f 4231 4201 4178
f 4203 4331 4381
f 4037 4039 4038
f 4371 4386 4370
f 4387 4347 4314
f 3309 3294 3310
f 4099 3724 3818
f 4355 3257 4313
f 3630 3693 3627
f 4277 4302 4390
f 4350 4319 4349
f 4353 4351 4348
f 3637 3639 3638
f 4394 3827 3320
f 3311 4399 4398
f 3755 4005 4006
f 4363 4259 4260
f 3454 3919 3920
f 3446 3459 3458
f 4298 4404 4406
f 3749 3769 3766
f 3791 3756 3792
f 3643 3684 3640
f 3845 3399 3400
f 4313 3258 4312
f 4411 4408 4412
f 3843 4423 3842
f 4214 4329 4328
f 4431 4433 4432
f 3918 3798 3799
f 3927 3388 3389
f 4453 3874 3873
f 4138 4457 4456
f 3346 4459 3345
f 4100 4108 4107
f 3974 3976 3975
f 3665 3652 3664
f 3773 3993 3992
f 3945 3920 3957
f 4144 4462 4461
f 4464 4466 4465
f 3268 4479 3267
f 4484 4136 4485
f 3348 4487 3347
f 3313 3912 3913
f 3803 3617 3802
f 4086 3510 4087
f 4034 3305 4033
f 3403 4171 4489
f 4481 4492 4491
f 4177 4179 4178
f 4398 3923 3311
f 4451 4494 4450
f 4501 4076 4502
f 4509 4506 4503
f 3304 4462 4517
f 4485 3312 4484
f 3419 3349 4064
f 4356 4385 4305
f 4026 4358 4020
f 4354 4357 4358
f 3599 4091 4090
f 4341 4254 4274
f 4251 4524 4335
f 3482 3484 3483
f 3843 3544 4085
f 4295 4274 4294
f 4381 4206 4203
f 4204 4531 4225
f 4533 4535 4534
f 4542 4544 4543
f 4546 4548 4547
f 4573 4547 4548
f 4575 4577 4576
f 4221 4580 4220
f 4587 4589 4588
f 4328 4589 4214
f 4187 4563 4332
f 4595 4593 4591
f 4597 4604 4596
f 4609 4611 4610
f 4620 4622 4621
f 4612 4614 4613
f 4636 4600 4637
f 4649 4650 4648
f 4652 4654 4653
f 4662 4664 4663
f 4666 4668 4667
f 4637 4685 4684
f 4627 4700 4626
f 4684 4636 4637
f 4663 4661 4662
f 4699 4697 4696
f 4647 4703 4702
f 4709 4603 4710
f 4724 4726 4725
f 4742 4744 4743
f 3311 3924 3314
f 4698 4758 4679
f 4749 4609 4610
f 4342 4344 4343
f 4797 4799 4798
f 4490 3974 4143
f 4019 4306 3870
f 4512 4514 4513
f 3991 4508 4507
f 4692 4694 4693
f 4680 4818 4810
f 4821 4824 4823
f 4367 4243 4240
f 4833 4831 4830
f 4837 4757 4754
f 4332 4562 4561
f 4683 4819 4682
f 4845 4850 4849
f 4751 4752 4669
f 4854 4695 4692
f 4858 4718 4857
f 4822 4859 4824
f 4674 4647 4675
f 4771 4773 4772
f 4726 4537 4540
f 4714 4719 4715
f 4633 4688 4687
f 4616 4618 4617
f 4686 4842 4841
f 4869 4708 4629
f 3502 3528 3529
f 4777 4737 4745
f 4734 4779 4873
f 4883 4663 4664
f 4375 4274 4275
f 4290 4335 4524
f 4799 4826 4825
f 4816 4812 4810
f 4778 4732 4659
f 4158 4160 4159
f 4195 4197 4196
f 3860 4166 4167
f 3758 3763 3764
f 3694 4157 4156
f 4249 4391 4377
f 3467 3469 3468
f 4209 4211 4210
f 4142 4144 4143
f 3615 3617 3616
f 3479 3536 3535
f 4883 4672 4886
f 4802 4642 4643
f 3698 3638 3683
f 4105 3726 3730
f 4848 4896 4895
f 4878 4744 4837
f 4610 4748 4749
f 4036 4489 4035
f 4355 4314 4347
f 4171 4049 4048
f 3875 3216 3217
f 4868 4863 4864
f 4623 4691 4622
f 3629 4155 4154
f 4654 4898 4683
f 4012 4014 4013
f 4902 4866 4867
f 4768 4908 4906
f 4370 4385 4384
f 4888 4914 4913
f 3546 3917 3916
f 4932 4931 4919
f 3625 4151 4150
f 3804 3670 3657
f 3816 4103 4101
f 4911 4887 4912
f 4928 4927 4929
f 4925 4927 4921
f 3655 3666 3654
f 4932 4910 4911
f 4937 4912 4913
f 4939 4942 4941
f 4228 4530 4381
f 4946 4942 4947
f 4938 4923 4937
f 4942 4937 4947
f 4951 4930 4928
f 4955 4928 4954
f 4748 4615 4749
f 4914 4847 4956
f 4824 4584 4856
f 4940 4941 4943
f 4916 4960 4917
f 4909 4891 4862
f 4971 4968 4949
f 4966 4948 4944
f 4962 4953 4965
f 4940 4924 4939
f 4831 4917 4895
f 4935 4925 4924
f 4275 4261 4258
f 4679 4791 4678
f 4016 4373 4376
f 4668 4766 4795
f 4539 4727 4845
f 4929 4936 4933
f 4607 4882 4881
f 4775 4801 4802
f 4801 4742 4774
f 4732 4611 4733
f 4985 4983 4982
f 4534 4562 4533
f 4847 4645 4848
f 4788 4619 4616
f 4787 4678 4791
f 4657 4605 4597
f 4994 4878 4837
f 5006 5008 5007
f 5001 4973 4988
f 4814 4619 4785
f 5014 4974 5012
f 5003 4972 4973
f 5019 5007 5018
f 5024 5017 5025
f 5036 5035 5032
f 4990 4975 4972
f 5045 5034 5044
f 5048 5034 5035
f 5025 5014 5026
f 5046 5043 5031
f 5051 5055 5054
f 5044 5060 5059
f 5011 5021 5020
f 5013 5068 5012
f 5028 5072 5029
f 5077 5064 5065
f 5065 5079 5077
f 5083 5080 5060
f 5063 5080 5065
f 5054 5071 5078
f 4602 4711 4851
f 5058 5083 5053
f 4982 4792 4793
f 5041 5045 5061
f 3909 3278 3250
f 3471 3473 3472
f 5002 4994 4995
f 5060 5067 5059
f 4892 4862 4891
f 4891 4884 4892
f 4996 5003 5001
f 4997 5005 5000
f 4813 4614 4829
f 4618 4827 4613
f 5089 5093 5092
f 3303 3305 3304
f 5100 5102 5101
f 5107 5109 5108
f 5110 5092 5114
f 4610 4734 4874
f 5112 5100 5084
f 5088 5090 5089
f 5119 5117 5116
f 5092 5096 5089
f 3826 3829 3825
f 5108 5102 5126
f 5100 5087 5084
f 5118 5133 5138
f 3783 3690 3784
f 4444 4446 4445
f 5151 5150 5152
f 4790 4617 4813
f 4332 4190 4187
f 3266 4451 4448
f 3211 3332 3946
f 4741 4760 4652
f 4775 4777 4776
f 4764 4691 4766
f 4489 4048 4490
f 4466 4511 4497
f 4518 3930 4514
f 4786 4791 4807
f 4980 4984 4977
f 5144 5150 5143
f 5159 5148 5158
f 5121 5120 5114
f 5169 5162 5165
f 5016 4979 5017
f 5123 5179 5122
f 5181 5140 5183
f 5175 5184 5141
f 4575 4586 4534
f 4984 4976 4977
f 4596 4598 4597
f 5182 5183 5186
f 4785 4787 4786
f 5137 5122 5179
f 5167 5180 5181
f 4835 4898 4897
f 4687 4726 4633
f 4176 4170 4398
f 4760 4655 4652
f 4681 4649 4646
f 5121 5132 5131
f 5171 5178 5170
f 5174 5191 5176
f 5169 5194 5164
f 4909 5095 4907
f 5105 5112 5113
f 4767 5126 4803
f 5201 5205 5204
f 5219 5217 5216
f 5229 5200 5209
f 5234 5236 5235
f 4069 4071 4070
f 4724 4717 4713
f 5108 4768 5107
f 5103 5126 5102
f 5227 5211 5226
f 5015 4884 4885
f 4997 4892 4884
f 5197 5215 5214
f 5241 5247 5246
f 5013 5019 5018
f 5205 5232 5204
f 4969 4971 4970
f 5239 5249 5248
f 4808 5225 4809
f 5216 5199 5196
f 5253 5242 5254
f 5235 5255 5256
f 5135 5157 5134
f 5264 5267 5266
f 5245 5215 5242
f 5260 5269 5267
f 5264 5274 5265
f 5154 5173 5142
f 5287 5278 5288
f 5256 5300 5257
f 5173 5176 5175
f 4631 4629 4628
f 4781 4783 4782
f 5309 5311 5310
f 5155 5144 5145
f 4826 4827 4825
f 5291 5308 5293
f 5310 5281 5286
f 5311 5308 5288
f 4036 4176 4175
f 4641 4704 4702
f 5220 4804 5223
f 4770 5207 4905
f 5188 5175 5176
f 5180 5129 5140
f 4626 5314 5313
f 4731 5315 5317
f 5222 5210 5221
f 4728 5316 5315
f 5230 5216 5196
f 5297 5240 5241
f 5204 5208 5201
f 5318 4864 5319
f 5273 5287 5289
f 5221 5219 5230
f 4700 5321 5314
f 5313 5328 5329
f 5157 5154 5142
f 5275 5263 5265
f 5324 5318 5325
f 5323 5331 5328
f 5343 5345 5344
f 5306 5286 5282
f 5278 5311 5288
f 4882 5320 5316
f 5109 5114 5120
f 5123 5130 5129
f 5299 5284 5298
f 5240 5199 5241
f 5229 5197 5214
f 5305 5292 5293
f 5233 5225 5243
f 5192 5194 5193
f 5104 4670 4746
f 5146 5160 5145
f 5337 5347 5338
f 5347 5341 5332
f 5353 5335 5352
f 5349 5354 5352
f 5355 5357 5354
f 5358 5360 5359
f 5355 5348 5360
f 5342 5365 5364
f 5345 5362 5344
f 5332 5367 5331
f 5372 5315 5316
f 5370 5366 5369
f 5361 5354 5357
f 5364 5368 5367
f 5369 5362 5370
f 5316 5330 5372
f 5373 5371 5372
f 5341 5364 5332
f 5374 5359 5373
f 5329 5375 5330
f 5377 5379 5378
f 5377 5331 5367
f 5380 5367 5368
f 5363 5370 5362
f 5357 5374 5381
f 5381 5361 5357
f 4814 4825 4827
f 4825 4816 4799
f 4806 4747 4805
f 5119 5131 5118
f 4696 4893 5387
f 4696 5390 4699
f 5213 5388 5387
f 5393 5388 5394
f 5380 5384 5379
f 5213 4893 5212
f 4813 4908 4790
f 5390 4693 4694
f 5294 5287 5295
f 5184 5186 5183
f 5285 5253 5254
f 4769 4790 4908
f 5327 5359 5360
f 4598 4690 4656
f 4608 4733 4611
f 4627 4609 4839
f 4596 4851 4711
f 4900 4706 4707
f 4668 5395 4667
f 4863 4639 4601
f 5392 4666 4667
f 4872 4651 4807
f 4807 4758 4872
f 5348 5325 5326
f 5176 5190 5188
f 5046 5022 5023
f 4853 4869 4870
f 5346 5363 5362
f 4709 4620 4599
f 4672 4904 4886
f 4680 4651 4649
f 4841 4688 4686
f 4823 4818 4821
f 4729 4602 4851
f 4881 4851 4604
f 5360 5326 5327
f 4852 4707 4869
f 4890 4669 4666
f 5392 5389 5393
f 5189 5186 5187
f 4881 4605 4607
f 5343 5369 5366
f 4607 4625 4882
f 5056 5052 5057
f 4850 4798 4894
f 3260 5398 3259
f 4855 4899 4871
f 5339 5366 5342
f 4789 4808 4677
f 5400 3948 3952
f 3872 4046 3871
f 4018 3424 3872
f 4025 4172 4024
f 4011 4024 4010
f 4065 3900 3901
f 3413 4013 3412
f 5056 5069 5070
f 5055 5070 5071
f 4062 5399 4061
f 5269 5294 5268
f 4685 4903 4846
f 5254 5240 5296
f 4606 4658 4733
f 4729 4882 4728
f 4030 4043 4029
f 4664 4753 4883
f 3575 3904 3903
f 3413 3922 3426
f 4949 4955 4934
f 4947 4913 4914
f 4849 4894 4856
f 4143 3975 4142
f 4912 4932 4911
f 3774 3995 3994
f 3956 3342 4168
f 4871 4758 4759
f 4270 4272 4271
f 4039 5400 4140
f 3555 5402 3554
f 5403 3906 3907
f 3908 3823 3907
f 4124 5408 5407
f 3901 4046 4047
f 4120 5410 5409
f 4124 4125 4123
f 5420 5404 5421
f 5424 5425 3557
f 3400 5428 3845
f 5432 5435 3226
f 4941 4945 4944
f 4935 4949 4934
f 3895 3897 3896
f 5426 4121 5418
f 5430 3906 5420
f 4045 5398 4062
f 5395 5392 4667
f 4846 4701 4840
f 4880 4710 4879
f 4624 4608 4609
f 4656 4662 4661
f 5305 5309 5304
f 5220 5222 5221
f 4230 4327 4324
f 5030 5028 5027
f 5213 5211 5210
f 5440 3269 5441
f 4396 3980 5444
f 5447 3244 3241
f 3328 5451 5396
f 4208 4248 4207
f 4599 4621 4598
f 4528 4391 4208
f 4529 4199 4207
f 4526 4339 4528
f 4256 5452 4532
f 4532 4241 4242
f 3834 5446 3831
f 5443 5444 4050
f 4530 4334 4206
f 4754 4904 4837
f 4229 4381 4331
f 4205 4383 4531
f 4892 4987 4861
f 4039 3976 4038
f 4738 4796 4741
f 4833 4897 4832
f 4232 4200 4201
f 4194 4241 4193
f 4889 4750 4748
f 4194 4365 4368
f 4531 4195 4238
f 5043 5062 5031
f 4182 4561 4180
f 5446 3241 3831
f 5237 5248 5236
f 4206 4382 4205
f 5210 5218 5219
f 3426 3417 3425
f 4216 4192 4215
f 4219 4184 4185
f 4180 4380 4179
f 4327 4591 4326
f 4223 4231 4222
f 4215 4360 4329
f 4186 4218 4185
f 4190 4209 4189
f 4223 4595 4327
f 4326 4328 4329
f 4366 4568 4186
f 4570 4549 4569
f 4579 4548 4570
f 4563 4533 4562
f 4583 4220 4580
f 4586 4561 4562
f 4239 4363 4243
f 4572 4567 4564
f 4536 4585 4535
f 4538 4566 4541
f 4536 5453 4538
f 3573 3983 3316
f 5427 3552 3556
f 4553 4588 4552
f 4593 4555 4592
f 4368 4183 4227
f 4361 4235 4236
f 4233 4527 4232
f 4233 4324 4237
f 4212 4330 4331
f 4237 4325 4236
f 4193 5452 4361
f 4983 4885 4792
f 5002 4986 4993
f 5074 5076 5075
f 4698 5391 4759
f 5391 5390 4694
f 4871 4650 4872
f 4546 4543 4544
f 4553 4901 4574
f 4552 4555 4556
f 5223 4805 5394
f 5386 5383 5363
f 5317 5371 5327
f 3240 4429 3377
f 5384 5381 5379
f 3938 3218 3937
f 3942 5455 5454
f 5361 5386 5356
f 4542 4541 4545
f 3910 5420 3428
f 3939 4060 3940
f 3851 5351 5454
f 3838 3556 3837
f 4547 4857 4546
f 5442 4050 3335
f 3385 5428 5429
f 4257 4235 4256
f 5312 4893 4809
f 4212 4204 4211
f 3854 5461 4392
f 4226 4210 4211
f 4202 4178 4201
f 3316 3897 3315
f 5464 4432 4433
f 5465 3883 4432
f 4472 4449 4450
f 4501 4450 4494
f 4074 4080 4077
f 5473 5401 4173
f 4173 5475 5473
f 3432 3520 5413
f 3462 5504 3461
f 4075 4494 4080
f 5482 3387 3392
f 5468 5470 5469
f 3427 5422 3523
f 4498 4487 3386
f 5403 5414 4128
f 3382 5522 3873
f 3492 5511 3491
f 3429 3517 3520
f 3873 5524 4453
f 5480 3350 3347
f 3477 5505 3462
f 4507 5544 4475
f 4396 5551 4051
f 3374 5553 3373
f 3373 5554 3390
f 5479 4063 3350
f 3390 5555 3393
f 5531 5566 5565
f 3368 5567 3367
f 5556 5560 5559
f 3393 5557 5556
f 4433 5463 5464
f 5464 5458 5456
f 4435 4439 3380
f 4055 3277 3274
f 3273 3911 3370
f 3395 3358 3394
f 5486 4071 5484
f 5526 4453 5524
f 5525 5569 5566
f 5568 3527 5567
f 3527 3847 3366
f 3365 3849 5462
f 5462 3850 5459
f 4435 5571 4430
f 3378 3943 3944
f 5573 5577 5574
f 4438 3943 3379
f 5477 5579 5476
f 5582 5580 5579
f 5583 5581 5584
f 5586 5588 5587
f 4074 5586 4073
f 5583 5474 5473
f 4507 5590 3991
f 5573 4522 4520
f 3989 5596 3988
f 5594 3407 5593
f 4436 5572 5571
f 5591 3991 5590
f 4507 4476 5589
f 3990 5587 5588
f 5578 3406 5577
f 5595 5584 5581
f 5484 3358 5486
f 4441 5467 3882
f 5472 4077 4139
f 5522 5570 5524
f 5486 3353 3524
f 5481 3386 3387
f 3475 5492 3518
f 5476 3899 5477
f 5540 5606 5603
f 5542 5603 5607
f 5608 5542 5607
f 5608 5545 5544
f 5607 5609 5545
f 5599 5548 5612
f 5598 5543 5608
f 5595 5593 5596
f 5588 3989 3990
f 5626 3266 5627
f 5627 4448 5628
f 5469 4469 5468
f 4515 5625 4491
f 4503 4474 4509
f 4481 5627 4480
f 4500 5469 5470
f 3414 5466 5465
f 5594 5581 5582
f 3376 4430 5571
f 3444 3941 3855
f 5572 3444 3445
f 4273 4287 4272
f 4345 4357 4344
f 4386 4305 4385
f 4517 4463 5625
f 4352 4319 4379
f 4352 4251 4336
f 4268 4390 4388
f 4264 4320 4323
f 4346 4282 4283
f 4337 4343 4344
f 4289 4245 4288
f 4303 4287 4288
f 4343 4291 4342
f 4284 4244 4289
f 4375 4291 4294
f 4379 4271 4272
f 4337 4348 4336
f 4524 4295 4290
f 4364 4197 4279
f 4285 4390 4302
f 5206 5208 5207
f 4297 4371 4296
f 4346 4286 4273
f 4285 4333 4284
f 3571 4395 5460
f 5341 5339 5342
f 5346 5334 5335
f 5269 5273 5289
f 4510 5609 5610
f 4509 5545 5609
f 4445 5611 5546
f 5566 5568 3368
f 5349 5338 5348
f 5489 3401 3398
f 5565 3368 3338
f 5496 5417 5630
f 5523 3383 5634
f 5325 5347 5324
f 5523 5599 5522
f 5429 3401 5633
f 3887 5631 5630
f 5634 5600 5523
f 5276 5279 5277
f 5298 5257 5300
f 5087 5085 5084
f 3361 5612 5548
f 5041 5066 5040
f 5487 3383 3384
f 5101 5130 5100
f 5299 5300 5303
f 5333 5335 5334
f 5302 5304 5303
f 5234 5216 5217
f 5301 5255 5258
f 4868 5322 4867
f 5281 5277 5279
f 5323 5322 5324
f 5298 5296 5297
f 4885 4750 4792
f 5231 5196 5197
f 4625 5313 5320
f 5111 5085 5098
f 5600 5549 5548
f 5531 5563 5527
f 5165 5182 5189
f 5283 5285 5284
f 4269 4277 4268
f 5610 5603 5606
f 5127 5091 5128
f 4907 5125 4906
f 5277 5272 5262
f 5596 5592 5598
f 5212 5226 5211
f 5273 5262 5272
f 5302 5258 5292
f 5635 5645 5640
f 4250 4379 4378
f 4485 3405 3402
f 4354 4023 4351
f 4265 4304 4386
f 4388 4282 4387
f 4345 4384 4385
f 4362 4297 4259
f 4836 4612 4828
f 4360 4236 4325
f 4369 4237 4234
f 5647 3986 3573
f 5650 3192 3189
f 5337 5336 5333
f 4467 4477 4466
f 4253 4340 4252
f 4429 5457 4428
f 3997 3915 3540
f 5535 3839 3982
f 5538 4460 4456
f 3439 5571 3438
f 5570 5526 5524
f 3438 5572 3445
f 4440 3879 3876
f 3440 4407 3449
f 3886 5695 5694
f 5534 5396 5451
f 5685 3471 5684
f 4278 4301 4302
f 5628 4449 5469
f 3579 3538 3578
f 4480 5628 4500
f 4402 5517 5518
f 4279 4198 4278
f 3603 3532 3602
f 3580 4088 4090
f 4095 3531 4094
f 5248 5251 5250
f 3778 3999 3776
f 4617 4613 4614
f 4375 4372 4519
f 3411 4136 3410
f 5094 5111 5097
f 3602 3535 3605
f 4023 4350 4351
f 4349 4336 4348
f 3605 3536 3592
f 4469 4471 4470
f 4094 3593 4097
f 4248 4245 4246
f 3519 5518 5517
f 5254 5284 5285
f 4852 4795 4766
f 4265 5629 4264
f 5632 5503 5631
f 3604 3612 3601
f 5549 5502 3360
f 3653 3607 3661
f 4780 4873 4779
f 4988 4979 4976
f 4491 5626 4481
f 4837 4995 4994
f 4615 4765 4749
f 5468 4470 4504
f 3514 3467 3513
f 5491 4409 5679
f 4093 3619 4092
f 4364 5629 4297
f 3488 5509 3487
f 5606 5611 5610
f 4210 4189 4209
f 4600 4602 4601
f 5242 5198 5240
f 5073 5075 5072
f 5651 3940 4060
f 3996 3775 3998
f 5200 5202 5201
f 5525 5527 5526
f 3364 4434 3363
f 3775 3542 3581
f 3941 5485 3855
f 3731 4105 3730
f 4997 4999 4998
f 4508 5608 5544
f 4101 3818 3816
f 3728 4103 3727
f 4591 4592 4328
f 4539 4538 4537
f 4550 4552 4551
f 4541 4567 4545
f 4389 4570 4568
f 4582 4580 4576
f 4976 4978 4977
f 4705 4707 4706
f 4797 4843 4844
f 3713 3730 3726
f 4675 4702 4704
f 4977 4981 4980
f 4810 4817 4816
f 4786 4812 4785
f 4715 4628 4714
f 4978 5021 4981
f 5010 5006 4991
f 3722 4162 4161
f 4558 4560 4559
f 4568 4569 4218
f 4584 4535 4585
f 4641 4715 4716
f 5026 5012 5068
f 4776 4745 4742
f 4714 4712 4713
f 4982 5001 4985
f 4576 4560 4582
f 4564 4566 4565
f 5069 5018 5029
f 5057 5048 5047
f 4810 4811 4680
f 3710 3786 3709
f 4991 4999 5010
f 5011 5010 5004
f 5008 5022 5027
f 5066 5063 5040
f 5047 5024 5025
f 5050 5051 5053
f 5023 5016 5024
f 5045 5059 5061
f 5047 5026 5057
f 3711 3724 3721
f 5048 5037 5047
f 5042 5063 5062
f 5058 5051 5054
f 5036 5046 5037
f 3715 3700 3714
f 5235 5257 5246
f 3732 3704 3702
f 5030 5062 5064
f 5020 5023 5022
f 5263 5261 5260
f 5049 5044 5034
f 5236 5250 5255
f 5031 5027 5022
f 5043 5039 5042
f 5320 5329 5330
f 5049 5052 5051
f 5326 5317 5327
f 3264 3288 3285
f 5264 5263 5260
f 4998 4992 4987
f 5009 5020 5008
f 5036 5039 5038
f 5032 5034 5033
f 4355 3949 3422
f 4269 4374 4323
f 4253 4378 4303
f 4525 4252 4340
f 3960 4111 3866
f 4372 4258 4296
f 5681 5673 5675
f 4378 4272 4287
f 4270 4346 4273
f 3244 5644 5643
f 4899 4648 4650
f 3734 3702 3810
f 4138 3343 4137
f 4192 4361 4360
f 3813 3812 3810
f 3817 3696 3814
f 5668 5682 5674
f 5690 5687 5684
f 5499 5700 5517
f 3999 3820 3577
f 3745 4102 4106
f 5684 3472 5690
f 5702 3860 5703
f 5712 5693 5670
f 3249 4393 3572
f 5695 5715 5694
f 5694 5716 5696
f 5719 5601 5602
f 4918 4950 4952
f 4774 4743 4773
f 3844 5605 3735
f 5505 4411 5504
f 3583 3585 3582
f 3710 4157 4160
f 5513 4417 5508
f 5704 4146 5709
f 4141 4062 4049
f 5669 5688 4410
f 3898 5653 5450
f 5718 3972 5719
f 5684 5686 5685
f 3917 5717 3512
f 3463 5662 5660
f 5492 5680 5491
f 4931 4950 4919
f 5665 3441 5663
f 3788 3740 3790
f 3501 3529 3994
f 3569 3477 3308
f 5516 5727 5515
f 3564 3566 3565
f 3892 5406 3889
f 3962 5407 3961
f 4126 4123 4125
f 4116 3287 5411
f 3892 5630 5417
f 3824 5413 5414
f 4408 5680 4412
f 3969 3978 5402
f 4408 3449 4407
f 4414 3449 4413
f 3962 3262 4125
f 4425 5616 4321
f 4418 5727 4419
f 5716 5575 5696
f 5719 5717 5718
f 5698 5692 5697
f 3880 4166 3987
f 5652 5520 5619
f 5621 4167 4166
f 5679 4410 5688
f 3210 3355 5618
f 5622 5451 5657
f 5416 5497 5624
f 5729 5731 5730
f 5733 3761 3758
f 5735 5737 5736
f 5750 5751 5734
f 5744 5740 5741
f 5744 3753 5746
f 5753 5730 5731
f 5757 5736 5737
f 5731 5765 5753
f 5774 5776 5775
f 5790 5792 5791
f 5796 5787 5797
f 5817 5819 5818
f 5828 5830 5829
f 3725 3751 3747
f 4874 4873 4875
f 4700 4903 4902
f 4740 4876 4739
f 3199 3201 3200
f 4100 4099 4101
f 3749 4108 3748
f 3695 3712 3692
f 3378 3380 3379
f 5504 4412 5507
f 4405 5518 5699
f 5838 5835 5836
f 4705 4712 4708
f 5832 5828 5833
f 5697 5678 5698
f 3791 4005 3790
f 5848 5794 5850
f 3714 3701 3704
f 3995 4042 3890
f 3329 3224 3222
f 4005 3705 4004
f 4551 4763 4550
f 5855 5808 5856
f 5851 5792 5852
f 5803 5858 5847
f 5844 5840 5845
f 5762 5743 5740
f 5808 5806 5807
f 4012 3426 3423
f 5558 3467 4067
f 4550 4720 4901
f 4950 4953 4952
f 3885 5694 5696
f 5705 4081 4082
f 5508 4415 5505
f 3745 3760 3744
f 5507 5680 5506
f 3592 3588 3591
f 3895 5658 5653
f 5613 5501 5549
f 3834 4393 4055
f 5527 4455 5526
f 5775 5809 5774
f 5766 5813 5810
f 5858 5812 5859
f 5855 5811 5858
f 5863 5819 5862
f 5826 5863 5829
f 5862 5833 5828
f 5870 5837 5845
f 5782 5831 5832
f 5868 5836 5873
f 5778 5843 5844
f 5866 5845 5840
f 5785 5867 5784
f 5790 5789 5793
f 5796 5794 5795
f 5821 5819 5820
f 5657 5620 5622
f 5793 5852 5792
f 5855 5801 5798
f 5853 5786 5796
f 5804 5802 5803
f 5827 5864 5822
f 5767 5821 5813
f 5854 5776 5777
f 5860 5818 5861
f 5782 5825 5785
f 5781 5844 5834
f 5810 5815 5816
f 5867 5830 5784
f 5809 5798 5799
f 5828 5863 5862
f 5865 5838 5868
f 5801 5802 5800
f 4086 3795 4149
f 5779 5842 5843
f 5827 5829 5830
f 5839 5869 5835
f 5814 5855 5856
f 5711 3859 5702
f 4958 4917 4960
f 5861 5821 5768
f 5863 5812 5820
f 5865 5823 5824
f 5873 5837 5871
f 5872 5842 5780
f 4089 3563 5704
f 3812 3785 3811
f 5770 5787 5788
f 5789 5847 5846
f 5793 5846 5849
f 4145 4146 3498
f 5848 5790 5791
f 3953 4009 3952
f 5748 5874 5747
f 4624 4626 4625
f 4665 4752 4664
f 4775 4779 4778
f 4746 4671 4747
f 4637 4601 4639
f 4828 4613 4827
f 4704 4762 4675
f 4843 4727 4687
f 4543 4725 4542
f 4731 4863 4730
f 4723 4558 4722
f 4842 4840 4838
f 4717 4857 4718
f 4865 4867 4866
f 5841 5866 5840
f 4725 4540 4542
f 4798 4816 4817
f 4632 4634 4633
f 4720 4715 4719
f 4642 4644 4643
f 3754 5874 5876
f 4860 4644 4847
f 4674 4722 4721
f 4808 4676 4677
f 4721 4822 4821
f 5876 5877 5746
f 4836 4840 4839
f 4658 4660 4659
f 4826 4800 4838
f 4877 4743 4744
f 4948 4971 4943
f 4875 4876 4889
f 4954 4934 4955
f 5773 5788 5790
f 5825 5833 5824
f 5834 5836 5835
f 5834 5845 5837
f 3359 3361 3360
f 5732 3756 3757
f 3394 3396 3395
f 3766 5741 5742
f 5774 5799 5777
f 5805 5857 5802
f 5813 5820 5812
f 3969 3964 3968
f 5667 5674 5666
f 5729 3792 3756
f 3770 5741 3769
f 4741 4739 4738
f 4689 4660 4661
f 5772 5787 5771
f 5735 3758 3764
f 5850 5773 5848
f 5617 3965 5650
f 5799 5854 5777
f 5875 5764 5879
f 5840 5842 5841
f 5861 5769 5860
f 5807 5853 5851
f 5869 5834 5835
f 3765 5739 5738
f 5882 5761 5759
f 5881 5887 5889
f 5895 5898 5897
f 5907 5906 5908
f 5909 5908 5910
f 4234 4526 4369
f 3912 3389 3914
f 5934 8730 8729
f 8730 5930 5931
f 4920 4922 4921
f 8845 8853 8851
f 4141 3404 4174
f 3733 3706 3731
f 8849 8848 8850
f 4234 4236 4235
f 8863 5919 8862
f 3733 4004 3705
f 5908 8859 8867
f 8865 8871 8870
f 8859 8863 8864
f 5927 5925 5928
f 5911 5904 5912
f 8878 8866 8879
f 5635 5637 5636
f 5745 5746 5877
f 3552 3554 3553
f 8857 8890 8875
f 5924 8860 5923
f 3553 3556 3552
f 5919 8861 8862
f 8869 8870 8891
f 8873 8878 8876
f 8856 8875 8874
f 8862 5889 5887
f 8846 8844 8843
f 8864 8866 8865
f 8729 8883 8884
f 8848 8887 8886
f 8878 5888 8893
f 8896 8855 8897
f 8853 8896 5885
f 8841 5882 5883
f 3489 3491 3490
f 8867 8864 8868
f 5910 8867 8898
f 5914 8898 8899
f 5916 8899 8900
f 5889 8860 5890
f 8876 8893 8894
f 5918 8900 8901
f 4424 5726 4423
f 8904 8900 8899
f 8909 8904 8905
f 8908 8903 8904
f 8869 8905 8868
f 3632 3667 3635
f 3687 3689 3688
f 3636 3681 3631
f 3664 3639 3665
f 4304 4306 4305
f 8909 8891 8910
f 3681 3695 3680
f 3758 3760 3759
f 3684 3700 3683
f 3721 3723 3722
f 3941 3943 3942
f 3738 3740 3739
f 3687 3709 3690
f 3238 3938 3220
f 4249 4288 4245
f 4499 3344 4464
f 4240 4368 4367
f 3453 3951 3919
f 4401 3547 3967
f 3950 3451 3436
f 3702 3701 3703
f 3725 3727 3726
f 3194 3208 3193
f 4034 4461 4462
f 3914 3913 3912
f 3483 3533 3482
f 3191 3957 3206
f 4292 3970 4293
f 3909 3428 3356
f 3959 3866 3867
f 4017 4309 4016
f 4316 4008 3953
f 4448 4450 4449
f 4414 4417 4416
f 3435 3351 3433
f 4413 4415 4414
f 3899 3901 3900
f 3780 3648 3809
f 3474 3886 3885
f 3958 3192 3214
f 3221 3935 4427
f 3905 3907 3906
f 3913 4486 3313
f 4420 4421 4085
f 3881 3883 3882
f 4004 3790 4005
f 4271 4318 4316
f 4259 4296 4258
f 3501 4066 3468
f 5897 5900 5899
f 5901 5904 5903
f 8854 8856 8855
f 3789 3786 3720
f 3651 3781 3782
f 5924 5901 5925
f 8870 8873 8872
f 8876 8874 8873
f 5912 5918 5911
f 3805 3799 3737
f 3369 3395 3396
f 3923 3925 3924
f 3916 3512 3509
f 3641 3801 3642
f 4276 4323 4320
f 4181 4331 4330
f 4428 3377 4429
f 3495 4321 4322
f 4436 3380 3381
f 4430 4437 4435
f 3945 3958 3946
f 4065 4047 3418
f 4495 3408 4496
f 8913 8915 8914
f 8911 8917 8916
f 8889 8923 8890
f 8919 8931 8921
f 8884 8918 8885
f 8922 8931 8925
f 5852 5909 5851
f 5866 5915 5917
f 8926 8914 8915
f 8914 8883 8913
f 8886 8921 8888
f 5846 5894 5891
f 5873 5900 5868
f 8893 5764 5754
f 8894 5754 5753
f 5890 5927 8936
f 5885 5755 5758
f 5871 5902 5873
f 5763 5883 5762
f 5880 8936 5763
f 4175 4398 4399
f 4274 4255 4275
f 8883 5931 8882
f 8868 8898 8867
f 3289 3247 3292
f 3858 5485 5921
f 8850 8886 8888
f 4116 5409 4115
f 3889 4127 5415
f 3678 8938 8937
f 8857 8888 8889
f 3979 3294 3295
f 4126 3431 3823
f 3651 3679 3650
f 3460 5921 3354
f 4084 3310 3487
f 8905 8899 8898
f 3561 5397 5656
f 3213 5528 5519
f 4191 4193 4192
f 5449 5532 5533
f 4142 4031 4479
f 4060 5652 5651
f 4480 4482 4481
f 5519 3212 3213
f 5657 3330 3940
f 4473 4475 4474
f 3514 5668 5667
f 5663 5669 5665
f 8881 5926 8880
f 5734 5749 5750
f 4788 4677 4678
f 3997 3538 3506
f 3551 3310 3294
f 3577 3998 3999
f 4893 4676 4809
f 4753 4671 4672
f 8729 8885 8843
f 3813 9021 8937
f 8938 3813 8937
f 8882 5929 8881
f 4098 3820 3821
f 3399 5416 3398
f 5494 5503 4403
f 5880 5878 5881
f 4986 4861 4987
f 4999 5004 5010
f 4985 4988 4976
f 5816 5766 5810
f 4372 4384 4519
f 5688 5692 5679
f 8903 8901 8900
f 8879 5887 5888
f 8902 8880 8901
f 5919 5895 5920
f 4519 4342 4291
f 8847 8854 8853
f 5925 5903 5926
f 4021 4523 4025
f 5678 5676 4406
f 4424 4085 4421
f 5701 3577 3820
f 5928 5926 5929
f 5000 4980 5004
f 9022 3545 4113
f 9024 5409 5410
f 4008 4010 4009
f 3931 4516 4513
f 3822 3807 3821
f 8851 8844 8845
f 5728 5509 5721
f 9025 4115 5409
f 5209 5201 5208
f 4820 4653 4682
f 3988 5598 4508
f 3370 3357 3395
f 5639 5641 5640
f 5592 4477 5543
f 3378 5572 3381
f 5625 3265 5626
f 5594 5577 3406
f 3302 5645 3301
f 3274 3278 3273
f 5207 5233 5243
f 5071 5072 5075
f 4815 4785 4812
f 4796 4643 4760
f 3243 5643 5648
f 5301 5303 5300
f 5431 5655 5654
f 5251 5244 5252
f 3353 3523 3524
f 4174 3405 3411
f 3546 4113 3545
f 4002 3788 4004
f 4196 4238 4195
f 3232 5647 3231
f 4373 4266 4310
f 4867 5321 4902
f 5648 4058 3243
f 4455 3893 4453
f 5593 4511 5592
f 5275 5252 5253
f 5252 5274 5251
f 4092 3624 3597
f 3723 3743 3722
f 4780 4802 4796
f 4059 3560 5425
f 4317 4347 4270
f 5188 5192 5187
f 5570 5612 5569
f 3385 5633 3384
f 3526 5569 5612
f 3576 3608 3590
f 3581 3594 3580
f 5239 5238 5232
f 5081 5083 5082
f 4369 4528 4527
f 4325 4329 4360
f 3569 3286 3336
f 9022 4112 5709
f 3661 3801 3653
f 5074 5030 5064
f 5064 5063 5065
f 3563 3498 4146
f 3961 4119 5411
f 4854 4870 4735
f 5018 5028 5029
f 5007 5027 5028
f 5040 5039 5041
f 3240 3875 3239
f 5070 5029 5072
f 3504 3866 4111
f 3537 3591 3588
f 5033 5039 5032
f 4710 4635 4879
f 5017 4989 5014
f 5024 5046 5023
f 4991 5019 4990
f 4587 4574 4573
f 4996 4793 4878
f 5066 5059 5067
f 5221 5231 5220
f 5068 5057 5026
f 3675 3643 3642
f 3663 3675 3662
f 4722 4559 4822
f 3579 3590 3591
f 3686 3677 3678
f 4422 3499 4419
f 5142 5138 5133
f 5078 5075 5076
f 3609 3590 3608
f 3288 5411 3287
f 5424 5410 3246
f 5152 5156 5172
f 3960 5709 4112
f 4946 4957 4958
f 3867 5705 3959
f 9026 4113 5710
f 5192 5189 5187
f 5161 5194 5171
f 3637 3682 3636
f 4392 3847 3848
f 3796 4149 3795
f 4104 3727 4103
f 3594 3993 4088
f 3796 4134 5710
f 3687 4156 4157
f 3760 4164 4165
f 4464 3345 4467
f 3485 3868 3484
f 3846 5423 4130
f 3409 4496 3408
f 3767 3765 3762
f 3711 4159 4160
f 3797 4087 3510
f 4072 5562 5560
f 4502 5590 5589
f 5408 9027 4118
f 5683 5714 5682
f 5702 4110 5711
f 5623 4148 4167
f 5428 3525 3522
f 3668 3802 3667
f 4000 8938 3679
f 4221 4179 4380
f 4267 4388 4315
f 3721 4161 4159
f 3903 5706 5705
f 3583 4090 4091
f 3894 3524 3525
f 4635 4636 4634
f 4173 4009 4010
f 4890 5393 5394
f 5290 5293 5292
f 5339 5337 5333
f 5458 4438 4439
f 3251 5430 3910
f 3252 5419 3251
f 3428 5421 3427
f 3571 5418 3252
f 4583 4554 4593
f 4239 4224 4238
f 3322 5450 5449
f 5309 5306 5304
f 4109 3748 4108
f 5707 3794 3795
f 5139 5183 5140
f 5271 5290 5259
f 5280 5282 5279
f 5110 5125 5115
f 5319 4731 5317
f 5334 5339 5333
f 5423 3523 5422
f 5376 5378 5375
f 4721 4646 4674
f 3719 4159 4161
f 4853 4692 4795
f 5373 5330 5375
f 4428 5456 4437
f 5376 5328 5331
f 3337 4434 4431
f 4692 5395 4795
f 5475 4523 5476
f 5478 4068 4522
f 5421 4129 5422
f 5374 5375 5378
f 5283 5306 5282
f 5246 5234 5235
f 5154 5150 5153
f 4458 5561 4457
f 5163 5158 5168
f 5381 5378 5379
f 3397 5484 5483
f 4457 5563 5537
f 5147 5150 5149
f 4474 5544 5545
f 5325 5319 5326
f 5223 5388 5222
f 5517 3521 3519
f 4499 3347 4487
f 5404 4128 4129
f 3476 5506 3475
f 4084 5515 4083
f 3900 5477 3899
f 5536 5547 5546
f 5491 5493 5492
f 5474 4139 5401
f 4063 4522 4068
f 4459 5541 5540
f 5548 3360 3361
f 5444 5550 4396
f 3888 5415 5412
f 5546 3339 4445
f 5536 5538 5537
f 3570 5508 3477
f 4471 5589 4476
f 4280 3359 5933
f 5499 4403 5503
f 5189 5169 5165
f 5543 4478 5542
f 4051 5552 3374
f 3461 5507 3476
f 4629 4870 4869
f 5106 4909 4862
f 5286 5279 5282
f 5462 3364 3365
f 3491 5514 3840
f 5224 5231 5229
f 4478 5540 5542
f 4099 3742 3723
f 4803 4805 4804
f 4130 5422 4129
f 4470 4476 4473
f 4924 4921 4922
f 4920 4927 4926
f 4993 4987 4992
f 4887 4913 4912
f 3894 4070 4071
f 5472 5585 5586
f 3508 4134 3507
f 3603 4096 4097
f 3772 3992 4110
f 5712 5671 5672
f 3739 4162 4163
f 5683 3515 5715
f 5480 4495 5479
f 5698 5493 5498
f 3578 3996 3998
f 3645 4154 4155
f 5660 3466 3463
f 4135 5710 4134
f 5587 4073 5586
f 5687 5693 5686
f 3584 4091 4150
f 5585 5584 5588
f 4128 5415 4127
f 4257 4338 4526
f 4222 4178 4179
f 4366 4191 4216
f 5098 5091 5088
f 5761 5737 5760
f 5760 5738 5739
f 8852 5934 8844
f 8874 8855 8856
f 8895 8855 8877
f 5884 8842 8852
f 4557 4582 4560
f 8890 8917 8892
f 8918 8930 8920
f 8924 8915 8916
f 4182 4330 4190
f 3864 5711 4110
f 3574 3230 3231
f 3342 3415 3341
f 3488 3549 3840
f 4317 3953 3949
f 3672 4152 4153
f 5708 3865 5707
f 9021 3685 3686
f 3621 3616 3617
f 5728 4419 5727
f 4311 4028 4310
f 4131 3543 3841
f 4426 3842 4423
f 4518 4168 4427
f 5457 5464 5456
f 5425 3558 3837
f 5458 4437 5456
f 3416 5465 5457
f 5638 5437 5637
f 3985 5636 5637
f 5646 5636 5647
f 9023 3554 5402
f 5722 5514 5726
f 3256 3934 3255
f 4164 5734 5751
f 8885 8920 8887
f 3282 3929 3281
f 3292 3320 3291
f 3232 3300 3301
f 3303 3271 3334
f 3562 5432 3325
f 3392 3388 3391
f 3854 5350 3851
f 5463 5459 5458
f 5935 3885 5576
f 3879 3954 3878
f 3928 3391 3388
f 4137 4458 4138
f 5454 3850 3851
f 3548 3549 3550
f 4443 5470 4442
f 4452 4506 4447
f 4468 3415 3879
f 4443 3876 4483
f 3234 4515 4516
f 5434 3896 5433
f 5448 5441 5644
f 5447 5443 5442
f 4442 5471 5467
f 5550 3275 5551
f 5578 4520 3409
f 3464 5666 3463
f 4701 4839 4840
f 3259 4041 4030
f 4015 3423 4018
f 3558 3982 3839
f 4856 4823 4824
f 4741 4653 4740
f 3759 4106 3763
f 3560 3290 3559
f 9024 3557 3553
f 5438 3280 5439
f 3321 3290 3291
f 5557 4072 5560
f 5553 3396 5554
f 4045 4174 4044
f 4539 4849 4585
f 3536 3503 3588
f 5478 5574 5477
f 3800 3510 3511
f 4755 4886 4754
f 5561 5527 5563
f 5752 5732 5751
f 5752 5756 5765
f 3518 5493 5521
f 3767 4107 4108
f 3534 4097 3593
f 4395 3826 3827
f 3926 3371 3925
f 4446 5610 5611
f 4050 3980 3981
f 8887 8843 8885
f 5649 5640 5645
f 4643 4761 4760
f 3709 3784 3690
f 4778 4660 4777
f 5649 4054 5648
f 5646 3301 5645
f 3250 3910 3909
f 5884 5757 5761
f 5655 5936 5937
f 4224 4226 4225
f 4043 3412 4013
f 4286 4288 4287
f 4267 4310 4266
f 4493 4080 4494
f 3325 3226 3227
f 3925 3372 3928
f 4312 4314 4313
f 3996 3540 3541
f 8908 8912 8907
f 4023 4025 4024
f 3995 3891 3994
f 5482 5559 4137
f 4486 3921 4484
f 4300 4302 4301
f 5438 5644 5441
f 3233 3282 3270
f 3225 3227 3226
f 5446 5445 5443
f 5554 3397 5555
f 4834 4830 4772
f 4064 3350 4063
f 3596 3598 3597
f 5639 5648 5643
f 5434 5654 5658
f 4895 4830 4831
f 3674 3676 3675
f 3551 3978 3550
f 3835 3305 3306
f 3813 3702 3703
f 3691 4160 4157
f 4109 4101 4103
f 4565 4188 4564
f 3490 3547 3489
f 3672 3647 3673
f 8906 8912 8913
f 3810 3811 3734
f 4051 4397 4396
f 3566 4090 4088
f 5580 5476 5579
f 4456 5537 5538
f 5539 5546 5611
f 8844 8729 8843
f 8872 8874 8875
f 4383 4198 4195
f 4931 4927 4930
f 5529 5397 5396
f 5314 5323 5328
f 5347 5323 5324
f 4711 4599 4596
f 5387 5389 4696
f 5259 5292 5258
f 5195 4803 5126
f 5195 4746 4806
f 4639 4866 4685
f 4821 4681 4721
f 3421 5399 3260
f 4730 4601 4602
f 4807 4811 4786
f 4040 3421 3948
f 4844 4800 4797
f 3936 3929 3930
f 4894 4817 4823
f 5365 5383 5368
f 4657 4661 4658
f 5224 4770 4804
f 5368 5382 5380
f 5336 5352 5335
f 5353 5386 5363
f 4070 4454 4069
f 5396 3327 3328
f 5225 5312 4809
f 5384 5386 5385
f 5391 4695 4759
f 4735 4870 4630
f 4407 4409 4408
f 4623 4880 4706
f 5356 5352 5354
f 4578 4859 4577
f 3239 3217 3938
f 3937 3333 3939
f 4578 4534 4535
f 5467 4505 4452
f 4836 4826 4838
f 4422 5721 4421
f 3392 5556 5482
f 5564 5565 5547
f 3807 3663 3660
f 5922 4392 4281
f 3680 3692 3693
f 3630 3632 3631
f 4416 5725 4418
f 4033 3836 4176
f 3238 4168 3342
f 3466 3483 3484
f 3678 3650 3679
f 3677 3649 3650
f 3340 4431 3884
f 3562 5656 5655
f 5658 5938 5939
f 3642 3640 3641
f 3306 3334 3981
f 3256 3280 3281
f 8910 8892 8917
f 5868 5898 5859
f 8924 8922 8925
f 8935 8925 8931
f 8882 8913 8883
f 8925 8926 8924
f 8840 8936 5927
f 5852 5905 5907
f 5136 5124 5137
f 4243 4260 4242
f 5238 5228 5232
f 5642 5643 5644
f 3924 3928 3927
f 5412 5700 3888
f 3750 3751 3707
f 3746 3770 3769
f 3859 3861 3860
f 3972 3493 3494
f 5923 8861 5920
f 4945 4958 4959
f 3296 3286 3287
f 3824 3907 3823
f 3671 4154 4153
f 4137 5481 5482
f 3614 3802 3617
f 3283 3559 3290
f 4936 4934 4933
f 5511 5726 5514
f 4170 3926 3923
f 3572 3830 3826
f 3459 3858 3460
f 3496 4425 3495
f 3457 3436 3437
f 3984 3986 3985
f 3914 3386 4487
f 5512 5723 5511
f 4500 4483 4480
f 4501 4471 4472
f 4503 4505 4504
f 4143 4461 4490
f 3331 3222 3219
f 4016 4018 4017
f 3998 3776 3999
f 4114 5710 4113
f 4405 4406 4404
f 5602 5720 5719
f 4767 4804 4770
f 4929 4954 4928
f 4410 5665 5669
f 3888 5632 3887
f 4048 3977 3974
f 3947 3212 5652
f 5676 3472 3473
f 5782 5784 5783
f 4315 4311 4267
f 5699 5521 5493
f 5864 5825 5822
f 5826 5822 5823
f 5775 5805 5806
f 3236 3270 3271
f 5823 5859 5826
f 4957 4895 4917
f 8868 8865 8869
f 4281 3848 4280
f 4940 4971 4949
f 4013 4029 4043
f 3685 3701 3684
f 4339 4377 4391
f 8891 8872 8892
f 3753 3755 3754
f 4427 3220 3221
f 3809 3779 3780
f 3568 4418 3500
f 3880 3918 3805
f 3543 3842 3841
f 4646 4648 4647
f 4656 4597 4598
f 4781 4820 4784
f 4972 4974 4973
f 5101 5109 5120
f 5095 5115 5125
f 5090 5132 5093
f 5131 5134 5133
f 5134 5127 5135
f 5117 5140 5129
f 3539 3863 3595
f 4006 3792 4007
f 5128 5099 5124
f 5097 5089 5096
f 5274 5271 5259
f 4571 4569 4549
f 4225 4238 4224
f 5156 5170 5172
f 4538 4540 4537
f 4622 4665 4662
f 4981 5004 4980
f 5012 4975 5013
f 5148 5149 5157
f 5157 5133 5134
f 5161 5145 5160
f 4261 4242 4260
f 5294 5291 5268
f 4255 4532 4261
f 5274 5250 5251
f 4246 4207 4248
f 3314 3927 3912
f 4670 4672 4671
f 4995 4673 4986
f 4638 4603 4600
f 4341 4525 4340
f 5163 5165 5162
f 4834 4784 4819
f 4784 4682 4819
f 4844 4687 4688
f 5280 5275 5285
f 4217 4564 4188
f 4554 4556 4555
f 4551 4556 4594
f 4549 4544 4571
f 5141 5173 5175
f 4653 4683 4682
f 4973 4989 4988
f 4984 5015 4983
f 5177 5170 5178
f 5166 5181 5182
f 5141 5139 5138
f 5178 5151 5177
f 5244 5203 5245
f 5252 5245 5253
f 4479 4079 4493
f 4402 4404 4403
f 3500 4419 3499
f 5856 5909 5913
f 4488 3348 3349
f 8851 5885 5886
f 3607 5701 4098
f 3508 3503 3504
f 5847 5896 5894
f 4374 4309 4263
f 3380 4438 3379
f 9025 3553 3554
f 5718 4131 3973
f 3300 3283 3321
f 5551 3276 5552
f 5552 3369 5553
f 5555 5483 5557
f 5859 5896 5858
f 4133 3794 3915
f 3606 3652 3610
f 4900 4766 4691
f 4616 4789 4788
f 3738 4164 3757
f 4774 4642 4801
f 4399 3402 4175
f 5853 5795 5851
f 3936 4427 3935
f 3418 4064 4065
f 5510 3840 5514
f 3270 3279 3269
f 3274 4056 4055
f 4359 4305 4306
f 4135 3504 4111
f 3610 3609 3606
f 3837 3557 5425
f 5940 4401 5941
f 5853 5803 5847
f 5725 5515 5727
f 3246 4117 3245
f 5713 5672 5681
f 4918 4916 4915
f 4148 3771 5703
f 5106 5113 5111
f 4147 5709 4146
f 5152 5177 5151
f 9026 4111 4112
f 5104 5103 5112
f 3531 3485 3593
f 3713 3715 3714
f 3699 3815 3697
f 4467 4459 4478
f 4703 4736 4640
f 5405 3846 5406
f 3555 3963 3964
f 4120 5411 4119
f 4217 4185 4218
f 3279 5441 3269
f 4944 4959 4966
f 4353 4344 4357
f 3815 3716 4104
f 3374 4052 4051
f 4491 4516 4515
f 5865 5833 5866
f 5819 5856 5862
f 5807 5856 5808
f 3933 3281 3929
f 3208 3920 3919
f 8907 8902 8903
f 5288 5295 5287
f 3728 3747 3748
f 3309 4083 3336
f 5119 5101 5120
f 3811 3789 4002
f 3595 3992 3993
f 4106 4100 4107
f 5696 5576 3885
f 3708 3750 3707
f 3744 4165 4163
f 5905 5892 5906
f 3403 4175 3402
f 4133 3506 3507
f 4147 3544 3545
f 3561 3325 3324
f 3237 3239 3238
f 4877 4793 4794
f 3241 3243 3242
f 3597 3625 3596
f 3279 3281 3280
f 3371 3373 3372
f 3599 3567 3598
f 3975 4032 4031
f 3277 3250 3278
f 3774 3565 3773
f 3658 3780 3779
f 4961 4963 4960
f 3600 3616 4096
f 4228 4202 4199
f 4011 4318 4350
f 4307 4262 4308
f 4838 4841 4842
f 4782 4773 4743
f 4914 4946 4947
f 4839 4765 4836
f 4771 4645 4642
f 4962 4964 4963
f 4966 4963 4964
f 3601 3615 3600
f 5878 5879 5881
f 5890 5881 5889
f 3720 4158 3719
f 4755 4689 4663
f 3740 3718 3739
f 5695 5686 5714
f 5740 5742 5741
f 5733 5736 5749
f 5755 5750 5749
f 5745 5762 5740
f 5798 5800 5799
f 4706 4879 4705
f 5651 5619 5620
f 5850 5797 5772
f 5804 5806 5805
f 4087 5707 4086
f 5915 5914 5916
f 5703 4167 4148
f 5893 5896 5895
f 5892 5919 8858
f 5706 5664 4081
f 5786 5788 5787
f 3973 3841 3493
f 4831 4915 4916
f 5906 8858 8859
f 4965 4969 4964
f 4684 4846 4842
f 3589 3611 3604
f 3596 4150 4091
f 5877 5763 5745
f 4121 4123 4122
f 3469 3868 3502
f 3204 3208 3207
f 3716 3726 3727
f 5460 5426 3571
f 3465 3470 3464
f 5738 3764 3765
f 4887 4655 4888
f 4203 4205 4204
f 3959 4082 4089
f 5758 5886 5885
f 5781 5872 5780
f 4675 4723 4674
f 3757 5751 5732
f 3334 3272 3335
f 8880 5903 5911
f 5615 3473 5614
f 5759 5760 5743
f 8845 8848 8847
f 5778 5780 5779
f 8857 8849 8850
f 4132 3798 3859
f 5839 5841 5842
f 560 3187 559
f 5747 4007 3792
f 5928 8840 5927
f 5766 5768 5767
f 4848 4956 4847
f 4953 4967 4965
f 4832 4910 4915
f 5879 5888 5887
f 3598 3530 4095
f 5747 5730 5748
f 5754 5748 5730
f 5810 5812 5811
f 5758 5749 5736
f 4315 4387 4314
f 5917 5916 5918
f 5913 5910 5914
f 5930 8841 8840
f 4951 4968 4953
f 3209 3201 3202
f 4059 3246 3247
f 8731 8842 8841
f 3776 3585 3778
f 5770 5772 5771
f 5891 5893 5892
f 9028 5641 5439
f 5814 5816 5815
f 5662 5673 5661
f 3522 3524 3523
f 5630 5942 5496
f 5791 5795 5794
f 5746 3754 5876
f 5928 5931 5930
f 5743 5739 5742
f 5876 5875 5878
f 3678 9021 3686
f 4200 4207 4199
f 4114 3916 4149
f 3601 3605 3604
f 3818 3712 3817
f 3315 3317 3316
f 5899 5902 5901
f 8840 5883 8936
f 5562 5559 5560
f 4416 3448 4414
f 3189 3191 3190
f 4751 4747 4671
f 4181 4180 4177
f 3832 5454 5351
f 3362 3526 3361
f 5678 5699 5698
f 3497 3499 3498
f 448 807 447
f 647 122 270
f 5690 5677 5697
f 4183 4185 4184
f 1833 1780 1832
f 5920 5897 5923
f 510 508 507
f 4401 5944 5941
f 5656 5530 5936
f 3970 5940 4293
f 5653 5939 5946
f 5450 5946 5532
f 3384 5945 5487
f 4403 4299 5494
f 5944 3968 5949
f 3963 5951 3852
f 5614 3474 5935
f 5427 3857 5951
f 3210 1887 3201
f 1887 3200 3201
f 15 3197 3200
f 16 3195 3197
f 3195 3187 3194
f 3194 1899 3207
f 3207 375 3204
f 387 126 127
f 3189 1760 5650
f 9029 757 758
f 763 2172 2175
f 9035 9032 9033
f 9033 9031 9030
f 9046 9048 9047
f 8751 9054 8752
f 9078 9077 9079
f 9083 9051 9053
f 9088 9047 9048
f 9099 9040 9097
f 9102 9036 9099
f 9105 9032 9103
f 9105 9106 9031
f 1801 9108 9107
f 9103 9034 9102
f 9096 9047 9089
f 1767 9111 9112
f 1597 9113 1600
f 1708 9117 9116
f 9123 9119 9118
f 9118 9125 9124
f 1588 9116 1587
f 2080 9118 2082
f 2082 9124 2084
f 9126 9087 9083
f 9129 9088 9087
f 5512 5943 5947
f 5634 5488 5948
f 5724 5947 5616
f 9134 9097 9133
f 9144 9102 9138
f 9133 9096 9132
f 786 9144 785
f 9146 9103 9144
f 785 9138 497
f 497 9134 650
f 650 9133 564
f 9148 9133 9132
f 8756 9057 8753
f 9154 9130 9129
f 9151 9131 9130
f 9097 9090 9096
f 1799 9111 1768
f 5949 3964 3853
f 9160 8809 8811
f 8813 9160 8811
f 9166 564 9148
f 9067 9054 9052
f 9162 9148 9150
f 9087 9048 9051
f 9081 9079 9082
f 9049 9051 9048
f 9082 9167 9081
f 9079 9049 9046
f 9169 9175 9170
f 9167 9112 9081
f 9168 9177 9167
f 9120 9113 9177
f 9120 9169 9119
f 9119 9170 9125
f 9179 9125 9170
f 9180 9124 9125
f 9178 9170 9175
f 1576 2084 9124
f 9179 9183 9181
f 3203 1387 3190
f 3190 1791 3189
f 5618 1949 3210
f 317 259 391
f 2000 9105 9146
f 9053 9052 9054
f 9041 9036 9037
f 9029 756 2170
f 9037 9034 9035
f 9130 9089 9088
f 3204 376 3203
f 1801 9109 1799
f 9181 9180 9179
f 1575 9190 1088
f 9187 1576 9180
f 1776 1796 1775
f 1293 1290 1284
f 1326 1327 12
f 1294 1234 1290
f 878 1330 1337
f 5633 5490 5945
f 5933 3360 5502
f 5613 5948 5500
f 5604 3844 5720
f 3972 5950 5601
f 3494 4322 5950
f 4406 5615 4298
f 3492 4292 5943
f 5631 5495 5942
f 497 374 498
f 122 413 121
f 5624 3398 5416
f 9151 9156 9160
f 9058 8752 9054
f 9160 9150 9151
f 8815 9162 8813
f 9156 8794 8809
f 439 399 438
f 1512 1526 1511
f 1668 1738 1671
f 839 1362 838
f 1362 826 1012
f 3425 3418 4047
f 4905 5243 4808
f 4621 4662 4690
f 5582 5574 5577
f 4754 4756 4755
f 3902 4021 4022
f 9295 1896 9267
f 2053 2118 2117
f 9340 2120 2119
f 696 9268 9283
f 4922 4939 4924
f 4365 4186 4183
f 5105 4862 4670
f 5228 5226 5225
f 4781 4877 4794
f 5218 5238 5217
f 4990 4992 4991
f 4335 4336 4251
f 4993 4972 5002
f 4794 4792 4750
f 5886 8852 8851
f 5405 5417 5416
f 4669 4764 4668
f 4676 4698 4679
f 1826 639 640
f 9192 9181 9183
f 5232 5233 5204
f 5418 4122 5419
f 956 886 960
f 5720 3512 5717
f 4728 4730 4729
f 8879 8863 8862
f 1980 1922 807
f 4969 4966 4964
f 33 105 164
f 9028 3254 5437
f 3837 3839 3838
f 4382 4301 4383
f 3908 4122 4123
f 4290 4294 4291
f 4400 4055 4056
f 3219 3221 3220
f 8894 8877 8876
f 4640 4735 4630
f 4389 4216 4213
f 3267 4493 4451
f 3268 4463 4144
f 5097 5098 5088
f 5094 5096 5095
f 5654 5937 5938
f 4089 3960 3959
f 5159 5162 5160
f 5202 5249 5205
f 5412 5414 5413
f 5715 3516 5716
f 5723 4423 5726
f 4263 4323 4374
f 3994 3564 3774
f 1343 9308 9309
f 3470 5667 3464
f 5659 5671 5706
f 3319 4053 3299
f 9359 2128 9354
f 1766 1582 1594
f 14 2163 738
f 595 99 594
f 5703 3772 5702
f 5206 5229 5209
f 3437 3458 3457
f 5516 3487 5509
f 5122 5087 5123
f 3223 3934 3935
f 3979 5402 3978
f 3828 3320 3827
f 5663 4081 5664
f 4035 4490 4461
f 4426 5724 4425
f 3881 4447 4444
f 5407 4118 4119
f 5691 5689 5687
f 5661 5672 5671
f 5911 8901 8880
f 3902 3871 4046
f 5541 5539 5606
f 4069 5561 5562
f 3248 3292 3247
f 1346 1044 1352
f 748 1425 747
f 3297 3255 3934
f 5445 4056 5550
f 5783 5830 5831
f 4310 4376 4373
f 5857 5800 5802
f 3882 4452 3881
f 3193 3919 3951
f 3190 3206 3203
f 4266 4268 4267
f 4488 3420 4486
f 3331 3940 3330
f 4282 4284 4283
f 4606 4607 4605
f 4628 4708 4712
f 4659 4733 4658
f 4615 4829 4614
f 4718 4713 4717
f 5722 4421 5721
f 3307 3461 3433
f 4686 4634 4636
f 3966 3550 3978
f 4738 4875 4873
f 3416 3237 3341
f 4527 4208 4200
f 5093 5114 5092
f 5124 5086 5122
f 5117 5138 5139
f 4631 4640 4630
f 5166 5168 5167
f 5185 5187 5186
f 5194 5191 5171
f 3245 4118 9027
f 5214 5203 5200
f 3230 3318 3284
f 5237 5217 5238
f 5250 5258 5255
f 5113 5084 5085
f 5270 5269 5268
f 4906 5107 4768
f 5271 5267 5270
f 5276 5262 5263
f 5153 5174 5173
f 5290 5268 5291
f 5306 5303 5304
f 5147 5146 5143
f 4585 4856 4584
f 3226 5436 3225
f 4473 4504 4470
f 5765 8897 8895
f 4529 4247 4530
f 8923 8916 8917
f 5713 5682 5714
f 3315 3898 3322
f 5564 5537 5563
f 4468 4441 5466
f 3738 4163 4165
f 4577 4559 4560
f 5567 3366 3363
f 3587 4150 4151
f 5471 4504 4505
f 5860 5816 5817
f 3516 5558 5932
f 5436 5637 5437
f 5050 5083 5060
f 5547 3338 3339
f 9023 3295 4115
f 5708 4132 5711
f 4104 3814 3815
f 3718 4161 4162
f 5498 5679 5692
f 3884 4432 3883
f 3955 3877 3878
f 4049 4061 3977
f 8892 8875 8890
f 4572 4218 4569
f 4440 4442 4441
f 4497 3407 3408
f 4632 4633 4724
f 8906 8881 8902
f 5664 5670 5663
f 3751 3706 3707
f 3511 3736 3800
f 5129 5116 5117
f 5086 5098 5085
f 5135 5128 5136
f 5143 5145 5144
f 5168 5136 5137
f 5297 5246 5257
f 5164 5160 5162
f 5155 5171 5170
f 5137 5167 5168
f 5293 5307 5305
f 5513 4083 5515
f 4053 3825 4057
f 3228 3298 3227
f 3631 3635 3636
f 5689 5670 5693
f 5759 5883 5882
f 3793 3507 4134
f 4906 4891 4907
f 4719 4901 4720
f 3597 4095 4092
f 3352 4125 3262
f 9064 9058 9067
f 9076 9067 9077
f 9083 8794 9126
f 9131 9096 9089
f 9138 9099 9134
f 9154 9126 9156
f 9077 9052 9049
f 9053 8766 9083
f 9191 9187 9181
f 9082 9046 9193
f 9193 9168 9082
f 1284 1288 1285
f 9150 9132 9131
f 3841 3496 3493
f 3570 3336 4083
f 4027 4312 3258
f 4889 4781 4794
f 4041 4044 4043
f 4885 4813 4829
f 5419 3905 5430
f 4367 4227 4224
f 1778 1780 1779
f 1792 1584 1789
f 4308 3869 4307
f 4594 4762 4551
f 4767 4769 4768
f 5461 3366 3847
f 4763 4716 4720
f 4919 4915 4910
f 4300 4334 4333
f 5196 5198 5197
f 5158 5135 5136
f 5431 5433 5432
f 4545 4571 4544
f 4557 4594 4556
f 695 571 694
f 4156 3626 3694
f 4861 4670 4862
f 5681 5674 5682
f 5473 5580 5583
f 3622 4152 4151
f 5647 3574 3231
f 3674 3808 3649
f 4420 3498 3499
f 5675 5666 5674
f 3253 5439 3280
f 5870 5917 5912
f 8887 8919 8886
f 5862 5913 5915
f 3534 3485 3482
f 3313 4484 3312
f 9090 9046 9047
f 4871 4695 4855
f 3778 3822 3819
f 4889 4874 4875
f 4000 3784 4001
f 4897 4911 4910
f 3856 3838 3839
f 4772 4896 4771
f 4015 4376 4014
f 3433 3476 3435
f 4053 3302 3299
f 3367 3363 4434
f 3242 3831 3241
f 3441 4082 4081
f 4735 4855 4854
f 4756 4737 4689
f 3382 3384 3383
f 3698 3697 3682
f 4676 4678 4677
f 4948 4941 4944
f 4890 4805 4747
f 4757 4745 4737
f 4581 4380 4586
f 5716 5932 5597
f 4923 4926 4932
f 5077 5081 5076
f 5078 5058 5054
f 4009 5400 3952
f 5081 5078 5076
f 3930 4513 4514
f 4014 4028 4029
f 4025 4020 4021
f 3618 4096 3616
f 4581 4576 4580
f 4219 4188 4189
f 5440 3335 3272
f 5449 3323 3322
f 4229 4177 4202
f 4590 4214 4589
f 4227 4184 4226
f 4574 4858 4547
f 4565 5453 4563
f 4592 4588 4589
f 4590 4573 4579
f 3517 5521 3519
f 3845 3522 5423
f 4444 3884 3881
f 3982 5533 5535
f 4465 4497 4495
f 4520 4521 4496
f 4076 5591 5590
f 3635 3666 3634
f 3343 4498 5481
f 4022 3870 3871
f 3661 4098 3660
f 5691 5697 5692
f 3768 5742 5739
f 4514 3956 4518
f 3697 3814 3696
f 4394 5460 4395
f 4054 4057 4058
f 3284 3323 3559
f 4052 4169 4397
f 4447 4510 4446
f 4456 3346 4138
f 4483 3877 4482
f 4482 4512 4492
f 4492 4513 4516
f 5642 5439 5641
f 5448 5442 5440
f 5466 3882 3883
f 3340 4445 3339
f 8908 8910 8911
f 4397 3835 3980
f 5413 3521 5412
f 3234 3932 3233
f 5753 8895 8894
f 8896 5756 5755
f 8921 8889 8888
f 8915 8911 8916
f 3933 3935 3934
f 3620 3657 3623
f 3966 3968 3967
f 4905 4769 4770
f 3225 5437 3254
f 5433 3984 5435
f 5714 5693 5713
f 5435 3985 5436
f 3954 3955 3878
f 4713 4632 4724
f 4879 4632 4705
f 3983 3896 3897
f 9027 3248 3245
f 5871 5912 5904
f 5849 5891 5905
f 4702 4640 4641
f 4213 4579 4389
f 3644 3688 3689
f 9193 9040 9041
f 8920 8935 8919
f 5406 4130 4127
f 4140 5401 4139
f 5659 3904 5660
f 4772 4783 4834
f 4244 4246 4245
f 4061 4037 4038
f 3669 3803 3668
f 3459 3209 3202
f 4072 5484 4071
f 4835 4834 4819
f 5660 5661 5659
f 4262 4264 4263
f 3633 3627 3628
f 3685 3676 3686
f 4517 3235 3304
f 4145 4085 3544
f 5455 5459 3850
f 5638 5640 5641
f 3228 3254 3255
f 4044 3411 3412
f 3614 3612 3613
f 3273 3275 3274
f 4952 4961 4918
f 4959 4960 4963
f 4888 4761 4860
f 4254 4256 4255
f 4199 4201 4200
f 4499 4465 5480
f 5479 4496 4521
f 5952 5954 5955
f 5956 5958 5959
f 5959 5960 5961
f 5962 5964 5965
f 5966 5968 5969
f 5967 5971 5968
f 5963 5961 5960
f 5972 5964 5973
f 5974 5976 5977
f 5978 5980 5981
f 5982 5984 5985
f 5986 5985 5984
f 5988 5990 5991
f 5992 5994 5995
f 5996 5998 5999
f 6000 6002 6003
f 6004 6006 6007
f 6008 6010 6011
f 6012 6014 6015
f 6016 6018 6019
f 6020 6022 6023
f 6024 6026 6027
f 6028 6030 6031
f 6032 6034 6035
f 6036 6038 6039
f 6040 6013 6012
f 6042 6044 6045
f 5992 6047 5993
f 6048 6050 6051
f 6052 6054 6055
f 6056 6058 6059
f 6060 5987 5986
f 6062 6064 6065
f 6066 6068 6069
f 6070 6027 6026
f 6072 6057 6056
f 6075 6077 6074
f 6078 6080 6081
f 6082 6054 6084
f 6085 6081 6086
f 6087 5990 6088
f 6061 6089 5987
f 6089 6091 6092
f 6092 6093 6094
f 6095 5981 6096
f 6062 6084 6063
f 6097 6035 6034
f 6056 6099 6072
f 6100 6102 6103
f 6001 6104 6105
f 6107 6109 6106
f 6110 6112 6113
f 6114 6025 6115
f 6116 6118 6119
f 6120 6122 6123
f 6124 6126 6127
f 6128 6101 6100
f 6039 6131 6036
f 6132 6134 6135
f 6136 6138 6003
f 6139 6141 6142
f 6143 6145 6146
f 6148 6150 6147
f 6152 6154 6151
f 6155 6157 6158
f 6159 6161 6162
f 6163 6165 6166
f 6167 6169 6170
f 6171 6173 6174
f 6175 6104 6177
f 6178 6180 6181
f 6023 6183 6020
f 6184 6186 6187
f 6117 6188 6189
f 6190 6192 6193
f 6194 6026 6114
f 6195 6191 6190
f 6197 6199 6200
f 6201 6203 6204
f 6205 6207 6208
f 6209 6201 6204
f 6197 6211 6212
f 6212 6213 6214
f 5979 6214 6213
f 6203 6217 6204
f 6206 6198 6207
f 6218 5962 6219
f 5965 6219 5962
f 5972 3354 6221
f 6070 6222 6223
f 6224 6226 6227
f 6228 6230 6231
f 6232 6234 6235
f 6196 6236 6237
f 6071 6223 6238
f 6239 6241 6242
f 6243 6245 6246
f 6247 6248 6249
f 6250 6252 6253
f 6254 6256 6257
f 6258 6260 6261
f 6229 6263 6230
f 6264 6242 6241
f 6266 6268 6269
f 6270 6272 6273
f 6274 6276 6277
f 6195 6279 6236
f 6280 6281 6282
f 6283 6285 6286
f 6123 6287 6288
f 6289 6291 6292
f 6293 6243 6295
f 6240 6297 6241
f 6298 6267 6266
f 6300 6302 6303
f 6304 6306 6307
f 6251 6308 6309
f 6247 6311 6312
f 6313 6315 6316
f 6314 6317 6318
f 6319 6320 6321
f 6322 6088 6323
f 6216 6258 6217
f 6325 6327 6328
f 6217 6261 6329
f 6330 6238 6331
f 6071 6048 6027
f 6015 6333 6012
f 6079 6335 6080
f 6336 6240 6239
f 6294 6296 6240
f 6337 6339 6340
f 6341 6343 6344
f 6345 6347 6348
f 6266 6349 6298
f 6350 6352 6353
f 6295 6246 6354
f 6303 6356 6300
f 6357 6359 6360
f 6361 6363 6364
f 6365 6353 6366
f 6367 6369 6370
f 6371 6370 6372
f 6372 6374 6371
f 6375 6373 6376
f 6376 6378 6375
f 6379 6381 6382
f 6383 6385 6386
f 6387 6389 6390
f 6391 6393 6394
f 6395 6397 6398
f 6398 6400 6395
f 6399 6402 6400
f 6403 6401 6404
f 6405 6407 6408
f 6409 6411 6412
f 6367 6413 6414
f 6374 6415 6416
f 6417 6384 6383
f 6419 6348 6347
f 6421 6423 6424
f 6425 6400 6402
f 6426 6395 6400
f 6393 6428 6429
f 6429 6394 6393
f 6390 6431 6432
f 6433 6408 6407
f 6435 6437 6438
f 6439 6411 6438
f 6392 6441 6442
f 6397 6442 6443
f 6401 6444 6445
f 6446 6437 6404
f 6448 6450 6451
f 6452 6454 6455
f 6442 6456 6457
f 6443 6457 6458
f 6444 6460 6461
f 6445 6461 6462
f 6463 6462 6465
f 6446 6462 6464
f 6466 6468 6469
f 6448 6470 6471
f 6453 6472 6473
f 6474 6476 6477
f 6478 6480 6481
f 6482 6484 6485
f 6486 6488 6489
f 6490 6492 6493
f 6493 6494 6495
f 6496 6498 6499
f 6500 6502 6503
f 6504 6506 6507
f 6508 6509 6510
f 6511 6513 6508
f 6499 6515 6496
f 6516 6518 6519
f 6520 6522 6523
f 6524 6525 6526
f 6507 6527 6504
f 6504 6528 6510
f 6528 6508 6510
f 6529 6531 6532
f 6342 6534 6343
f 6535 6346 6536
f 6347 6537 6419
f 6434 6539 6408
f 6539 6405 6408
f 6541 6451 6450
f 6543 6470 6545
f 6546 6481 6547
f 6499 6548 6549
f 6549 6514 6499
f 6551 6553 6554
f 6555 6557 6558
f 6403 6423 6559
f 6426 6413 6416
f 6415 6428 6427
f 6430 6561 6562
f 6434 6420 6419
f 6563 6565 6566
f 6404 6445 6446
f 6459 6399 6398
f 6455 6388 6387
f 6405 6449 6406
f 6540 6450 6405
f 6567 6568 6569
f 6570 6463 6567
f 6475 6490 6465
f 6458 6571 6572
f 6573 6574 6575
f 6576 6578 6579
f 6193 6580 6581
f 6582 6584 6585
f 6583 6586 6587
f 6588 6587 6586
f 6590 6068 6591
f 6592 6594 6319
f 6251 6595 6252
f 6304 6597 6598
f 6272 6599 6273
f 3737 6558 6557
f 6600 6160 6601
f 6123 6603 6120
f 6604 6606 6607
f 6608 6208 6609
f 5972 6220 5965
f 6610 6612 6556
f 6613 6615 6616
f 6242 6618 6239
f 6226 6245 6227
f 6620 6622 6623
f 6624 6146 6625
f 6626 6211 6136
f 6627 6629 6630
f 6631 6633 6634
f 6235 6636 6232
f 6637 6639 6640
f 6641 6286 6642
f 6643 6645 6646
f 6647 6649 6650
f 6244 6294 6336
f 6336 6652 6244
f 6194 6237 6222
f 6196 6114 6191
f 6115 6191 6114
f 6653 6655 6656
f 6657 6189 6658
f 6117 6659 6118
f 6130 6156 6131
f 6133 6151 6134
f 6661 6662 6660
f 6663 6616 6552
f 6664 6273 6665
f 6418 6432 6431
f 6290 6328 6291
f 6666 6556 6612
f 6557 3805 3737
f 5971 6668 5968
f 6181 6670 6178
f 6671 6673 6674
f 6676 6672 6675
f 6675 6149 6676
f 6067 5999 5998
f 6677 6679 6680
f 6681 6683 6684
f 6087 6090 6089
f 5983 6685 6686
f 5982 6687 6685
f 6094 6688 6687
f 6211 6137 6136
f 6689 6691 6692
f 6690 3833 3832
f 6001 6686 6002
f 5978 6215 5979
f 6694 5978 6095
f 5974 6095 6695
f 6183 6696 6697
f 6698 5961 6218
f 5959 6699 5956
f 6697 6700 6701
f 6702 6703 6704
f 5968 6705 5969
f 6706 5955 5954
f 6707 6617 6708
f 6024 6709 6710
f 6402 6559 6425
f 3852 6712 3853
f 3856 6593 3857
f 5977 6694 5974
f 6713 5977 5976
f 6714 6716 6717
f 6718 6308 6250
f 6720 6254 6721
f 6722 6724 6725
f 6312 6726 6727
f 6069 6728 6729
f 6319 6730 6086
f 6731 6644 6732
f 6732 6734 6731
f 6046 6320 6047
f 3880 6666 6735
f 6736 6738 6739
f 6531 6741 6326
f 6300 6614 6613
f 6742 6325 6290
f 6743 3891 3890
f 6744 6301 6745
f 6746 6534 6533
f 6536 6579 6535
f 6535 6563 6537
f 6566 6537 6563
f 6538 6409 6539
f 6412 6539 6409
f 6412 6541 6540
f 6748 6542 6541
f 6749 6545 6542
f 6568 6547 6543
f 6751 6548 6546
f 6753 6550 6549
f 6755 6757 6758
f 6759 6761 6762
f 6763 6765 6762
f 6764 6623 6765
f 6766 6768 6769
f 6770 6772 6773
f 6774 6776 6777
f 6021 6777 6022
f 6723 6779 6724
f 6780 6782 6783
f 6784 6786 6787
f 6788 6790 6791
f 6185 6793 6186
f 6794 6725 6795
f 6729 6098 6097
f 6135 6798 6132
f 6799 6065 6800
f 6037 6802 6038
f 6005 6588 6586
f 6005 6804 6006
f 6052 6010 6805
f 6586 6803 6005
f 6092 5987 6089
f 6094 5985 6092
f 6096 6695 6095
f 6082 6799 6585
f 6657 6041 6659
f 6013 6658 6014
f 6795 6807 6808
f 6809 6811 6812
f 6813 6815 6816
f 6817 6819 6820
f 6821 6823 6824
f 6329 6204 6217
f 6202 6826 6203
f 6072 6827 6828
f 6598 6305 6304
f 6301 6613 6663
f 6830 6271 6270
f 6822 6778 6823
f 6326 6832 6327
f 6203 6833 6216
f 6027 6051 6024
f 6360 6835 6357
f 6836 6838 6839
f 6837 6841 6838
f 6362 6366 6363
f 6380 6384 6381
f 6421 6578 6842
f 6566 6410 6409
f 6394 6388 6391
f 6414 6368 6367
f 6371 6416 6413
f 6561 6378 6382
f 6382 6562 6561
f 6381 6418 6562
f 6389 6430 6431
f 6391 6454 6441
f 6441 6453 6456
f 6456 6473 6574
f 6495 6750 6568
f 6843 6485 6484
f 6844 6843 6846
f 6573 6847 6848
f 6849 6487 6486
f 6513 6752 6469
f 6517 6850 6503
f 6521 6851 6850
f 6844 6852 6853
f 6505 6510 6509
f 6753 6512 6754
f 6516 6521 6517
f 6614 6854 6615
f 6742 4003 3891
f 6708 6855 6856
f 6307 6857 6858
f 6307 6665 6304
f 6414 6425 6559
f 6416 6427 6426
f 6562 6431 6430
f 6419 6538 6434
f 6358 6839 6359
f 6059 6859 6860
f 6861 6863 6864
f 6865 6867 6868
f 6115 6869 6870
f 6871 6873 6874
f 6721 6596 6875
f 6876 6556 6555
f 6877 6552 6551
f 6551 6268 6877
f 6879 6265 6269
f 6239 6651 6336
f 6230 6619 6226
f 6171 6669 6880
f 6106 6882 6881
f 6883 6822 6821
f 6759 6187 6174
f 6725 6785 6807
f 6885 6808 6791
f 6886 6888 6031
f 6701 6756 6755
f 6884 6779 6822
f 6715 6309 6308
f 6889 6890 6891
f 6743 4042 6892
f 6270 6893 6830
f 6386 6895 6383
f 6895 6420 6896
f 6897 6417 6896
f 6897 6407 6898
f 6390 6899 6387
f 6900 6406 6449
f 6455 6901 6452
f 6902 6904 6471
f 6482 6905 6483
f 6501 6907 6502
f 6496 6908 6909
f 6532 6326 6325
f 6532 6743 6529
f 6612 6735 6666
f 6611 6910 6612
f 6626 5979 6213
f 6704 6105 6702
f 6913 6591 6914
f 6915 6795 6885
f 6229 4067 4066
f 6263 6289 6619
f 6745 6663 6877
f 6916 6757 6917
f 6885 6165 6915
f 6920 6783 6919
f 6921 6923 6924
f 6925 6924 6926
f 6927 6929 6930
f 6931 6933 6934
f 6935 6937 6938
f 6939 6941 6942
f 6943 6945 6946
f 6947 6949 6950
f 6944 6951 6952
f 6953 6955 6956
f 6957 6959 6960
f 6961 6929 6963
f 6964 6966 6967
f 6968 6970 6971
f 6969 6955 6970
f 6972 6946 6973
f 6974 6976 6977
f 6978 6980 6981
f 6940 6982 6983
f 6984 6986 6987
f 6988 6990 6991
f 6992 6989 6993
f 6994 6996 6997
f 6998 7000 7001
f 7002 7004 7005
f 7006 7008 7009
f 7010 7012 7013
f 7014 7016 7017
f 7018 6999 6998
f 7020 7022 7023
f 7024 7026 7027
f 7028 7030 7031
f 7032 7034 7035
f 7003 7036 7037
f 7038 7040 7027
f 6993 7030 7041
f 7042 7044 7045
f 7046 7007 7006
f 7011 7048 7049
f 7050 7052 7053
f 7054 7014 7055
f 7015 7056 7057
f 6621 7045 7044
f 7049 6775 6774
f 7051 6021 6020
f 7055 6701 7054
f 7054 6755 7056
f 6764 7047 7046
f 7020 7059 7013
f 7060 7062 7063
f 6958 7065 6959
f 6925 7067 6973
f 7068 6934 6926
f 7069 6991 7070
f 7071 7072 7073
f 7074 7076 7077
f 7078 7080 7081
f 7014 7082 7083
f 7084 7086 7087
f 7025 7031 7026
f 7085 7072 7088
f 7089 7087 7090
f 7055 7083 7091
f 7090 6770 6773
f 7092 7094 7095
f 7091 6697 7055
f 6770 7086 6758
f 7095 6767 6766
f 7096 6980 7097
f 7098 6940 7099
f 7058 7023 7100
f 7101 6930 7102
f 6974 7063 6967
f 7103 6971 7104
f 7105 6981 6977
f 7106 7036 7108
f 7109 7010 7110
f 7111 7018 7034
f 7098 7037 7100
f 7048 7112 6775
f 7113 7041 6997
f 6994 7115 7088
f 6965 6923 6966
f 6975 6945 6976
f 7061 7065 7062
f 6954 6933 6963
f 6763 7109 7047
f 7046 6620 6764
f 6947 7067 6956
f 6758 7056 6755
f 7118 7039 7038
f 7038 7070 7118
f 7106 7121 7122
f 7123 7053 7052
f 7123 7083 7082
f 7045 7006 7042
f 7107 7122 7009
f 7091 7052 7051
f 7091 6020 6183
f 6936 7097 6937
f 7125 6960 7102
f 6774 7050 7049
f 7119 6942 7039
f 7019 7005 6999
f 7011 7124 7012
f 7021 7040 7022
f 7114 7016 7115
f 7053 7049 7050
f 7086 7057 7056
f 6993 7127 6992
f 7075 7113 7076
f 4281 6603 7128
f 6012 7129 6040
f 7130 6584 7131
f 6797 7133 6798
f 6074 7135 6075
f 6789 6173 6790
f 6760 6776 6761
f 7136 6801 6589
f 6914 6674 6913
f 7007 7059 7008
f 7099 7003 7098
f 6984 7104 6938
f 7110 7047 7109
f 6333 6587 7129
f 5956 6667 5971
f 5957 5971 5970
f 7137 6308 6719
f 4292 6718 6250
f 6693 6668 6215
f 6215 6667 6214
f 6214 6699 6212
f 6698 6212 6699
f 6219 6198 6218
f 6207 6220 6208
f 6220 6609 6208
f 6262 4066 4003
f 7138 7140 7141
f 4298 7140 4299
f 7143 7145 7146
f 7147 7144 7149
f 7149 7151 7147
f 7150 7153 7151
f 6329 7154 7152
f 6261 7155 7154
f 7156 7157 7158
f 6598 7159 7160
f 6257 7161 7162
f 6256 4321 7161
f 6693 6706 6705
f 5954 6705 6706
f 5953 5969 5954
f 7163 5983 6912
f 7164 6138 7166
f 7167 7169 7170
f 6141 7172 6142
f 7166 7173 7164
f 6141 7174 7175
f 7176 7178 7179
f 7180 7182 7183
f 7184 7186 7187
f 6631 7183 7188
f 6218 6197 6698
f 6625 7189 6624
f 6814 7190 7191
f 6882 7193 7194
f 7195 6109 6108
f 6888 7198 7199
f 7200 7202 7203
f 7176 6630 7204
f 6029 7187 6030
f 7205 7207 7208
f 7209 7211 7212
f 7203 7213 7214
f 6886 6778 6723
f 6031 7215 6886
f 7216 7218 7219
f 7220 6880 6669
f 6076 7220 7222
f 6074 6672 6671
f 6147 6662 7223
f 7223 6111 6110
f 6810 6113 6112
f 6920 6914 6591
f 6077 6675 6672
f 6660 6076 6661
f 7222 6669 6181
f 7224 6181 6180
f 6660 6150 6675
f 7225 6794 6915
f 6783 7225 6164
f 6781 6068 6067
f 7217 7228 7218
f 6031 7199 6028
f 6887 6723 6722
f 6164 6915 6165
f 6780 6591 6068
f 7134 6671 6914
f 7229 6824 6823
f 7187 7230 7229
f 7226 6722 6794
f 7231 6169 7233
f 7201 7233 7202
f 6107 7235 7200
f 7215 6823 6778
f 6030 7229 7215
f 7236 7219 7179
f 7237 6820 6819
f 7237 7207 7238
f 7239 7241 7242
f 6739 7244 6736
f 7245 7242 7246
f 7233 6168 7247
f 7247 7202 7233
f 7195 7203 7214
f 7248 7250 6703
f 7227 7252 7228
f 7253 5998 7251
f 6067 7198 6781
f 6781 7197 6782
f 5984 6683 5986
f 7254 6678 6684
f 6679 7252 5997
f 6887 7197 6888
f 6782 7226 7225
f 7135 6163 7221
f 7221 6075 7135
f 6661 7222 7224
f 7224 6111 6661
f 6180 6112 7224
f 6179 6810 6180
f 6811 6793 6649
f 6650 6622 6769
f 6766 7044 7095
f 7095 7043 7092
f 7092 7121 7081
f 7078 7255 7033
f 7256 7257 7258
f 6768 7259 6647
f 6773 7094 7090
f 7090 7093 7089
f 7089 7080 7073
f 7071 7032 7260
f 7077 6998 7074
f 6995 7260 6996
f 7077 7261 7035
f 7035 7018 7077
f 7108 7111 7255
f 6978 7262 7001
f 7105 7264 7262
f 7263 6952 7264
f 6990 6951 7265
f 6972 7266 7265
f 7117 6950 7266
f 6948 7267 6949
f 6969 6982 7267
f 7103 6987 6983
f 7005 6986 7268
f 6999 7268 7000
f 7269 7271 7272
f 7274 7275 7273
f 7274 7276 7277
f 7278 7280 7281
f 7282 7284 7285
f 7286 7288 7289
f 7290 7292 7293
f 7294 7296 7293
f 7068 7298 7299
f 7300 7302 7303
f 7304 7305 7306
f 7307 7305 7308
f 7309 7283 7310
f 7311 7313 7314
f 7125 7306 7315
f 7285 7280 7282
f 7277 7303 7302
f 6965 7316 7317
f 7318 7316 7319
f 7320 7271 7314
f 7312 7296 7313
f 7270 7298 7322
f 7311 7322 7317
f 6961 7300 7308
f 7323 7325 7326
f 7327 7328 7329
f 7064 7325 7328
f 7287 7292 7288
f 6931 7299 7301
f 7331 7329 7319
f 7332 7334 7335
f 7336 7338 7339
f 7340 7333 7332
f 7342 7343 7344
f 7345 7347 7344
f 7348 7350 7351
f 7352 7354 7355
f 7356 7358 7359
f 7360 7362 7363
f 7365 7367 7364
f 7368 7370 7371
f 7372 7336 7374
f 7373 7337 7336
f 7367 7376 7377
f 7378 7380 7381
f 7382 7384 7385
f 7386 7385 7384
f 7388 7390 7391
f 7392 7333 7393
f 7394 7396 7397
f 7398 7400 7401
f 7402 7404 7405
f 7406 7408 7409
f 7410 7383 7382
f 7412 7414 7415
f 7385 7417 7382
f 7389 7419 7390
f 7373 7421 7375
f 7420 7372 7422
f 7369 7424 7370
f 7399 7397 7425
f 7393 7341 7342
f 7398 7357 7426
f 7358 7401 7427
f 7428 7430 7431
f 7433 7435 7432
f 7363 7436 7437
f 7383 7439 7384
f 7411 7438 7383
f 7441 7443 7444
f 7445 7339 7447
f 7374 7339 7446
f 7444 7364 7448
f 7448 7450 7449
f 7364 7451 7450
f 7451 7377 7452
f 7449 7454 7453
f 7455 7450 7451
f 7456 7451 7452
f 7410 7458 7459
f 7460 7462 7369
f 7423 7462 7463
f 7464 7466 7467
f 7468 7347 7470
f 7376 7471 7472
f 7425 7396 7473
f 7475 7477 7474
f 7478 7480 7481
f 7482 7407 7406
f 7484 7351 7486
f 7487 7488 7489
f 7490 7492 7493
f 7412 7434 7433
f 7494 7434 7415
f 7496 7391 7497
f 7440 7498 7499
f 7401 7488 7500
f 7485 7345 7501
f 7500 7427 7401
f 7395 7469 7468
f 7503 7505 7506
f 7507 7509 7510
f 7511 7513 7514
f 7511 7515 7516
f 7517 7519 7520
f 7521 7523 7355
f 7352 7525 7526
f 7415 7527 7494
f 7528 7530 7486
f 7404 7502 7500
f 7477 7496 7532
f 7512 7481 7513
f 7405 7500 7488
f 7533 7535 7536
f 7378 7510 7537
f 7532 7379 7538
f 7539 7541 7542
f 7524 7355 7523
f 7351 7501 7348
f 7414 7523 7527
f 7522 7527 7523
f 7544 7412 7545
f 7546 7547 7548
f 7526 7353 7352
f 7550 7355 7354
f 7521 7551 7548
f 7552 7548 7551
f 7546 7553 7554
f 7522 7548 7547
f 7418 7520 7555
f 7416 7554 7417
f 7457 7558 7458
f 7557 7560 7558
f 7535 7561 7562
f 7562 7563 7564
f 7564 7349 7348
f 7351 7565 7486
f 7567 7569 7566
f 7570 7520 7519
f 7419 7555 7571
f 7572 7348 7501
f 7389 7556 7418
f 7573 7493 7480
f 7552 7534 7553
f 7562 7536 7535
f 7572 7576 7574
f 7422 7578 7420
f 7423 7580 7424
f 7579 7463 7581
f 7578 7576 7582
f 7583 7381 7380
f 7586 7581 7585
f 7533 7579 7586
f 7447 7338 7587
f 7588 7531 7589
f 7590 7431 7591
f 7321 7592 7585
f 7275 7463 7273
f 7461 7276 7462
f 7279 7461 7453
f 7453 7593 7279
f 7594 7454 7455
f 7330 7498 7459
f 7459 7294 7330
f 7558 7595 7295
f 7560 7320 7595
f 7275 7585 7581
f 7462 7273 7463
f 7596 7380 7497
f 7597 7406 7409
f 7467 7599 7600
f 7601 7603 7604
f 7605 7444 7443
f 7365 7606 7366
f 7607 7494 7608
f 7513 7473 7396
f 7396 7514 7513
f 7514 7468 7515
f 7470 7515 7468
f 7610 7609 7470
f 7612 7476 7475
f 7613 7529 7614
f 7442 7615 7616
f 7343 7617 7618
f 7574 7577 7536
f 7619 7399 7491
f 7518 7509 7519
f 7491 7425 7492
f 7549 7621 7565
f 7491 7622 7619
f 7377 7440 7452
f 7379 7497 7380
f 7453 7460 7449
f 7411 7459 7498
f 7623 7391 7390
f 7625 7610 7484
f 7487 7483 7626
f 7619 7408 7489
f 7627 7620 7549
f 7538 7378 7537
f 7389 7477 7476
f 7629 7412 7433
f 7489 7407 7487
f 7628 7598 7597
f 7413 7524 7414
f 7592 7559 7630
f 7584 7632 7381
f 7569 7633 7571
f 7570 7566 7569
f 7631 7566 7632
f 7508 7519 7509
f 7614 7480 7613
f 7346 7470 7347
f 7572 7562 7564
f 7571 7634 7419
f 7346 7484 7610
f 7607 7431 7495
f 7585 7630 7586
f 7624 7497 7391
f 7635 7384 7439
f 7636 7502 7588
f 7323 7310 7289
f 7420 7582 7421
f 7637 7455 7456
f 7287 7499 7498
f 7458 7295 7294
f 7439 7472 7635
f 7599 7604 7600
f 7359 7427 7636
f 7436 7639 7437
f 7490 7640 7622
f 7481 7493 7473
f 7641 7505 7525
f 7642 7627 7644
f 7492 7473 7493
f 7517 7625 7530
f 7625 7486 7530
f 7634 7390 7419
f 7474 7532 7516
f 7448 7441 7444
f 7368 7449 7460
f 7615 7368 7371
f 7638 7602 7639
f 7575 7501 7345
f 7571 7570 7569
f 7400 7489 7488
f 7508 7632 7566
f 7503 7540 7539
f 6957 7315 7326
f 7376 7438 7377
f 7507 7381 7632
f 7499 7452 7440
f 7286 7456 7499
f 7504 7644 7505
f 7368 7460 7369
f 7645 7627 7643
f 7647 7633 7646
f 7647 7623 7634
f 7649 7623 7648
f 7650 7624 7649
f 7646 7568 7651
f 7651 7567 7652
f 7653 7567 7631
f 7651 7655 7646
f 7656 7658 7659
f 7660 7657 7661
f 7663 7656 7662
f 7664 7663 7666
f 7667 7663 7662
f 7667 7668 7655
f 7663 7661 7657
f 7670 7672 7669
f 7661 7671 7660
f 7659 7662 7656
f 7648 7668 7659
f 7648 7673 7649
f 7659 7674 7673
f 7658 7675 7674
f 7668 7646 7655
f 7660 7676 7675
f 7675 7678 7674
f 7677 7676 7679
f 7677 7681 7678
f 7682 7678 7681
f 7677 7684 7680
f 7673 7678 7683
f 7683 7649 7673
f 7685 7671 7670
f 7667 7686 7666
f 7666 7687 7664
f 7654 7686 7655
f 7689 7686 7688
f 7664 7691 7690
f 7650 7583 7596
f 7693 7631 7584
f 7584 7692 7693
f 7693 7682 7694
f 7694 7681 7695
f 7694 7653 7693
f 7650 7682 7692
f 7696 7652 7653
f 7654 7652 7697
f 7688 7697 7698
f 7699 7697 7696
f 7700 7698 7699
f 7695 7696 7694
f 7699 7702 7700
f 7689 7698 7701
f 7689 7703 7704
f 7705 7707 7703
f 7701 7705 7703
f 7704 7707 7685
f 7685 7691 7704
f 7687 7704 7691
f 7680 7695 7681
f 7684 7702 7680
f 7702 7705 7700
f 7684 7707 7706
f 7676 7707 7679
f 7665 7672 7661
f 7670 7690 7691
f 7665 7690 7669
f 7611 7474 7609
f 7510 7479 7478
f 7511 7537 7512
f 7516 7538 7511
f 7517 7613 7518
f 7537 7478 7512
f 7611 7612 7475
f 7613 7479 7518
f 7556 7517 7520
f 7516 7609 7474
f 7708 7710 7711
f 7712 7714 7715
f 7713 7717 7714
f 7719 7721 7718
f 7722 7597 7409
f 7724 7715 7725
f 7726 7728 7729
f 7731 7573 7730
f 7730 7614 7732
f 7733 7735 7736
f 7721 7724 7737
f 7731 7409 7640
f 7708 7729 7738
f 7737 7709 7739
f 7716 7736 7740
f 7742 7744 7745
f 7740 7735 7746
f 7717 7740 7747
f 7716 7720 7741
f 7748 7711 7710
f 7750 7710 7725
f 7720 7751 7741
f 7734 7728 7735
f 7709 7725 7710
f 7752 7715 7714
f 7739 7708 7738
f 7720 7712 7721
f 7749 7755 7711
f 7745 7756 7747
f 7746 7742 7745
f 7743 7755 7754
f 7727 7735 7728
f 7747 7757 7717
f 7753 7725 7715
f 7751 7620 7733
f 7757 7714 7717
f 7718 7737 7732
f 7747 7746 7745
f 7727 7755 7742
f 7726 7711 7755
f 7759 7756 7758
f 7759 7752 7757
f 7760 7753 7752
f 7761 7750 7753
f 7758 7744 7763
f 7763 7743 7764
f 7754 7764 7743
f 7763 7767 7758
f 7768 7770 7771
f 7772 7771 7773
f 7775 7772 7774
f 7776 7775 7778
f 7779 7775 7774
f 7775 7769 7768
f 7770 7781 7780
f 7782 7772 7773
f 7760 7782 7773
f 7760 7783 7761
f 7773 7784 7783
f 7770 7784 7771
f 7779 7782 7767
f 7782 7758 7767
f 7785 7780 7786
f 7785 7788 7784
f 7787 7786 7789
f 7787 7791 7788
f 7792 7788 7791
f 7787 7794 7790
f 7793 7784 7788
f 7762 7783 7793
f 7796 7780 7795
f 7795 7781 7797
f 7779 7798 7778
f 7799 7778 7798
f 7766 7798 7767
f 7800 7799 7798
f 7802 7799 7803
f 7795 7802 7803
f 7762 7748 7750
f 7805 7754 7749
f 7749 7804 7805
f 7805 7792 7806
f 7806 7791 7807
f 7806 7765 7805
f 7793 7804 7762
f 7808 7764 7765
f 7766 7764 7809
f 7766 7810 7800
f 7811 7809 7808
f 7812 7810 7811
f 7807 7808 7806
f 7811 7814 7812
f 7813 7800 7810
f 7801 7815 7816
f 7817 7819 7815
f 7813 7817 7815
f 7816 7819 7796
f 7796 7803 7816
f 7799 7816 7803
f 7790 7807 7791
f 7794 7814 7790
f 7814 7817 7812
f 7794 7819 7818
f 7786 7819 7789
f 7777 7781 7769
f 7777 7802 7797
f 7528 7718 7529
f 7729 7723 7722
f 7738 7730 7739
f 7732 7739 7730
f 7733 7628 7734
f 7722 7738 7729
f 7621 7719 7528
f 7628 7723 7734
f 7733 7741 7751
f 7732 7529 7718
f 7486 7621 7528
f 7549 7350 7353
f 7353 7349 7354
f 7354 7563 7550
f 7821 7823 7820
f 7824 7826 7827
f 7825 7829 7826
f 7830 7832 7833
f 7834 7827 7835
f 7836 7838 7839
f 7840 7406 7841
f 7841 7598 7842
f 7843 7845 7846
f 7833 7834 7847
f 7848 7836 7839
f 7847 7821 7849
f 7828 7846 7850
f 7853 7855 7852
f 7850 7845 7856
f 7829 7850 7857
f 7828 7832 7851
f 7858 7823 7822
f 7860 7822 7835
f 7831 7851 7832
f 7844 7838 7845
f 7834 7822 7821
f 7863 7827 7826
f 7849 7820 7848
f 7825 7833 7832
f 7859 7866 7823
f 7855 7867 7857
f 7837 7855 7856
f 7865 7852 7866
f 7837 7845 7838
f 7857 7868 7829
f 7864 7835 7827
f 7843 7642 7504
f 7868 7826 7829
f 7830 7847 7842
f 7857 7856 7855
f 7837 7866 7852
f 7836 7823 7866
f 7870 7867 7869
f 7870 7863 7868
f 7871 7864 7863
f 7872 7860 7864
f 7869 7854 7874
f 7874 7853 7875
f 7876 7853 7865
f 7874 7878 7869
f 7879 7881 7882
f 7883 7882 7884
f 7886 7883 7885
f 7887 7886 7889
f 7890 7886 7885
f 7886 7880 7879
f 7891 7880 7892
f 7884 7885 7883
f 7871 7893 7884
f 7871 7894 7872
f 7884 7895 7894
f 7882 7896 7895
f 7890 7893 7878
f 7893 7869 7878
f 7881 7897 7896
f 7898 7895 7896
f 7900 7896 7897
f 7901 7899 7898
f 7904 7902 7903
f 7898 7905 7901
f 7894 7899 7904
f 7904 7872 7894
f 7907 7891 7906
f 7906 7892 7908
f 7890 7909 7889
f 7910 7889 7909
f 7877 7909 7878
f 7912 7909 7911
f 7887 7914 7913
f 7906 7913 7914
f 7873 7858 7860
f 7916 7865 7859
f 7859 7915 7916
f 7916 7903 7917
f 7917 7902 7918
f 7917 7876 7916
f 7873 7903 7915
f 7919 7875 7876
f 7877 7875 7920
f 7911 7920 7921
f 7922 7920 7919
f 7923 7921 7922
f 7918 7919 7917
f 7922 7925 7923
f 7924 7911 7921
f 7912 7926 7927
f 7928 7930 7926
f 7924 7928 7926
f 7927 7930 7907
f 7907 7914 7927
f 7910 7927 7914
f 7901 7918 7902
f 7905 7925 7901
f 7925 7928 7923
f 7905 7930 7929
f 7897 7930 7900
f 7888 7892 7880
f 7888 7913 7908
f 7645 7831 7830
f 7839 7862 7931
f 7841 7848 7840
f 7842 7849 7841
f 7504 7844 7843
f 7839 7840 7848
f 7643 7861 7831
f 7503 7862 7844
f 7846 7861 7843
f 7842 7645 7830
f 7932 7934 7935
f 7936 7938 7939
f 7937 7941 7938
f 7942 7944 7945
f 7947 7949 7946
f 7950 7939 7951
f 7953 7955 7952
f 7956 7958 7959
f 7956 7540 7960
f 7962 7964 7961
f 7936 7965 7945
f 7946 7958 7957
f 7966 7952 7955
f 7965 7933 7967
f 7968 7969 7964
f 7970 7972 7973
f 7974 7964 7963
f 7941 7968 7975
f 7940 7944 7969
f 7976 7935 7934
f 7978 7934 7951
f 7943 7969 7944
f 7947 7963 7962
f 7933 7951 7934
f 7980 7939 7938
f 7967 7932 7966
f 7937 7945 7944
f 7977 7983 7935
f 7973 7984 7975
f 7953 7973 7974
f 7982 7970 7983
f 7974 7954 7953
f 7975 7985 7941
f 7981 7951 7939
f 7961 7544 7545
f 7985 7938 7941
f 7942 7965 7960
f 7975 7974 7973
f 7952 7970 7953
f 7952 7935 7983
f 7987 7984 7986
f 7987 7980 7985
f 7988 7981 7980
f 7989 7978 7981
f 7986 7972 7991
f 7991 7971 7992
f 7993 7971 7982
f 7986 7994 7995
f 7997 7999 7996
f 8000 7999 8001
f 8003 8000 8002
f 8005 8006 8004
f 8007 8003 8002
f 7996 8005 7997
f 7998 8009 8008
f 8010 8000 8001
f 7988 8010 8001
f 7988 8011 7989
f 8011 7999 8012
f 7998 8012 7999
f 8007 8010 7995
f 8010 7986 7995
f 8013 8008 8014
f 8015 8012 8013
f 8017 8013 8014
f 8018 8016 8015
f 8021 8019 8020
f 8015 8022 8018
f 8011 8016 8021
f 8021 7989 8011
f 8023 8014 8008
f 8023 8009 8025
f 8007 8026 8006
f 8026 8004 8006
f 8028 7995 7994
f 8029 8026 8028
f 8030 8027 8031
f 8023 8030 8031
f 7990 7976 7978
f 8033 7982 7977
f 7976 8033 7977
f 8034 8032 8020
f 8035 8020 8019
f 8034 7993 8033
f 7990 8020 8032
f 8036 7992 7993
f 7991 8037 7994
f 7994 8038 8028
f 8039 8037 8036
f 8040 8038 8039
f 8035 8036 8034
f 8039 8042 8040
f 8041 8028 8038
f 8029 8043 8044
f 8045 8047 8043
f 8041 8045 8043
f 8044 8047 8024
f 8024 8031 8044
f 8027 8044 8031
f 8042 8019 8018
f 8022 8042 8018
f 8042 8045 8040
f 8017 8046 8022
f 8014 8047 8017
f 8005 8009 7997
f 8005 8030 8025
f 7506 7943 7942
f 7954 7946 7955
f 7967 7957 7956
f 7960 7967 7956
f 7948 7962 8048
f 7955 7957 7966
f 7641 7979 7943
f 7969 7961 7964
f 7960 7506 7942
f 7362 8050 7436
f 8052 7464 8051
f 8051 7467 8053
f 8054 7600 7604
f 8056 7618 8052
f 7436 8057 7638
f 8049 7361 8056
f 8057 7603 7638
f 8055 7467 7600
f 8058 7604 7603
f 8059 8058 8057
f 8060 8054 8058
f 8061 8055 8054
f 8062 8053 8055
f 8059 8050 8064
f 8064 8049 8065
f 8056 8065 8049
f 8059 8067 8068
f 8069 8071 8072
f 8073 8072 8074
f 8075 8073 8076
f 8077 8075 8076
f 8075 8070 8069
f 8079 8081 8070
f 8082 8070 8081
f 8083 8073 8074
f 8061 8083 8074
f 8061 8084 8062
f 8074 8085 8084
f 8072 8086 8085
f 8077 8083 8068
f 8083 8059 8068
f 8071 8087 8086
f 8088 8085 8086
f 8090 8086 8087
f 8091 8089 8088
f 8094 8092 8093
f 8088 8095 8091
f 8084 8089 8094
f 8094 8062 8084
f 8097 8082 8096
f 8096 8081 8080
f 8077 8098 8078
f 8099 8078 8098
f 8101 8068 8067
f 8102 8098 8101
f 8100 8104 8103
f 8096 8103 8104
f 8075 8100 8079
f 8079 8103 8080
f 8105 8053 8063
f 8066 8052 8106
f 8051 8106 8052
f 8107 8105 8093
f 8108 8093 8092
f 8107 8066 8106
f 8063 8093 8105
f 8109 8065 8066
f 8064 8110 8067
f 8067 8111 8101
f 8112 8110 8109
f 8113 8111 8112
f 8108 8109 8107
f 8112 8115 8113
f 8114 8101 8111
f 8102 8116 8117
f 8118 8120 8116
f 8114 8118 8116
f 8117 8120 8097
f 8097 8104 8117
f 8099 8117 8104
f 8091 8108 8092
f 8095 8115 8091
f 8115 8118 8113
f 8095 8120 8119
f 8087 8120 8090
f 7550 7561 7551
f 7552 7561 7535
f 7931 7539 7542
f 7640 7408 7622
f 7549 7644 7627
f 7525 7544 7641
f 7931 7482 7840
f 7483 7542 7541
f 7626 7405 7487
f 7629 7432 8121
f 7629 7949 7948
f 8122 7949 8121
f 8123 8121 7432
f 8124 7432 7435
f 7434 8125 7435
f 8125 8124 7435
f 8124 7429 8126
f 8123 8126 8127
f 8122 8127 8128
f 7541 7959 8128
f 7404 8129 7531
f 8125 7431 7430
f 7526 7505 7644
f 7626 7541 8128
f 7959 8122 8128
f 7961 8048 7962
f 7629 8048 7545
f 8127 7626 8128
f 7402 8126 7403
f 8129 8126 7429
f 7428 8129 7429
f 7589 7428 7590
f 7471 7366 7606
f 7334 7426 7357
f 7335 7357 7356
f 7616 7446 7445
f 7392 7398 7426
f 7393 7397 7392
f 7342 7394 7393
f 7344 7469 7342
f 7343 7361 7360
f 7360 7344 7343
f 7363 7345 7360
f 7437 7575 7363
f 7582 7437 7639
f 7421 7639 7602
f 7375 7602 7601
f 7599 7375 7601
f 7465 7618 7617
f 7332 7587 7340
f 7447 7335 7445
f 7445 7356 7616
f 7359 7616 7356
f 7636 7442 7359
f 7588 7443 7636
f 7589 7605 7588
f 7590 7606 7589
f 7471 7591 7472
f 7446 7371 7374
f 7371 7372 7374
f 7422 7370 7424
f 7577 7424 7580
f 7536 7580 7533
f 7591 7635 7472
f 7607 7386 7635
f 7543 7494 7527
f 7547 7543 7522
f 7608 7387 7386
f 7387 7416 7385
f 7457 7382 7417
f 7557 7417 7554
f 7559 7554 7553
f 7630 7553 7534
f 7534 7586 7630
f 7466 7337 7599
f 7465 7338 7466
f 7617 7587 7465
f 7341 7617 7343
f 8130 6090 8131
f 6023 8132 8133
f 6182 8133 6784
f 6623 6792 6185
f 6787 6182 6784
f 8134 6696 6787
f 6917 6756 8135
f 6762 7112 6763
f 6762 6184 6759
f 6765 6185 6184
f 6650 6768 6647
f 6772 6916 7259
f 6777 6789 6788
f 6022 6788 8132
f 6756 8134 8135
f 6758 6771 6770
f 6761 6775 7112
f 6769 6621 6766
f 6772 6767 6773
f 6174 6760 6759
f 6187 6178 6670
f 6811 6648 6812
f 6786 6724 6779
f 6791 6918 6885
f 6186 6179 6178
f 6808 8133 8132
f 6884 8135 8134
f 6174 6670 6171
f 6807 6784 8133
f 6791 8132 6788
f 6786 8134 6787
f 6790 6172 6918
f 6649 6792 6650
f 6316 8136 6717
f 8137 6654 8138
f 8139 6601 6160
f 6656 6580 6870
f 6868 8142 6865
f 6316 6711 6313
f 6864 8144 6861
f 6864 8145 6860
f 6868 6869 6710
f 6656 6866 6653
f 8146 8148 8149
f 8139 8151 6640
f 8152 6866 6865
f 8154 8138 6654
f 6874 8156 8157
f 8158 8159 6805
f 8160 6865 8142
f 8161 6313 6711
f 6161 8162 8163
f 8164 6654 6653
f 8153 6653 6866
f 8165 8167 8168
f 8166 8169 8167
f 5989 8170 8169
f 5988 8171 8170
f 8172 6043 6042
f 8174 6032 6035
f 8174 6098 8176
f 8176 6796 8177
f 8177 8178 8179
f 7132 6728 7133
f 6589 8180 7136
f 8180 6004 8181
f 8181 6007 8182
f 6334 6731 6734
f 6079 6645 6731
f 6078 6646 6645
f 6085 8184 6646
f 6091 8185 6093
f 6086 8183 6085
f 6950 7118 7070
f 6952 6992 7127
f 6983 6968 7103
f 6987 7004 7099
f 7001 6979 6978
f 7001 7074 6998
f 7262 7075 7074
f 7264 7127 7075
f 7265 6943 6972
f 7265 6991 6990
f 7266 7070 6991
f 6949 7119 7118
f 7267 6939 7119
f 6983 7099 6940
f 7268 6985 8186
f 7000 8186 6979
f 6938 6985 6984
f 6946 6922 6921
f 6956 6948 6947
f 6971 6928 6927
f 6970 6954 6928
f 6973 6921 6925
f 6977 7263 7105
f 6981 7061 7060
f 6973 7117 6972
f 7097 6979 8186
f 7104 6927 7101
f 6977 7060 6974
f 6976 6944 7263
f 6956 7066 6953
f 6937 8186 6985
f 6938 7101 6935
f 6924 7116 7297
f 6926 7297 7068
f 6930 6962 7304
f 6934 6953 7066
f 6960 6936 6935
f 6963 6928 6954
f 6967 6975 6974
f 7063 7327 7331
f 6959 7096 6936
f 6926 7066 6925
f 7102 7304 7125
f 6967 7331 6964
f 6966 6922 6975
f 7062 7064 7327
f 6963 6932 6961
f 7102 6935 7101
f 7299 7269 8187
f 7301 6932 6931
f 7306 7285 7284
f 7308 6962 6961
f 7315 7284 7309
f 7317 7312 7311
f 7319 6964 7331
f 7322 7297 7116
f 7317 7116 6965
f 7308 7303 7307
f 7326 6958 6957
f 7329 7291 7290
f 7328 7324 7291
f 7301 8187 7302
f 7319 7290 7318
f 7326 7309 7323
f 7272 7321 7275
f 7272 8187 7269
f 7274 7302 8187
f 7281 7307 7303
f 7283 7593 7594
f 7289 7324 7323
f 7293 7330 7294
f 7293 7318 7290
f 7310 7594 7637
f 7314 7595 7320
f 7282 7279 7593
f 7278 7277 7276
f 7314 7270 7311
f 7313 7295 7595
f 7288 7291 7324
f 7289 7637 7286
f 6003 6626 6136
f 6003 7165 6000
f 6690 8189 6691
f 6686 5981 5980
f 6685 6096 5981
f 6687 6806 6096
f 6002 5980 6626
f 6606 5351 5350
f 7164 8190 8191
f 8192 7174 8193
f 6015 8153 8152
f 6189 8155 8154
f 8157 6284 6283
f 6332 8152 8160
f 6593 6317 8161
f 6658 8154 8164
f 6014 8164 8153
f 6332 7131 6333
f 6805 6321 6052
f 6146 8162 6625
f 6607 8195 6604
f 8196 6125 8197
f 8198 7168 8199
f 8199 6633 8200
f 7177 8201 7178
f 8202 8204 8205
f 7208 7185 7205
f 7237 7186 7208
f 6819 7230 7237
f 6818 6824 6819
f 8206 6821 6818
f 8207 8135 8208
f 6917 8209 6916
f 8209 7259 6916
f 8210 6647 7259
f 6812 8212 7258
f 6809 7258 7257
f 6809 8213 6113
f 6113 8214 6110
f 7235 6110 8214
f 7223 7234 6147
f 6147 8215 6148
f 6148 8216 6153
f 8218 6158 8217
f 8219 6116 6119
f 6284 6116 6285
f 6188 8156 8155
f 8155 6873 8138
f 8138 6872 8137
f 8137 8148 6581
f 6193 6281 6190
f 6190 6278 6195
f 8220 8222 8223
f 8224 7139 7138
f 6223 8226 8227
f 6237 8228 8229
f 6238 8227 8230
f 6249 8231 8232
f 6253 8233 8234
f 6236 8221 8228
f 6331 8230 8235
f 6252 8236 8233
f 6222 8229 8226
f 6828 8237 8238
f 6280 8240 8241
f 8208 6883 8206
f 6648 8211 8212
f 6143 8242 8243
f 6624 8244 8242
f 8245 8247 8248
f 8249 8251 8252
f 7195 8254 7196
f 7214 8253 7195
f 8256 7214 7213
f 7243 8257 7244
f 7210 8257 7211
f 8259 6102 8260
f 8261 6121 8262
f 8178 8263 8179
f 7132 8264 8263
f 6797 8265 8264
f 6135 8266 8265
f 6134 8267 8266
f 6151 8268 8267
f 6154 8270 8268
f 8269 8272 8270
f 7194 8273 8274
f 7193 8275 8273
f 8249 8260 8276
f 8248 8278 8245
f 6129 8279 8280
f 7169 8197 6125
f 8198 8192 8197
f 7171 7175 7173
f 6589 7129 6587
f 6801 6040 7129
f 6037 6041 6040
f 6036 6659 6041
f 6131 6118 6659
f 6156 6119 6118
f 8218 6119 6155
f 8219 6815 6642
f 7191 6641 6814
f 8246 7189 7191
f 8245 8281 8282
f 8280 6288 6287
f 6125 7170 7169
f 6288 6602 6123
f 6126 6604 8195
f 8196 6605 6604
f 7174 6691 8189
f 6691 6139 6692
f 7171 8283 7172
f 7172 8284 6142
f 6139 8284 6692
f 8285 8287 8288
f 8211 8289 8286
f 8290 8292 8289
f 8293 8291 8290
f 8293 8208 8295
f 8296 8298 8295
f 6818 8296 8206
f 8285 7258 8212
f 7243 7212 7211
f 7243 8300 8299
f 8301 6739 6738
f 8302 7213 7247
f 8303 7247 6168
f 8304 6168 6167
f 6738 8297 8301
f 8288 6167 6170
f 8304 8291 8305
f 8305 8294 6737
f 6737 8306 8305
f 6736 8307 8306
f 8243 8308 8309
f 8242 8282 8308
f 8247 7191 7190
f 7196 8251 7192
f 8253 8311 8254
f 8255 8310 8253
f 8313 8255 8256
f 7244 8313 8307
f 8313 8258 8312
f 8312 8314 8310
f 8315 8310 8314
f 8311 8316 8252
f 8282 8317 8308
f 8308 8261 8309
f 8309 8262 8318
f 8248 8275 8276
f 8282 8246 8245
f 8307 8256 8302
f 8306 8302 8303
f 8305 8303 8304
f 8298 6737 8294
f 8287 8304 6167
f 7253 7199 7198
f 8319 6028 7199
f 8320 6029 6028
f 8321 7184 6029
f 8322 7185 7184
f 8203 7205 7185
f 8202 7206 7205
f 7239 7210 7209
f 7251 8319 7253
f 7227 8320 8319
f 7217 8321 8320
f 7216 8322 8321
f 7236 8203 8322
f 6175 8200 7204
f 7165 8191 6177
f 6137 7166 6138
f 6200 8283 6137
f 6199 8284 8283
f 8284 6205 6692
f 6205 6689 6692
f 6689 5485 3833
f 7009 8323 7107
f 7013 7021 7020
f 7017 7029 7028
f 7013 7110 7010
f 7073 7084 7089
f 7081 7093 7092
f 7082 7028 7025
f 7088 6995 6994
f 7088 7057 7085
f 7122 7043 7042
f 7124 7024 7126
f 7082 7024 7123
f 7009 7042 7006
f 7012 7126 7021
f 7115 7015 7057
f 7008 7058 8323
f 7081 7120 7078
f 7073 7079 7071
f 6997 7076 7113
f 7023 6942 6941
f 7027 7069 7038
f 7031 6989 6988
f 7079 7033 7032
f 7037 7107 8323
f 7027 7126 7024
f 7041 7029 7114
f 7026 6988 7069
f 7100 6941 7098
f 7108 7002 7019
f 7100 8323 7058
f 6997 7114 6994
f 7022 7039 6942
f 7111 7033 7255
f 7035 7260 7032
f 7261 6996 7260
f 7108 7120 7106
f 7245 8258 7210
f 7246 8314 7245
f 7181 8316 7182
f 8277 6129 8278
f 8278 8280 8281
f 6287 8281 8280
f 6122 8317 6287
f 5487 6144 5488
f 5489 6162 5490
f 6637 8325 8326
f 8326 8225 8224
f 5494 8225 5495
f 6160 8150 8139
f 5496 8151 5497
f 8163 6162 6161
f 6146 8327 8163
f 8243 6144 6143
f 8328 8309 8318
f 8318 5501 5500
f 8262 5502 5501
f 8329 8331 8332
f 8333 8335 8336
f 8338 6007 8337
f 8329 8339 8340
f 8341 6734 8330
f 6006 8337 6007
f 8342 6804 6800
f 6065 8339 8343
f 5995 8341 8340
f 6918 6166 6165
f 7221 6166 6880
f 6172 6880 6166
f 8344 5955 6713
f 5519 5975 5520
f 6806 8346 6695
f 6646 8347 6643
f 8165 8349 6323
f 6322 8131 6090
f 8345 6688 8351
f 6695 5975 5974
f 5976 5528 6713
f 5529 8131 5530
f 6643 8352 8168
f 8183 5532 8184
f 5534 8130 5529
f 6730 5533 8183
f 8351 6093 8185
f 5535 6594 3856
f 8353 6652 6651
f 8354 8355 8356
f 8357 6825 6202
f 8359 6202 6201
f 6224 8356 8360
f 6275 8362 6276
f 6201 7143 8359
f 7146 8359 7143
f 8357 8363 8364
f 8355 8366 8367
f 8361 8368 8362
f 8356 8367 8369
f 8370 8372 7142
f 8220 7145 8374
f 6275 6228 6231
f 5558 6228 6274
f 8375 8367 8366
f 8362 8376 8377
f 8378 8380 8381
f 8363 8382 8383
f 8384 8381 8385
f 8382 8386 8385
f 8383 8364 8363
f 6226 6231 6230
f 6231 8361 6275
f 6636 8389 8379
f 6635 8388 6636
f 8390 5576 5575
f 8379 6232 6636
f 8378 6233 6232
f 8384 8371 6233
f 8372 8393 7141
f 7138 8239 8224
f 8224 8394 8326
f 8146 8394 6282
f 6638 8326 8394
f 6340 6299 6298
f 6747 6577 6576
f 6344 6346 6345
f 6342 6355 6303
f 6353 6349 6297
f 6337 6369 8395
f 6360 6328 6327
f 6358 6386 6385
f 6364 6293 6295
f 6362 6376 6373
f 6366 6297 6296
f 6350 6372 6370
f 6533 6303 6302
f 6534 6346 6343
f 6744 6533 6302
f 6536 6747 6576
f 6357 6894 6386
f 6341 6832 6355
f 6839 6292 6291
f 6837 6380 6379
f 6838 6354 6292
f 6361 6377 6376
f 6363 6296 6293
f 6365 6373 6372
f 6359 6291 6328
f 6836 6385 6380
f 6481 6902 6544
f 6484 6501 6500
f 6477 6487 6474
f 6849 6492 6491
f 6494 6467 6466
f 6547 6544 6543
f 6750 6546 6547
f 6494 6751 6750
f 6843 6500 6846
f 6845 6575 6843
f 6489 6847 6853
f 6474 6491 6490
f 6483 6906 6501
f 6493 6465 6490
f 6471 6544 6902
f 6472 6485 6473
f 6476 6461 6460
f 6470 6542 6545
f 6570 6569 6749
f 6495 6463 6493
f 6475 6462 6461
f 6572 6477 6476
f 6574 6457 6456
f 6569 6543 6545
f 6575 6473 6485
f 6471 6901 6448
f 6469 6508 6513
f 6498 6479 6478
f 6503 6518 6517
f 6489 6505 6486
f 6467 6509 6468
f 6546 6498 6478
f 6549 6752 6753
f 6752 6466 6469
f 6503 6846 6500
f 6850 6844 6846
f 6507 6852 6525
f 6486 6509 6849
f 6502 6909 6518
f 6858 6664 6307
f 8396 6611 6610
f 6833 6324 6216
f 8399 6825 8400
f 6831 8401 8402
f 6707 6826 8399
f 8398 6890 6324
f 6858 8404 6554
f 8405 6610 6876
f 6830 6553 8401
f 8397 6911 6611
f 8400 8358 8365
f 8358 8364 8406
f 8406 8387 8407
f 8389 8380 8379
f 8389 8409 8377
f 8388 8410 8409
f 5575 8410 8390
f 6665 8411 6875
f 8412 6720 6721
f 8413 5601 6720
f 8411 8413 8412
f 6262 6290 6263
f 5602 8414 5604
f 6599 3735 5605
f 7141 7142 8372
f 8393 8241 8240
f 8227 7147 7151
f 8229 8374 7148
f 8230 7151 7153
f 8232 8415 8416
f 8234 8417 8418
f 8221 8374 8228
f 8235 7153 8419
f 8233 8420 8417
f 8226 7148 7147
f 8238 8421 8422
f 7141 8240 7138
f 6581 6655 8137
f 6640 8140 8139
f 6710 8141 6868
f 6717 6712 6316
f 6860 8143 6864
f 6870 6867 6656
f 6717 6726 6714
f 6870 6192 6115
f 6860 6050 6059
f 6710 6025 6024
f 6639 6871 8140
f 6640 8324 6637
f 6581 8147 6193
f 5615 6234 8370
f 7144 8374 7145
f 7144 6210 7149
f 7150 6210 6209
f 7152 6209 6329
f 7152 8419 7153
f 7154 8421 8419
f 7158 8415 8422
f 7160 8420 8416
f 7162 8418 8417
f 7161 5616 8418
f 8370 6233 8371
f 8373 7146 7145
f 8392 8386 8223
f 8391 8372 8371
f 5617 6713 5528
f 5973 3355 5972
f 8345 5619 8346
f 3880 6910 5621
f 8351 5620 8345
f 8346 5520 5975
f 5621 6911 5623
f 5622 8185 5534
f 8150 5497 8151
f 8423 8425 8426
f 8427 6519 8428
f 8429 8431 8432
f 6523 8433 6526
f 8434 8436 8437
f 8438 8434 8439
f 8438 6511 6528
f 8441 8424 8423
f 8427 8430 8429
f 8444 8445 8446
f 8447 8424 8448
f 8449 8444 8450
f 8451 8430 8452
f 8453 8454 8455
f 8456 8437 8453
f 8439 8456 8457
f 8448 8442 8458
f 8452 8443 8449
f 8425 8459 8446
f 8460 8462 8463
f 8464 8466 8467
f 8468 8470 8471
f 8472 8474 8475
f 8476 8478 8479
f 8480 8482 8483
f 8484 8486 8487
f 8485 8489 8486
f 8490 8481 8480
f 8492 8494 8495
f 8495 8496 8497
f 8498 8500 8501
f 8502 8500 8503
f 8504 8506 8507
f 8508 8510 8511
f 8513 8511 8512
f 8507 8514 8515
f 8516 8518 8519
f 8520 8516 8521
f 8522 8524 8525
f 8526 8522 8525
f 8528 8530 8531
f 8532 8529 8533
f 8534 8536 8537
f 8538 8534 8537
f 8464 8481 8465
f 8483 8541 8480
f 8542 8484 8467
f 8487 8540 8483
f 8488 8542 8544
f 8545 8486 8489
f 8481 8466 8465
f 8547 8489 8490
f 8548 8493 8471
f 8549 8502 8492
f 8551 8494 8548
f 8497 8552 8495
f 8469 8499 8470
f 8547 8497 8498
f 8469 8503 8500
f 8501 8550 8545
f 8460 8507 8461
f 8552 8506 8505
f 8554 8510 8463
f 8549 8505 8509
f 8554 8512 8511
f 8513 8550 8508
f 8461 8515 8462
f 8557 8513 8514
f 8558 8519 8479
f 8559 8527 8518
f 8521 8558 8561
f 8553 8517 8520
f 8477 8524 8478
f 8520 8557 8553
f 8476 8525 8477
f 8527 8556 8522
f 8563 8528 8475
f 8564 8531 8565
f 8533 8563 8566
f 8562 8530 8532
f 8473 8536 8474
f 8559 8532 8535
f 8472 8537 8473
f 8560 8539 8564
f 8463 8555 8554
f 8544 8467 8466
f 8470 8548 8471
f 8475 8566 8563
f 8479 8561 8558
f 8484 8483 8482
f 8490 8488 8491
f 8503 8492 8502
f 8498 8496 8499
f 8504 8509 8505
f 8515 8513 8512
f 8519 8527 8526
f 8521 8523 8520
f 8528 8539 8538
f 8533 8535 8532
f 8467 8482 8464
f 8487 8546 8543
f 8544 8491 8488
f 8480 8547 8490
f 8493 8468 8471
f 8495 8549 8492
f 8551 8499 8496
f 8501 8547 8498
f 8460 8510 8504
f 8508 8549 8509
f 8555 8515 8512
f 8506 8557 8514
f 8519 8476 8479
f 8517 8559 8518
f 8561 8524 8521
f 8522 8557 8523
f 8475 8538 8472
f 8567 8531 8530
f 8566 8536 8533
f 8560 8535 8534
f 8442 8568 8569
f 6512 8568 6754
f 8570 8571 8572
f 8426 6514 8423
f 8428 8443 8427
f 6522 8432 6523
f 8437 8433 8454
f 6524 8435 6527
f 6528 8435 8438
f 8423 6550 8441
f 8429 6516 8427
f 6515 8445 6908
f 8441 6754 8568
f 8570 8569 8568
f 8440 6512 6511
f 8569 8458 8442
f 8574 8572 8571
f 8572 8573 8569
f 8453 8577 8456
f 8576 8455 8578
f 8452 8580 8451
f 8573 8582 8458
f 8575 8581 8573
f 8584 8575 8574
f 8571 8457 8574
f 8439 8440 8438
f 8585 8587 8588
f 8587 8590 8588
f 8589 8592 8590
f 8591 8594 8592
f 8593 8596 8594
f 8595 8598 8596
f 8599 8586 8585
f 8601 8600 8599
f 8603 8602 8601
f 8605 8598 8597
f 8607 8604 8603
f 8609 8608 8607
f 8611 8610 8609
f 8606 8612 8611
f 8613 8589 8587
f 8614 8591 8589
f 8615 8593 8591
f 8616 8595 8593
f 8617 8597 8595
f 8619 8617 8616
f 8620 8618 8617
f 8620 8623 8621
f 8624 8626 8627
f 8626 8622 8627
f 8620 8628 8622
f 8622 8629 8627
f 8627 8630 8624
f 8632 8634 8631
f 8636 8633 8635
f 8637 8636 8635
f 8639 8632 8640
f 8633 8641 8635
f 8635 8642 8637
f 8642 8644 8637
f 8645 8637 8644
f 8586 8613 8587
f 8600 8646 8586
f 8616 8648 8619
f 8615 8649 8648
f 8613 8649 8614
f 8651 8613 8646
f 8647 8651 8646
f 8652 8654 8651
f 8602 8647 8600
f 8655 8652 8647
f 8656 8653 8652
f 8653 8659 8654
f 8658 8661 8659
f 8644 8663 8645
f 8664 8662 8665
f 8661 8666 8659
f 8666 8654 8659
f 8667 8651 8654
f 8668 8597 8618
f 8669 8618 8621
f 8670 8621 8623
f 8671 8623 8626
f 8671 8625 8672
f 8625 8673 8672
f 8636 8675 8634
f 8638 8674 8636
f 8645 8676 8638
f 8645 8678 8677
f 8679 8660 8658
f 8657 8658 8653
f 8583 8648 8649
f 8650 8583 8649
f 8667 8581 8650
f 8666 8582 8667
f 8664 8681 8666
f 8682 8665 8683
f 8684 8643 8642
f 8684 8641 8579
f 8639 8579 8641
f 8580 8640 8578
f 8629 8576 8630
f 8604 8655 8602
f 8608 8686 8604
f 8610 8687 8608
f 8612 8688 8610
f 8605 8689 8612
f 8690 8668 8669
f 8691 8689 8690
f 8692 8688 8691
f 8693 8687 8692
f 8656 8686 8693
f 8694 8669 8670
f 8695 8690 8694
f 8696 8691 8695
f 8697 8692 8696
f 8657 8693 8697
f 8697 8679 8657
f 8696 8698 8697
f 8696 8700 8699
f 8694 8700 8695
f 8670 8701 8694
f 8702 8671 8672
f 8701 8703 8700
f 8703 8699 8700
f 8699 8705 8698
f 8698 8680 8679
f 8672 8706 8702
f 8675 8707 8708
f 8674 8709 8707
f 8709 8677 8710
f 8677 8711 8710
f 8712 8710 8711
f 8702 8714 8703
f 8713 8714 8715
f 8707 8716 8717
f 8717 8713 8715
f 8710 8716 8709
f 8708 8717 8715
f 8546 8599 8543
f 8546 8603 8601
f 8550 8603 8545
f 8556 8607 8550
f 8560 8609 8556
f 8564 8611 8560
f 8565 8606 8564
f 8565 8596 8598
f 8567 8594 8596
f 8562 8592 8594
f 8553 8590 8592
f 8590 8541 8588
f 8540 8588 8541
f 8543 8585 8540
f 8684 8450 8685
f 8579 8449 8684
f 8682 8448 8681
f 8447 8683 8459
f 8681 8458 8582
f 8628 8619 8718
f 8584 8619 8648
f 8628 8577 8629
f 8457 8577 8718
f 8574 8718 8584
f 7134 6919 7135
f 6164 6919 6783
f 5485 6609 5921
f 3832 8188 6690
f 5921 6221 3354
f 5922 7128 6607
f 6439 8720 6440
f 8720 6570 6749
f 6570 8721 6464
f 6439 8721 8719
f 6727 6057 6312
f 6312 6073 6247
f 6828 6073 6072
f 6877 6267 6745
f 6745 6299 6744
f 6891 6305 6889
f 6338 6746 6339
f 6438 6410 6435
f 6412 6440 6748
f 6564 6424 6565
f 6842 6577 8395
f 6889 6829 7156
f 6579 6564 6563
f 6435 6565 6424
f 8722 6306 6891
f 8723 6058 6727
f 6269 6878 6879
f 7160 6829 6598
f 8724 8143 8725
f 8238 6248 6828
f 6339 6744 6299
f 8395 6338 6337
f 6879 8404 8726
f 8422 8231 8238
f 8725 6859 8723
f 8416 7157 7160
f 6059 6049 6056
f 6330 6049 6048
f 7156 6259 6889
f 6269 6264 6266
f 6297 6264 6241
f 6340 6351 6337
f 6368 8395 6369
f 6422 6559 6423
f 6436 6404 6437
f 6447 6438 6437
f 6424 6436 6435
f 6331 6099 6330
f 6422 6842 6368
f 8722 6856 8726
f 8141 6862 8142
f 6265 6617 6242
f 6324 6259 6258
f 7158 6260 7156
f 6709 6863 8141
f 8235 6827 6331
f 6298 6352 6340
f 6370 6351 6350
f 6891 8403 8722
f 8419 8237 8235
f 6051 8145 6709
f 8422 7155 7158
f 8721 6446 6464
f 6748 8720 6749
f 8727 6011 8194
f 8158 8144 8724
f 6009 6861 8144
f 6008 6862 6861
f 8142 8727 8160
f 6554 6893 6858
f 6833 6708 8398
f 6708 8403 8398
f 5623 6892 4042
f 8406 8365 8358
f 8407 8366 8406
f 8377 8408 8389
f 8397 6530 6529
f 6651 8400 8353
f 8402 6616 6615
f 6618 8399 6651
f 6554 6878 6551
f 8396 6854 6530
f 8401 6552 6616
f 6892 6529 6743
f 8353 8365 8355
f 8377 6276 8362
f 8409 6277 6276
f 8410 5932 6277
f 8726 6857 8722
f 8726 6855 6879
f 7234 6106 8215
f 8279 6127 6288
f 8354 6227 6652
f 6246 6619 6289
f 8239 6282 8394
f 8162 6286 6625
f 6292 6246 6289
f 6382 6377 6379
f 6392 6396 6393
f 6396 6427 6428
f 6398 6443 6459
f 6459 6458 6460
f 6525 6523 6526
f 6558 6271 6555
f 6429 6560 6561
f 6460 6572 6476
f 6272 3736 3735
f 7128 6602 8195
f 6227 6244 6652
f 7180 6634 6103
f 6642 6285 8219
f 6356 6740 6614
f 6816 8218 8217
f 6820 8301 6817
f 6355 6741 6356
f 6344 6834 6341
f 6364 6840 6361
f 6375 6560 6415
f 6848 6488 6477
f 6853 6506 6489
f 6530 6740 6531
f 8140 6874 6601
f 6555 6831 6876
f 8215 6881 8216
f 6348 6894 6345
f 6383 6896 6417
f 6433 6896 6420
f 6432 6898 6390
f 6406 6898 6407
f 6900 6387 6899
f 6900 6448 6901
f 6472 6903 6482
f 6480 6903 6902
f 6497 6906 6479
f 6908 6518 6909
f 4280 6120 6603
f 6100 7170 6128
f 6632 7188 8201
f 7235 7201 7200
f 7206 7212 7207
f 8213 7232 7231
f 8214 7231 7201
f 6108 7200 7203
f 7238 8300 6820
f 7207 8299 7238
f 8205 7240 8202
f 6170 7232 7256
f 6638 8149 6639
f 6601 8157 6600
f 6600 6283 8162
f 8392 8222 8393
f 6278 8241 6279
f 6816 8274 6813
f 6642 6814 6641
f 6128 6124 8279
f 8195 6127 6126
f 8212 8286 8285
f 8292 8286 8289
f 8290 8210 8209
f 8207 8290 8209
f 8294 8295 8298
f 8206 8295 8208
f 6817 8297 8296
f 8288 7256 8285
f 7209 7240 7239
f 6225 8360 8361
f 8369 8360 8356
f 8375 8368 8369
f 8381 8387 8383
f 8385 8383 8382
f 8385 8391 8384
f 8147 6282 6281
f 6345 6835 6344
f 6327 6834 6360
f 6295 6841 6364
f 6379 6840 6837
f 6853 6845 6844
f 6479 6905 6480
f 6848 6571 6573
f 6452 6904 6472
f 6525 6851 6520
f 6496 6907 6497
f 8402 6876 6831
f 8408 8387 8380
f 6279 8222 8221
f 6872 8149 8148
f 8223 8373 8220
f 6526 8436 6524
f 8446 8426 8425
f 8455 8431 8451
f 8446 8450 8444
f 8454 8432 8431
f 6908 8428 6519
f 8578 8451 8580
f 8632 8625 8624
f 8640 8624 8630
f 8660 8662 8661
f 8662 8643 8665
f 8675 8631 8634
f 8680 8663 8660
f 8683 8643 8685
f 8578 8630 8576
f 8673 8708 8706
f 8678 8705 8711
f 8711 8704 8712
f 8706 8715 8714
f 8703 8712 8704
f 8459 8685 8450
f 8407 8376 8375
f 6615 8405 8402
f 5993 6335 5994
f 6060 6018 5991
f 5993 6081 6080
f 6105 6176 6702
f 6177 6000 7165
f 6309 6310 6251
f 8725 6314 8724
f 8724 6318 8158
f 6321 6053 6052
f 6249 6310 6247
f 6596 6257 6597
f 8188 6605 8189
f 5986 6682 6060
f 6714 6311 6309
f 6047 6086 6081
f 6875 6304 6665
f 6001 6912 5983
f 7162 6597 6257
f 7254 6912 6704
f 6684 7163 7254
f 8723 6315 8725
f 6592 6318 6317
f 8332 8171 8728
f 6607 5350 5922
f 8191 8198 8199
f 8197 8193 8196
f 8159 6319 6321
f 8232 6595 6249
f 8192 7173 7175
f 8189 8193 7174
f 6177 8199 6175
f 6733 8330 6734
f 8340 8330 8329
f 8341 6335 6334
f 8412 6875 8411
f 8414 6273 6599
f 8416 8236 8232
f 6727 8136 8723
f 8417 7159 7162
f 6277 5558 6274
f 5935 6635 6235
f 5991 6061 6060
f 6019 6682 6681
f 5999 6033 5996
f 6045 6677 6680
f 6055 6083 7130
f 5995 6063 5992
f 6084 6053 6046
f 6088 5989 8166
f 6063 6046 5992
f 6066 6034 5999
f 6103 7181 7180
f 6673 6133 6132
f 6149 6153 6152
f 6323 8166 8165
f 6585 6083 6082
f 6630 6702 6176
f 6634 7168 7167
f 6676 6152 6133
f 6703 6628 7248
f 6796 6728 8178
f 6069 6097 6066
f 6132 6674 6673
f 6803 6800 6804
f 6011 6055 7130
f 6799 6582 6585
f 7194 6881 6882
f 7131 6583 6333
f 6798 6913 6674
f 7179 8204 7236
f 7183 7246 7242
f 7188 7242 7241
f 6109 7192 6882
f 7204 6176 6175
f 7219 6628 6627
f 7218 7248 6628
f 7179 6627 7176
f 7250 6704 6703
f 7228 7249 7248
f 6678 7249 6679
f 5997 7251 5998
f 8168 6644 6643
f 8167 6732 6644
f 8169 6733 6732
f 8170 8331 6733
f 8336 8173 8172
f 8182 8175 8174
f 8182 8176 8181
f 8181 8177 8180
f 8180 8179 7136
f 7133 6590 6913
f 7130 8194 6011
f 8200 6632 7177
f 7178 8205 8204
f 8269 6153 8216
f 8254 8252 8251
f 8260 6101 8277
f 8179 6802 7136
f 8263 6038 6802
f 8264 6039 6038
f 8265 6130 6039
f 8266 6157 6130
f 8267 6158 6157
f 8268 8217 6158
f 8270 6816 8217
f 6813 8273 7190
f 8273 8247 7190
f 8276 8277 8248
f 7192 8250 7193
f 8252 8259 8249
f 8276 8250 8249
f 7204 7177 7176
f 7182 8315 7246
f 8343 8334 8333
f 8333 8342 8343
f 8343 6800 6065
f 8340 6064 5995
f 6323 8350 6322
f 8168 8348 8165
f 8349 5936 8350
f 8352 5938 8348
f 6103 7167 6100
f 8271 8216 6881
f 8201 7241 8205
f 8274 8271 7194
f 5991 6017 5988
f 8728 6017 6016
f 5997 6680 6679
f 5996 6045 6680
f 6033 6042 6045
f 6042 8175 8172
f 8172 8338 8336
f 8336 8337 8333
f 6684 6677 6681
f 6681 6044 6019
f 6019 6043 6016
f 6016 8173 8728
f 8728 8335 8332
f 8332 8334 8329
f 8194 8160 8727
f 6805 6009 8158
f 5940 7137 6719
f 8324 5942 8325
f 8325 5495 8225
f 6253 4292 6250
f 7137 5944 6715
f 8348 5937 8349
f 8350 5530 8131
f 5624 6159 5489
f 6718 5940 6719
f 8327 5490 6162
f 8347 5939 8352
f 5933 6121 6120
f 8184 5946 8347
f 7142 5615 8370
f 6145 5945 8327
f 8234 5943 6253
f 8328 5488 6144
f 8318 5948 8328
f 7139 4299 7140
f 8418 5947 8234
f 5604 6599 5605
f 5949 6712 6716
f 5944 6716 6715
f 6720 5950 6255
f 6255 4322 6256
f 5614 6235 6234
f 6711 5951 8161
f 8161 3857 6593
f 5973 2965 3013
f 2965 5963 222
f 222 5960 223
f 223 5958 3186
f 5958 3185 3186
f 5957 2977 3185
f 5970 1213 2977
f 5967 1214 1213
f 2532 5966 5953
f 2894 5953 5952
f 2871 5952 8344
f 5510 5721 5509
f 5822 5824 5823
f 3511 3844 3735
f 3887 3889 3888
f 3876 3878 3877
f 3356 3911 3909
f 3372 3390 3391
f 3849 3851 3850
f 3481 3867 3866
f 3873 3385 3382
f 3875 3450 3452
f 3915 3865 3862
f 3657 3671 3656
f 5618 3013 2152
f 1997 1889 1892
f 1237 744 855
f 1535 120 121
f 1531 201 214
f 1119 1032 984
f 946 824 947
f 163 5 162
f 9041 9175 9193
f 1155 1162 1164
f 427 327 424
f 553 796 498
f 8732 2231 2237
f 8732 2230 2232
f 2237 3180 8732
f 8734 8736 8733
f 8735 8738 8736
f 8737 8740 8738
f 8739 8742 8740
f 8743 8745 8746
f 8746 8747 8748
f 8749 8748 8747
f 8751 8750 8749
f 8754 8756 8753
f 8757 8755 8754
f 8759 8758 8757
f 8761 8760 8759
f 8763 8762 8761
f 8766 8749 8765
f 8765 8747 8767
f 8767 8745 8768
f 8768 8744 8769
f 8744 8771 8769
f 8770 8772 8771
f 8741 8773 8772
f 8739 8774 8773
f 8737 8775 8774
f 8735 8776 8775
f 8776 8777 3184
f 2904 8779 2947
f 8780 2904 2902
f 8781 2902 2876
f 2875 8781 2876
f 8783 2733 2736
f 2825 8786 2824
f 8788 8790 8787
f 8792 8787 8791
f 2724 8785 2825
f 8787 3115 3117
f 8791 3117 3119
f 8794 8765 8793
f 8793 8767 8795
f 8795 8768 8796
f 8796 8769 8797
f 8797 8771 8798
f 8771 8799 8798
f 8772 8800 8799
f 8773 8801 8800
f 8774 8802 8801
f 8775 8803 8802
f 8776 3056 8803
f 8802 2253 2252
f 8801 2252 1727
f 8800 1727 2150
f 8799 2150 1941
f 8804 8799 1941
f 8805 8798 8804
f 8806 8797 8805
f 8807 8796 8806
f 8793 8807 8808
f 8794 8808 8809
f 8810 8809 8808
f 8808 8806 8810
f 8810 8805 8812
f 8813 8810 8812
f 8812 8804 8814
f 8815 8812 8814
f 8814 1941 1360
f 8755 8752 8756
f 8758 8750 8755
f 8760 8748 8758
f 8762 8746 8760
f 8816 8764 8763
f 8818 8820 8817
f 8816 8782 8784
f 8821 8817 8816
f 8789 8783 8786
f 8818 8789 8788
f 8819 8788 8792
f 8822 8819 8823
f 8823 8792 8824
f 8824 8791 2712
f 2712 3119 3128
f 8826 8823 8825
f 8825 8824 8827
f 8827 2712 2711
f 8828 2711 2400
f 8829 8827 8828
f 8830 8825 8829
f 8743 8764 8831
f 8817 8831 8764
f 8770 8743 8831
f 8741 8831 8742
f 8820 8742 8831
f 8740 8822 8826
f 8738 8826 8830
f 8736 8830 8832
f 8833 2400 2402
f 8834 8828 8833
f 8832 8829 8834
f 8835 2402 2707
f 3058 2707 2708
f 3061 8835 3058
f 8836 8833 8835
f 8733 8832 8837
f 8837 8834 8836
f 8777 8733 8838
f 8838 8837 1962
f 8837 3061 1962
f 1961 8838 1962
f 3057 8777 8838
f 8779 8753 8839
f 8778 8754 8779
f 8780 8757 8778
f 8781 8759 8780
f 8782 8761 8781
f 8821 8784 8783
f 8785 8789 8786
f 2723 8790 8785
f 2875 8784 8782
f 2736 8786 8783
f 2947 8839 8944
f 8815 1360 8941
f 1900 1924 1901
f 1736 1718 1750
f 1955 1943 1956
f 1671 1735 1751
f 1696 1698 1692
f 1800 1864 1801
f 2063 2056 2060
f 1737 1717 1736
f 1751 1697 1695
f 943 9351 684
f 9108 8753 9057
f 1577 1764 1703
f 9369 1599 9375
f 1945 82 1944
f 68 7 248
f 147 1543 148
f 1109 1133 1102
f 1503 1907 1908
f 1499 1909 1498
f 452 735 215
f 1824 9287 9297
f 1825 2068 1824
f 1463 1022 1194
f 841 1009 1011
f 1568 1955 1534
f 1926 1927 1923
f 1910 1502 1939
f 1939 422 442
f 309 1940 308
f 1804 1866 1803
f 269 1954 56
f 2065 2060 2056
f 9264 1758 9287
f 280 552 1940
f 1875 1869 1874
f 1739 1734 1737
f 5923 5899 5924
f 1778 1790 1788
f 310 1915 279
f 1909 1906 1954
f 1789 1778 1788
f 978 980 979
f 1584 1731 1583
f 425 311 312
f 148 115 116
f 2044 9346 2046
f 277 1939 551
f 1943 1945 1944
f 1461 1463 1464
f 2253 3056 3055
f 2981 8927 958
f 2209 8927 3055
f 2254 3055 8927
f 2998 958 8927
f 2826 2721 2724
f 8928 2721 2817
f 2816 8928 2817
f 2334 2296 2335
f 2298 2334 2336
f 2301 2336 2338
f 2311 2338 2354
f 2312 2354 2355
f 2359 2361 2360
f 2335 2359 2360
f 2414 2365 2364
f 2413 2361 2365
f 2355 2540 2541
f 2541 2539 2542
f 2722 2739 2738
f 3114 2738 3113
f 3110 3121 3120
f 3108 3120 3113
f 3122 3127 3126
f 3112 3126 3121
f 3127 1753 3135
f 3139 2529 2542
f 9196 3133 3139
f 8928 2740 2739
f 8929 2789 8928
f 228 91 88
f 245 243 242
f 248 247 191
f 2 296 295
f 145 300 267
f 327 210 328
f 329 331 330
f 250 228 236
f 239 240 230
f 373 375 374
f 178 176 175
f 1218 1228 1321
f 9314 1295 9306
f 808 824 823
f 9310 1013 1014
f 9265 1411 1413
f 2154 2159 2160
f 9297 1758 1757
f 306 1922 452
f 2157 1976 1977
f 708 2031 1474
f 1450 1227 1428
f 1672 1605 1624
f 1813 1821 1816
f 1717 1715 1718
f 176 402 347
f 1710 9368 9367
f 1712 1577 1711
f 1705 1711 1704
f 3435 3475 3434
f 971 979 970
f 822 1094 1102
f 2909 2793 2792
f 2810 2795 2793
f 2799 2249 2800
f 9114 2910 2799
f 2769 2801 2795
f 3177 3178 3179
f 3178 3180 3179
f 3181 1393 2800
f 3181 1632 3182
f 3182 2244 3183
f 3183 2243 3180
f 8932 2790 8929
f 2808 8929 2816
f 2239 9016 2240
f 1149 9015 9014
f 1150 9011 9015
f 2202 9010 2015
f 2921 9009 2923
f 9012 2133 2928
f 1777 1759 1792
f 1201 1183 1184
f 9005 2195 2194
f 8997 2770 2768
f 9379 1687 1692
f 1516 154 503
f 8993 2974 2803
f 8994 2779 2778
f 2771 9019 8990
f 3070 8990 9002
f 8991 2775 2867
f 1376 1370 1372
f 2767 9000 2206
f 2195 8987 2767
f 2775 8986 2776
f 8344 8989 2871
f 9256 8983 2806
f 2776 8982 2805
f 2240 8979 2920
f 2920 9121 9071
f 8992 2786 2779
f 1805 1851 1804
f 8978 2787 2786
f 2951 8984 8975
f 2772 8975 9019
f 2973 8974 8980
f 2224 8981 8974
f 1957 320 510
f 306 304 303
f 2770 8972 2913
f 2913 9018 2239
f 2923 8971 2922
f 308 431 47
f 207 132 543
f 1879 1881 1880
f 9185 8969 2089
f 2475 9002 8968
f 2476 8968 8967
f 2223 8967 8981
f 8966 2803 2802
f 2037 11 1950
f 1959 450 505
f 2003 8964 2129
f 9 334 540
f 2009 8962 9011
f 2008 8980 8962
f 9329 673 9331
f 8959 2778 2784
f 2935 8957 2936
f 111 9014 8955
f 3238 3341 3237
f 8954 2935 2938
f 683 9337 943
f 8952 2810 2909
f 736 732 729
f 1795 1803 1796
f 8949 2938 2939
f 8951 2939 2940
f 2950 8948 2949
f 2940 8948 8951
f 9253 8956 2950
f 2868 8946 2869
f 2869 8966 2802
f 1024 1023 1020
f 8944 2948 2947
f 551 442 443
f 2972 9012 2928
f 2032 8943 2972
f 216 1924 1923
f 3532 3482 3533
f 203 201 200
f 3539 3541 3540
f 1828 1847 1837
f 1958 449 450
f 272 178 175
f 2871 8939 1361
f 9071 9008 2921
f 2801 9095 9114
f 2005 9106 2176
f 960 899 962
f 9109 9064 9076
f 9232 9098 3151
f 3151 9045 2555
f 2193 9075 2194
f 9059 3145 3144
f 9055 2761 3145
f 9044 3144 3104
f 2926 9086 3103
f 9086 3104 3103
f 9207 9198 9205
f 566 9210 2005
f 8839 1864 8944
f 1602 2079 2078
f 2868 9063 2922
f 2922 9062 2923
f 2923 9070 2921
f 9122 2918 9066
f 9071 9066 2920
f 2921 9122 9071
f 2920 9038 2240
f 9065 2915 2918
f 2917 9074 9093
f 2916 9093 9094
f 2239 9104 2913
f 2911 9104 2757
f 9095 2911 2910
f 2797 9114 9043
f 2797 9050 2750
f 9074 2763 2765
f 9060 2764 2745
f 2194 9100 2221
f 2221 9101 2222
f 2756 9061 2755
f 2750 9061 2747
f 9121 1817 9279
f 9215 1691 1699
f 2515 9042 2548
f 2548 9045 2550
f 2513 9084 9068
f 2513 9073 2515
f 2509 9072 2289
f 2510 9085 2509
f 2289 9091 2283
f 2283 9069 2286
f 2240 9039 2239
f 9111 9076 9078
f 716 9339 9340
f 727 9213 1923
f 2165 2170 2164
f 9112 9078 9081
f 9195 9030 9209
f 2175 769 770
f 2100 2095 2099
f 9210 9209 9030
f 640 9012 1826
f 1653 8997 1651
f 1895 8974 746
f 746 8981 741
f 1653 8972 9020
f 9214 1604 1672
f 2093 2073 2078
f 959 995 884
f 962 919 986
f 1400 1398 1399
f 1000 1127 1004
f 956 884 885
f 1662 8994 1661
f 2034 8990 1654
f 9378 8983 9254
f 8979 766 1817
f 9016 765 766
f 334 9015 335
f 1868 8984 1656
f 1684 1652 1678
f 1682 775 1807
f 1585 9214 1700
f 9215 1672 1673
f 2173 490 491
f 1658 8991 1752
f 9000 1650 724
f 1571 2010 1572
f 1587 9123 2080
f 2099 2077 2094
f 787 1999 786
f 2000 786 1999
f 3155 9149 9135
f 9165 9135 9241
f 2180 9137 9136
f 8940 9136 9157
f 1684 9292 1651
f 1760 8939 8989
f 2607 9145 2590
f 2581 9141 2607
f 2371 9152 9147
f 2371 9145 2372
f 2587 9127 2586
f 2586 9149 339
f 2497 9139 2503
f 2502 9139 9152
f 2494 9142 2495
f 9142 2472 2495
f 9140 2468 2472
f 9153 2469 2468
f 726 9344 630
f 581 8962 580
f 10 9014 334
f 1837 8954 1849
f 741 8967 1300
f 1299 9002 2034
f 1851 8948 1866
f 8971 1820 1819
f 580 8980 1895
f 1758 8966 8946
f 1693 8952 1806
f 8948 1867 1866
f 1894 9012 8943
f 2126 9265 9293
f 9358 9293 9364
f 2113 9319 2110
f 2179 9241 9137
f 624 9356 623
f 2192 9240 9232
f 2177 9239 9185
f 1364 9285 1338
f 9310 1470 1453
f 3135 9227 9196
f 2069 9287 2068
f 1351 9305 1352
f 2108 9353 499
f 2089 9188 9185
f 9280 1358 866
f 2001 9235 2187
f 2187 9171 2091
f 2130 9204 2004
f 2004 9201 2001
f 2014 9231 2201
f 2201 9208 2130
f 3167 9211 2969
f 3168 9172 3167
f 3159 9216 3160
f 3160 9217 3081
f 9182 3158 337
f 3158 9161 3159
f 2200 9182 9174
f 9137 9194 2204
f 9174 2197 2200
f 9242 2092 9173
f 9226 9173 2197
f 3154 9242 9226
f 3155 9158 3154
f 2091 9173 2092
f 2196 9202 9228
f 2193 9228 9233
f 9056 9233 9240
f 2086 9232 9230
f 2087 9230 9229
f 2204 9203 2205
f 2205 9202 3148
f 9361 574 692
f 2124 9229 9212
f 2208 9212 9234
f 9163 3140 3137
f 9237 3138 3140
f 9197 3139 3138
f 9223 3136 2322
f 9164 3137 3136
f 9227 3131 3133
f 9219 3132 3131
f 1813 9290 1814
f 1293 9308 1344
f 2184 9200 9184
f 2181 9184 9186
f 9217 3079 3081
f 9220 3080 3079
f 709 9327 2031
f 2774 9189 9221
f 9238 2134 9003
f 9261 766 765
f 2968 9218 2959
f 2969 9236 2968
f 2958 9189 2961
f 2132 9218 2960
f 2321 9223 9200
f 9312 1449 28
f 9357 582 710
f 9338 577 574
f 9299 1818 9279
f 705 9339 2121
f 9268 9359 698
f 2111 9363 2113
f 9262 1366 1411
f 1812 9274 1815
f 675 9304 674
f 8940 9303 675
f 2110 9320 2109
f 2104 9353 2106
f 2109 9351 944
f 9294 703 739
f 1680 9298 1684
f 1639 9271 9270
f 623 9358 697
f 2139 9318 9317
f 1808 9296 9289
f 9272 1819 1820
f 9324 9352 706
f 1646 9282 1648
f 9341 633 577
f 2139 9327 18
f 2156 9323 9326
f 674 9365 9321
f 2117 9264 2069
f 1815 9299 9275
f 9307 1444 1470
f 697 9364 9268
f 866 9288 9280
f 9316 2136 2135
f 9037 9178 9041
f 9035 9183 9037
f 9205 9190 9191
f 9192 9033 9195
f 1088 9198 1093
f 9191 9195 9205
f 2791 8933 2792
f 8932 2807 8933
f 2792 8934 2909
f 8933 2806 8934
f 8952 8934 8960
f 8960 2806 8983
f 2948 9243 9253
f 2105 9348 2104
f 8982 9256 2805
f 680 9328 683
f 1891 9362 9343
f 2905 9253 2950
f 2900 9251 2905
f 2901 9259 2877
f 2734 9258 9246
f 2877 9258 2878
f 2820 9246 2872
f 2818 9244 2827
f 2823 9244 2826
f 2822 9250 2821
f 2819 9252 9250
f 2817 9247 2816
f 2809 9247 2815
f 2808 9255 2807
f 2805 9255 2804
f 1702 9375 1599
f 9374 1797 1802
f 9367 1706 1709
f 9370 1692 1698
f 1657 9332 1879
f 1890 9347 9362
f 9224 1674 1675
f 1689 9224 9225
f 9378 8982 1688
f 8960 1689 9225
f 9369 1703 1764
f 1598 9380 1770
f 9332 1876 1879
f 1691 9377 9379
f 9377 1688 1687
f 1117 1118 9382
f 1066 1322 9382
f 1243 847 9382
f 9277 848 9382
f 1128 1117 9382
f 1129 1130 9382
f 841 1011 9382
f 1230 9315 9382
f 1242 1243 9382
f 1322 1229 9382
f 1064 1065 9382
f 1003 1128 9382
f 1229 1230 9382
f 9315 1285 9382
f 1285 1288 9382
f 848 839 9382
f 847 9277 9382
f 1118 1129 9382
f 1065 1066 9382
f 1087 1086 9382
f 1008 1002 9382
f 1011 1008 9382
f 1002 1003 9382
f 1076 1069 9382
f 838 841 9382
f 839 838 9382
f 1288 1242 9382
f 1130 1087 9382
f 1086 1076 9382
f 1069 1064 9382
f 2410 2414 9383
f 2411 2410 9383
f 9069 2285 9383
f 2394 2393 9383
f 2393 2396 9383
f 2281 2286 9383
f 2282 2280 9383
f 2398 2399 9383
f 2465 2464 9383
f 2396 2397 9383
f 2470 2469 9383
f 2399 2416 9383
f 2480 2395 9383
f 2459 2480 9383
f 2369 2282 9383
f 2460 2459 9383
f 2415 2411 9383
f 2416 2415 9383
f 2364 2363 9383
f 2286 9069 9383
f 2464 2470 9383
f 2469 9155 9383
f 2285 2465 9383
f 2414 2364 9383
f 2395 2394 9383
f 2363 2367 9383
f 2397 2398 9383
f 2280 2281 9383
f 9155 2460 9383
f 2367 2369 9383
f 9386 9389 9390
f 9386 9391 9387
f 9384 9389 9385
f 9390 9395 9391
f 9389 9392 9393
f 9389 9394 9390
f 9394 9399 9395
f 9393 9396 9397
f 9394 9397 9398
f 9399 9402 9403
f 9396 9401 9397
f 9397 9402 9398
f 9402 9407 9403
f 9401 9404 9405
f 9402 9405 9406
f 9407 9410 9411
f 9405 9408 9409
f 9405 9410 9406
f 9411 9414 9415
f 9409 9412 9413
f 9410 9413 9414
f 9414 9419 9415
f 9412 9417 9413
f 9413 9418 9414
f 9418 9423 9419
f 9417 9420 9421
f 9418 9421 9422
f 9422 9427 9423
f 9420 9425 9421
f 9421 9426 9422
f 9426 9431 9427
f 9425 9428 9429
f 9426 9429 9430
f 9431 9434 9435
f 9428 9433 9429
f 9429 9434 9430
f 9434 9439 9435
f 9433 9436 9437
f 9434 9437 9438
f 9439 9442 9443
f 9436 9441 9437
f 9437 9442 9438
f 9443 9446 9447
f 9441 9444 9445
f 9442 9445 9446
f 9447 9450 9451
f 9444 9449 9445
f 9445 9450 9446
f 9450 9455 9451
f 9449 9452 9453
f 9450 9453 9454
f 9454 9459 9455
f 9452 9457 9453
f 9453 9458 9454
f 9458 9463 9459
f 9457 9460 9461
f 9458 9461 9462
f 9463 9466 9467
f 9460 9465 9461
f 9461 9466 9462
f 9466 9471 9467
f 9465 9468 9469
f 9466 9469 9470
f 9471 9474 9475
f 9468 9473 9469
f 9469 9474 9470
f 9475 9478 9479
f 9473 9476 9477
f 9474 9477 9478
f 9479 9482 9483
f 9476 9481 9477
f 9477 9482 9478
f 9483 9486 9487
f 9481 9484 9485
f 9482 9485 9486
f 9486 9491 9487
f 9484 9489 9485
f 9485 9490 9486
f 9490 9495 9491
f 9489 9492 9493
f 9490 9493 9494
f 9495 9498 9499
f 9492 9497 9493
f 9493 9498 9494
f 9498 9503 9499
f 9497 9500 9501
f 9498 9501 9502
f 9503 9507 9508
f 9500 9506 9501
f 9501 9507 9502
f 9508 9511 9512
f 9505 9510 9506
f 9507 9510 9511
f 9384 9504 9388
f 9388 9504 9392
f 9392 9504 9396
f 9396 9504 9400
f 9400 9504 9404
f 9404 9504 9408
f 9408 9504 9412
f 9412 9504 9416
f 9416 9504 9420
f 9420 9504 9424
f 9424 9504 9428
f 9428 9504 9432
f 9432 9504 9436
f 9436 9504 9440
f 9440 9504 9444
f 9444 9504 9448
f 9448 9504 9452
f 9452 9504 9456
f 9456 9504 9460
f 9460 9504 9464
f 9464 9504 9468
f 9468 9504 9472
f 9472 9504 9476
f 9476 9504 9480
f 9480 9504 9484
f 9484 9504 9488
f 9488 9504 9492
f 9492 9504 9496
f 9496 9504 9500
f 9500 9504 9505
f 9505 9504 9509
f 9512 9386 9387
f 9510 9384 9385
f 9510 9386 9511
f 9509 9504 9384
f 9521 9533 9534
f 9518 9532 9519
f 9517 9529 9530
f 9515 9527 9528
f 9523 9537 9524
f 9521 9535 9522
f 9519 9533 9520
f 9518 9530 9531
f 9515 9529 9516
f 9513 9527 9514
f 9524 9538 9525
f 9523 9535 9536
f 9528 9542 9529
f 9526 9540 9527
f 9538 9550 9551
f 9535 9549 9536
f 9534 9546 9547
f 9531 9545 9532
f 9530 9542 9543
f 9528 9540 9541
f 9537 9549 9550
f 9534 9548 9535
f 9532 9546 9533
f 9531 9543 9544
f 9541 9555 9542
f 9540 9552 9553
f 9550 9564 9551
f 9548 9562 9549
f 9547 9559 9560
f 9544 9558 9545
f 9542 9556 9543
f 9541 9553 9554
f 9549 9563 9550
f 9547 9561 9548
f 9546 9558 9559
f 9544 9556 9557
f 9555 9567 9568
f 9552 9566 9553
f 9564 9576 9577
f 9562 9574 9575
f 9559 9573 9560
f 9557 9571 9558
f 9555 9569 9556
f 9553 9567 9554
f 9562 9576 9563
f 9561 9573 9574
f 9559 9571 9572
f 9557 9569 9570
f 9567 9581 9568
f 9566 9578 9579
f 9576 9590 9577
f 9575 9587 9588
f 9572 9586 9573
f 9571 9583 9584
f 9569 9581 9582
f 9566 9580 9567
f 9576 9588 9589
f 9574 9586 9587
f 9571 9585 9572
f 9569 9583 9570
f 9581 9593 9594
f 9578 9592 9579
f 9590 9602 9603
f 9588 9600 9601
f 9585 9599 9586
f 9583 9597 9584
f 9582 9594 9595
f 9579 9593 9580
f 9589 9601 9602
f 9587 9599 9600
f 9584 9598 9585
f 9583 9595 9596
f 9594 9606 9607
f 9592 9604 9605
f 9602 9616 9603
f 9601 9613 9614
f 9598 9612 9599
f 9596 9610 9597
f 9594 9608 9595
f 9592 9606 9593
f 9601 9615 9602
f 9600 9612 9613
f 9598 9610 9611
f 9596 9608 9609
f 9607 9619 9620
f 9605 9617 9618
f 9615 9629 9616
f 9613 9627 9614
f 9611 9625 9612
f 9610 9622 9623
f 9607 9621 9608
f 9605 9619 9606
f 9615 9627 9628
f 9613 9625 9626
f 9611 9623 9624
f 9608 9622 9609
f 9619 9633 9620
f 9617 9631 9618
f 9628 9642 9629
f 9627 9639 9640
f 9625 9637 9638
f 9622 9636 9623
f 9621 9633 9634
f 9619 9631 9632
f 9627 9641 9628
f 9625 9639 9626
f 9623 9637 9624
f 9622 9634 9635
f 9632 9646 9633
f 9630 9644 9631
f 9642 9654 9655
f 9639 9653 9640
f 9638 9650 9651
f 9635 9649 9636
f 9634 9646 9647
f 9632 9644 9645
f 9641 9653 9654
f 9638 9652 9639
f 9636 9650 9637
f 9635 9647 9648
f 9645 9659 9646
f 9644 9656 9657
f 9654 9668 9655
f 9652 9666 9653
f 9651 9663 9664
f 9648 9662 9649
f 9646 9660 9647
f 9645 9657 9658
f 9653 9667 9654
f 9651 9665 9652
f 9650 9662 9663
f 9648 9660 9661
f 9659 9671 9672
f 9656 9670 9657
f 9668 9680 9681
f 9665 9679 9666
f 9663 9677 9664
f 9661 9675 9662
f 9659 9673 9660
f 9657 9671 9658
f 9666 9680 9667
f 9665 9677 9678
f 9663 9675 9676
f 9661 9673 9674
f 9671 9685 9672
f 9670 9682 9683
f 9680 9694 9681
f 9678 9692 9679
f 9677 9689 9690
f 9675 9687 9688
f 9673 9685 9686
f 9670 9684 9671
f 9680 9692 9693
f 9678 9690 9691
f 9675 9689 9676
f 9673 9687 9674
f 9685 9697 9698
f 9682 9696 9683
f 9694 9706 9707
f 9692 9704 9705
f 9689 9703 9690
f 9687 9701 9688
f 9686 9698 9699
f 9683 9697 9684
f 9693 9705 9706
f 9691 9703 9704
f 9688 9702 9689
f 9687 9699 9700
f 9698 9710 9711
f 9696 9708 9709
f 9706 9720 9707
f 9705 9717 9718
f 9702 9716 9703
f 9700 9714 9701
f 9698 9712 9699
f 9696 9710 9697
f 9705 9719 9706
f 9704 9716 9717
f 9702 9714 9715
f 9700 9712 9713
f 9711 9723 9724
f 9709 9721 9722
f 9719 9733 9720
f 9717 9731 9718
f 9715 9729 9716
f 9714 9726 9727
f 9711 9725 9712
f 9709 9723 9710
f 9718 9732 9719
f 9717 9729 9730
f 9715 9727 9728
f 9712 9726 9713
f 9723 9737 9724
f 9721 9735 9722
f 9733 9745 9746
f 9731 9743 9744
f 9729 9741 9742
f 9726 9740 9727
f 9725 9737 9738
f 9723 9735 9736
f 9732 9744 9745
f 9729 9743 9730
f 9727 9741 9728
f 9726 9738 9739
f 9736 9750 9737
f 9734 9748 9735
f 9746 9758 9759
f 9743 9757 9744
f 9742 9754 9755
f 9739 9753 9740
f 9738 9750 9751
f 9736 9748 9749
f 9745 9757 9758
f 9742 9756 9743
f 9740 9754 9741
f 9739 9751 9752
f 9749 9763 9750
f 9748 9760 9761
f 9758 9772 9759
f 9756 9770 9757
f 9755 9767 9768
f 9752 9766 9753
f 9750 9764 9751
f 9749 9761 9762
f 9757 9771 9758
f 9756 9768 9769
f 9754 9766 9767
f 9752 9764 9765
f 9762 9776 9763
f 9760 9774 9761
f 9772 9784 9785
f 9770 9782 9783
f 9768 9780 9781
f 9765 9779 9766
f 9763 9777 9764
f 9762 9774 9775
f 9770 9784 9771
f 9768 9782 9769
f 9767 9779 9780
f 9764 9778 9765
f 9775 9789 9776
f 9774 9786 9787
f 9784 9798 9785
f 9782 9796 9783
f 9781 9793 9794
f 9779 9791 9792
f 9777 9789 9790
f 9774 9788 9775
f 9784 9796 9797
f 9782 9794 9795
f 9779 9793 9780
f 9777 9791 9778
f 9789 9802 9803
f 9786 9801 9787
f 9798 9811 9812
f 9796 9809 9810
f 9793 9808 9794
f 9792 9805 9806
f 9790 9803 9804
f 9787 9802 9788
f 9797 9810 9811
f 9795 9808 9809
f 9792 9807 9793
f 9790 9805 9791
f 9803 9815 9816
f 9801 9813 9814
f 9811 9825 9812
f 9810 9822 9823
f 9807 9821 9808
f 9806 9818 9819
f 9803 9817 9804
f 9801 9815 9802
f 9810 9824 9811
f 9809 9821 9822
f 9807 9819 9820
f 9804 9818 9805
f 9816 9828 9829
f 9814 9826 9827
f 9825 9837 9838
f 9822 9836 9823
f 9820 9834 9821
f 9819 9831 9832
f 9816 9830 9817
f 9814 9828 9815
f 9824 9836 9837
f 9822 9834 9835
f 9820 9832 9833
f 9817 9831 9818
f 9828 9842 9829
f 9826 9840 9827
f 9837 9851 9838
f 9836 9848 9849
f 9834 9846 9847
f 9831 9845 9832
f 9830 9842 9843
f 9828 9840 9841
f 9836 9850 9837
f 9834 9848 9835
f 9832 9846 9833
f 9831 9843 9844
f 9841 9855 9842
f 9839 9853 9840
f 9851 9863 9864
f 9848 9862 9849
f 9847 9859 9860
f 9845 9857 9858
f 9843 9855 9856
f 9841 9853 9854
f 9850 9862 9863
f 9847 9861 9848
f 9845 9859 9846
f 9843 9857 9844
f 9854 9868 9855
f 9853 9865 9866
f 9863 9877 9864
f 9861 9875 9862
f 9860 9872 9873
f 9858 9870 9871
f 9855 9869 9856
f 9854 9866 9867
f 9862 9876 9863
f 9860 9874 9861
f 9859 9871 9872
f 9856 9870 9857
f 9868 9880 9881
f 9865 9879 9866
f 9877 9889 9890
f 9875 9887 9888
f 9873 9885 9886
f 9870 9884 9871
f 9868 9882 9869
f 9867 9879 9880
f 9875 9889 9876
f 9873 9887 9874
f 9872 9884 9885
f 9870 9882 9883
f 9880 9894 9881
f 9878 9892 9879
f 9889 9903 9890
f 9887 9901 9888
f 9886 9898 9899
f 9884 9896 9897
f 9882 9894 9895
f 9879 9893 9880
f 9889 9901 9902
f 9887 9899 9900
f 9884 9898 9885
f 9882 9896 9883
f 9894 9906 9907
f 9891 9905 9892
f 9903 9915 9916
f 9901 9913 9914
f 9898 9912 9899
f 9896 9910 9897
f 9895 9907 9908
f 9892 9906 9893
f 9902 9914 9915
f 9899 9913 9900
f 9897 9911 9898
f 9896 9908 9909
f 9907 9919 9920
f 9905 9917 9918
f 9915 9929 9916
f 9914 9926 9927
f 9911 9925 9912
f 9909 9923 9910
f 9907 9921 9908
f 9905 9919 9906
f 9914 9928 9915
f 9913 9925 9926
f 9911 9923 9924
f 9909 9921 9922
f 9799 9525 9538
f 9799 9538 9551
f 9799 9551 9564
f 9799 9564 9577
f 9799 9577 9590
f 9799 9590 9603
f 9799 9603 9616
f 9799 9616 9629
f 9799 9629 9642
f 9799 9642 9655
f 9799 9655 9668
f 9799 9668 9681
f 9799 9681 9694
f 9799 9694 9707
f 9799 9707 9720
f 9799 9720 9733
f 9799 9733 9746
f 9799 9746 9759
f 9799 9759 9772
f 9799 9772 9785
f 9799 9785 9798
f 9799 9798 9812
f 9799 9812 9825
f 9799 9825 9838
f 9799 9838 9851
f 9799 9851 9864
f 9799 9864 9877
f 9799 9877 9890
f 9799 9890 9903
f 9799 9903 9916
f 9799 9916 9929
f 9920 9515 9516
f 9918 9513 9514
f 9929 9524 9525
f 9926 9523 9927
f 9924 9521 9925
f 9923 9518 9519
f 9920 9517 9921
f 9918 9515 9919
f 9799 9929 9525
f 9928 9523 9524
f 9926 9521 9522
f 9924 9519 9520
f 9921 9518 9922
f 9387 9917 9512
f 9917 9508 9512
f 9904 9503 9508
f 9891 9499 9503
f 9499 9865 9495
f 9495 9852 9491
f 9491 9839 9487
f 9839 9483 9487
f 9483 9813 9479
f 9813 9475 9479
f 9800 9471 9475
f 9786 9467 9471
f 9467 9760 9463
f 9463 9747 9459
f 9459 9734 9455
f 9734 9451 9455
f 9451 9708 9447
f 9708 9443 9447
f 9695 9439 9443
f 9682 9435 9439
f 9435 9656 9431
f 9431 9643 9427
f 9427 9630 9423
f 9630 9419 9423
f 9419 9604 9415
f 9604 9411 9415
f 9591 9407 9411
f 9578 9403 9407
f 9403 9552 9399
f 9399 9539 9395
f 9395 9526 9391
f 9526 9387 9391
f 9932 9935 9936
f 9932 9937 9933
f 9931 9934 9935
f 9936 9941 9937
f 9934 9939 9935
f 9935 9940 9936
f 9940 9945 9941
f 9939 9942 9943
f 9940 9943 9944
f 9945 9948 9949
f 9942 9947 9943
f 9943 9948 9944
f 9948 9953 9949
f 9947 9950 9951
f 9948 9951 9952
f 9953 9956 9957
f 9950 9955 9951
f 9951 9956 9952
f 9957 9960 9961
f 9955 9958 9959
f 9956 9959 9960
f 9961 9964 9965
f 9958 9963 9959
f 9959 9964 9960
f 9965 9968 9969
f 9963 9966 9967
f 9964 9967 9968
f 9968 9973 9969
f 9966 9971 9967
f 9967 9972 9968
f 9972 9977 9973
f 9970 9975 9971
f 9972 9975 9976
f 9977 9980 9981
f 9974 9979 9975
f 9975 9980 9976
f 9980 9985 9981
f 9979 9982 9983
f 9980 9983 9984
f 9985 9988 9989
f 9982 9987 9983
f 9983 9988 9984
f 9989 9992 9993
f 9986 9991 9987
f 9988 9991 9992
f 9993 9996 9997
f 9991 9994 9995
f 9991 9996 9992
f 9996 10001 9997
f 9994 9999 9995
f 9996 9999 10000
f 10000 10005 10001
f 9999 10002 10003
f 9999 10004 10000
f 10004 10009 10005
f 10003 10006 10007
f 10004 10007 10008
f 10009 10012 10013
f 10006 10011 10007
f 10007 10012 10008
f 10012 10017 10013
f 10011 10014 10015
f 10012 10015 10016
f 10017 10020 10021
f 10014 10019 10015
f 10015 10020 10016
f 10021 10024 10025
f 10019 10022 10023
f 10020 10023 10024
f 10024 10029 10025
f 10022 10027 10023
f 10023 10028 10024
f 10028 10033 10029
f 10027 10030 10031
f 10028 10031 10032
f 10032 10037 10033
f 10030 10035 10031
f 10031 10036 10032
f 10036 10041 10037
f 10035 10038 10039
f 10036 10039 10040
f 10041 10044 10045
f 10038 10043 10039
f 10039 10044 10040
f 10044 10049 10045
f 10043 10046 10047
f 10044 10047 10048
f 10049 10053 10054
f 10046 10052 10047
f 10047 10053 10048
f 10054 10057 10058
f 10052 10055 10056
f 10053 10056 10057
f 9930 10050 9934
f 9934 10050 9938
f 9938 10050 9942
f 9942 10050 9946
f 9946 10050 9950
f 9950 10050 9954
f 9954 10050 9958
f 9958 10050 9962
f 9962 10050 9966
f 9966 10050 9970
f 9970 10050 9974
f 9974 10050 9978
f 9978 10050 9982
f 9982 10050 9986
f 9986 10050 9990
f 9990 10050 9994
f 9994 10050 9998
f 9998 10050 10002
f 10002 10050 10006
f 10006 10050 10010
f 10010 10050 10014
f 10014 10050 10018
f 10018 10050 10022
f 10022 10050 10026
f 10026 10050 10030
f 10030 10050 10034
f 10034 10050 10038
f 10038 10050 10042
f 10042 10050 10046
f 10046 10050 10051
f 10051 10050 10055
f 10058 9932 9933
f 10055 9931 10056
f 10056 9932 10057
f 10055 10050 9930
f 10067 10079 10080
f 10064 10078 10065
f 10063 10075 10076
f 10061 10073 10074
f 10070 10082 10083
f 10067 10081 10068
f 10065 10079 10066
f 10064 10076 10077
f 10061 10075 10062
f 10059 10073 10060
f 10071 10083 10084
f 10069 10081 10082
f 10074 10088 10075
f 10072 10086 10073
f 10084 10096 10097
f 10081 10095 10082
f 10080 10092 10093
f 10078 10090 10091
f 10076 10088 10089
f 10074 10086 10087
f 10083 10095 10096
f 10080 10094 10081
f 10078 10092 10079
f 10076 10090 10077
f 10087 10101 10088
f 10086 10098 10099
f 10096 10110 10097
f 10094 10108 10095
f 10093 10105 10106
f 10091 10103 10104
f 10088 10102 10089
f 10087 10099 10100
f 10095 10109 10096
f 10094 10106 10107
f 10092 10104 10105
f 10089 10103 10090
f 10100 10114 10101
f 10098 10112 10099
f 10110 10122 10123
f 10108 10120 10121
f 10105 10119 10106
f 10103 10117 10104
f 10101 10115 10102
f 10100 10112 10113
f 10108 10122 10109
f 10106 10120 10107
f 10105 10117 10118
f 10103 10115 10116
f 10113 10127 10114
f 10112 10124 10125
f 10122 10136 10123
f 10120 10134 10121
f 10119 10131 10132
f 10117 10129 10130
f 10115 10127 10128
f 10113 10125 10126
f 10122 10134 10135
f 10119 10133 10120
f 10117 10131 10118
f 10115 10129 10116
f 10127 10139 10140
f 10124 10138 10125
f 10136 10148 10149
f 10134 10146 10147
f 10131 10145 10132
f 10130 10142 10143
f 10128 10140 10141
f 10125 10139 10126
f 10135 10147 10148
f 10133 10145 10146
f 10130 10144 10131
f 10128 10142 10129
f 10140 10152 10153
f 10138 10150 10151
f 10148 10162 10149
f 10147 10159 10160
f 10144 10158 10145
f 10143 10155 10156
f 10140 10154 10141
f 10138 10152 10139
f 10147 10161 10148
f 10146 10158 10159
f 10144 10156 10157
f 10141 10155 10142
f 10153 10165 10166
f 10151 10163 10164
f 10162 10174 10175
f 10159 10173 10160
f 10157 10171 10158
f 10156 10168 10169
f 10153 10167 10154
f 10151 10165 10152
f 10161 10173 10174
f 10159 10171 10172
f 10157 10169 10170
f 10154 10168 10155
f 10165 10179 10166
f 10163 10177 10164
f 10175 10187 10188
f 10173 10185 10186
f 10171 10183 10184
f 10168 10182 10169
f 10167 10179 10180
f 10165 10177 10178
f 10173 10187 10174
f 10171 10185 10172
f 10169 10183 10170
f 10168 10180 10181
f 10178 10192 10179
f 10176 10190 10177
f 10188 10200 10201
f 10185 10199 10186
f 10184 10196 10197
f 10182 10194 10195
f 10180 10192 10193
f 10178 10190 10191
f 10187 10199 10200
f 10184 10198 10185
f 10182 10196 10183
f 10180 10194 10181
f 10191 10205 10192
f 10190 10202 10203
f 10200 10214 10201
f 10198 10212 10199
f 10197 10209 10210
f 10195 10207 10208
f 10192 10206 10193
f 10191 10203 10204
f 10199 10213 10200
f 10197 10211 10198
f 10196 10208 10209
f 10193 10207 10194
f 10205 10217 10218
f 10202 10216 10203
f 10214 10226 10227
f 10211 10225 10212
f 10210 10222 10223
f 10207 10221 10208
f 10205 10219 10206
f 10204 10216 10217
f 10212 10226 10213
f 10210 10224 10211
f 10209 10221 10222
f 10207 10219 10220
f 10217 10231 10218
f 10216 10228 10229
f 10226 10240 10227
f 10224 10238 10225
f 10223 10235 10236
f 10221 10233 10234
f 10219 10231 10232
f 10217 10229 10230
f 10226 10238 10239
f 10223 10237 10224
f 10221 10235 10222
f 10219 10233 10220
f 10231 10243 10244
f 10228 10242 10229
f 10240 10252 10253
f 10238 10250 10251
f 10235 10249 10236
f 10234 10246 10247
f 10232 10244 10245
f 10229 10243 10230
f 10239 10251 10252
f 10237 10249 10250
f 10234 10248 10235
f 10232 10246 10233
f 10244 10256 10257
f 10242 10254 10255
f 10252 10266 10253
f 10251 10263 10264
f 10248 10262 10249
f 10247 10259 10260
f 10244 10258 10245
f 10242 10256 10243
f 10251 10265 10252
f 10250 10262 10263
f 10248 10260 10261
f 10245 10259 10246
f 10257 10269 10270
f 10255 10267 10268
f 10266 10278 10279
f 10263 10277 10264
f 10261 10275 10262
f 10260 10272 10273
f 10257 10271 10258
f 10255 10269 10256
f 10265 10277 10278
f 10263 10275 10276
f 10261 10273 10274
f 10258 10272 10259
f 10269 10283 10270
f 10267 10281 10268
f 10278 10292 10279
f 10277 10289 10290
f 10275 10287 10288
f 10272 10286 10273
f 10271 10283 10284
f 10269 10281 10282
f 10277 10291 10278
f 10275 10289 10276
f 10273 10287 10274
f 10272 10284 10285
f 10282 10296 10283
f 10280 10294 10281
f 10292 10304 10305
f 10289 10303 10290
f 10288 10300 10301
f 10286 10298 10299
f 10284 10296 10297
f 10282 10294 10295
f 10291 10303 10304
f 10288 10302 10289
f 10286 10300 10287
f 10284 10298 10285
f 10295 10309 10296
f 10294 10306 10307
f 10304 10318 10305
f 10302 10316 10303
f 10301 10313 10314
f 10299 10311 10312
f 10296 10310 10297
f 10295 10307 10308
f 10303 10317 10304
f 10301 10315 10302
f 10300 10312 10313
f 10297 10311 10298
f 10309 10321 10322
f 10307 10319 10320
f 10318 10330 10331
f 10316 10328 10329
f 10314 10326 10327
f 10311 10325 10312
f 10309 10323 10310
f 10308 10320 10321
f 10316 10330 10317
f 10314 10328 10315
f 10313 10325 10326
f 10311 10323 10324
f 10321 10335 10322
f 10320 10332 10333
f 10330 10344 10331
f 10329 10341 10342
f 10326 10340 10327
f 10325 10337 10338
f 10323 10335 10336
f 10320 10334 10321
f 10330 10342 10343
f 10328 10340 10341
f 10325 10339 10326
f 10323 10337 10324
f 10335 10348 10349
f 10332 10347 10333
f 10344 10357 10358
f 10342 10355 10356
f 10339 10354 10340
f 10337 10352 10338
f 10336 10349 10350
f 10333 10348 10334
f 10343 10356 10357
f 10341 10354 10355
f 10338 10353 10339
f 10337 10350 10351
f 10349 10361 10362
f 10347 10359 10360
f 10357 10371 10358
f 10356 10368 10369
f 10353 10367 10354
f 10351 10365 10352
f 10349 10363 10350
f 10347 10361 10348
f 10356 10370 10357
f 10355 10367 10368
f 10353 10365 10366
f 10351 10363 10364
f 10362 10374 10375
f 10360 10372 10373
f 10371 10383 10384
f 10368 10382 10369
f 10366 10380 10367
f 10365 10377 10378
f 10362 10376 10363
f 10360 10374 10361
f 10370 10382 10383
f 10368 10380 10381
f 10366 10378 10379
f 10363 10377 10364
f 10374 10388 10375
f 10372 10386 10373
f 10383 10397 10384
f 10382 10394 10395
f 10380 10392 10393
f 10377 10391 10378
f 10376 10388 10389
f 10374 10386 10387
f 10382 10396 10383
f 10380 10394 10381
f 10378 10392 10379
f 10377 10389 10390
f 10387 10401 10388
f 10385 10399 10386
f 10397 10409 10410
f 10394 10408 10395
f 10393 10405 10406
f 10390 10404 10391
f 10389 10401 10402
f 10387 10399 10400
f 10396 10408 10409
f 10393 10407 10394
f 10391 10405 10392
f 10390 10402 10403
f 10400 10414 10401
f 10399 10411 10412
f 10409 10423 10410
f 10407 10421 10408
f 10406 10418 10419
f 10403 10417 10404
f 10401 10415 10402
f 10400 10412 10413
f 10408 10422 10409
f 10406 10420 10407
f 10405 10417 10418
f 10403 10415 10416
f 10414 10426 10427
f 10411 10425 10412
f 10423 10435 10436
f 10420 10434 10421
f 10418 10432 10419
f 10416 10430 10417
f 10414 10428 10415
f 10412 10426 10413
f 10421 10435 10422
f 10419 10433 10420
f 10418 10430 10431
f 10416 10428 10429
f 10427 10439 10440
f 10425 10437 10438
f 10435 10449 10436
f 10433 10447 10434
f 10431 10445 10432
f 10430 10442 10443
f 10428 10440 10441
f 10425 10439 10426
f 10435 10447 10448
f 10433 10445 10446
f 10430 10444 10431
f 10428 10442 10429
f 10440 10452 10453
f 10437 10451 10438
f 10449 10461 10462
f 10447 10459 10460
f 10444 10458 10445
f 10443 10455 10456
f 10441 10453 10454
f 10438 10452 10439
f 10448 10460 10461
f 10446 10458 10459
f 10443 10457 10444
f 10441 10455 10442
f 10453 10465 10466
f 10451 10463 10464
f 10461 10475 10462
f 10460 10472 10473
f 10457 10471 10458
f 10456 10468 10469
f 10453 10467 10454
f 10451 10465 10452
f 10460 10474 10461
f 10459 10471 10472
f 10457 10469 10470
f 10454 10468 10455
f 10345 10071 10084
f 10345 10084 10097
f 10345 10097 10110
f 10345 10110 10123
f 10345 10123 10136
f 10345 10136 10149
f 10345 10149 10162
f 10345 10162 10175
f 10345 10175 10188
f 10345 10188 10201
f 10345 10201 10214
f 10345 10214 10227
f 10345 10227 10240
f 10345 10240 10253
f 10345 10253 10266
f 10345 10266 10279
f 10345 10279 10292
f 10345 10292 10305
f 10345 10305 10318
f 10345 10318 10331
f 10345 10331 10344
f 10345 10344 10358
f 10345 10358 10371
f 10345 10371 10384
f 10345 10384 10397
f 10345 10397 10410
f 10345 10410 10423
f 10345 10423 10436
f 10345 10436 10449
f 10345 10449 10462
f 10345 10462 10475
f 10466 10061 10062
f 10464 10059 10060
f 10474 10071 10475
f 10472 10069 10473
f 10470 10067 10471
f 10469 10064 10065
f 10466 10063 10467
f 10464 10061 10465
f 10345 10475 10071
f 10473 10070 10474
f 10472 10067 10068
f 10470 10065 10066
f 10467 10064 10468
f 9933 10463 10058
f 10463 10054 10058
f 10450 10049 10054
f 10437 10045 10049
f 10045 10411 10041
f 10041 10398 10037
f 10037 10385 10033
f 10385 10029 10033
f 10029 10359 10025
f 10359 10021 10025
f 10346 10017 10021
f 10332 10013 10017
f 10013 10306 10009
f 10009 10293 10005
f 10005 10280 10001
f 10280 9997 10001
f 9997 10254 9993
f 10254 9989 9993
f 10241 9985 9989
f 10228 9981 9985
f 9981 10202 9977
f 9977 10189 9973
f 9973 10176 9969
f 10176 9965 9969
f 9965 10150 9961
f 10150 9957 9961
f 10137 9953 9957
f 10124 9949 9953
f 9949 10098 9945
f 9945 10085 9941
f 9941 10072 9937
f 10072 9933 9937
f 4 3 2
f 8 7 6
f 13 16 15
f 17 28 19
f 32 31 30
f 36 35 34
f 37 40 39
f 21 22 23
f 25 26 27
f 41 44 43
f 48 47 46
f 52 51 50
f 53 56 55
f 60 59 58
f 29 30 62
f 66 65 64
f 67 5 6
f 72 71 70
f 76 75 74
f 77 80 79
f 81 84 83
f 59 87 86
f 88 91 90
f 96 95 94
f 100 99 98
f 101 104 103
f 106 105 34
f 108 116 115
f 117 119 36
f 124 127 126
f 131 130 129
f 132 102 134
f 142 141 140
f 148 106 60
f 144 143 127
f 149 152 151
f 156 155 154
f 159 150 158
f 116 108 164
f 171 170 169
f 174 126 173
f 179 182 181
f 186 189 188
f 194 197 196
f 199 142 139
f 206 209 208
f 213 212 211
f 202 215 214
f 96 93 216
f 92 238 43
f 97 184 246
f 250 249 229
f 252 254 58
f 258 257 256
f 260 91 229
f 110 111 112
f 114 264 263
f 265 268 267
f 56 53 270
f 274 273 249
f 185 183 63
f 280 279 278
f 285 284 283
f 288 219 211
f 141 142 92
f 289 290 175
f 148 116 105
f 312 311 170
f 238 262 42
f 318 163 160
f 310 309 308
f 241 239 325
f 160 230 240
f 47 48 307
f 108 109 315
f 345 85 86
f 348 351 350
f 356 359 358
f 355 354 353
f 363 31 32
f 364 252 253
f 366 125 368
f 183 372 371
f 163 162 161
f 209 226 101
f 378 377 165
f 379 295 381
f 383 382 3
f 284 285 386
f 387 127 389
f 391 259 229
f 73 281 397
f 405 408 407
f 203 218 411
f 414 121 413
f 1 356 357
f 277 276 131
f 254 344 57
f 358 384 415
f 417 416 386
f 401 400 192
f 419 389 127
f 421 181 182
f 103 301 302
f 428 367 368
f 380 390 359
f 62 204 266
f 140 141 431
f 357 358 351
f 356 1 379
f 415 392 403
f 437 428 436
f 438 441 440
f 188 451 450
f 265 455 181
f 224 185 64
f 237 212 213
f 275 131 128
f 281 282 460
f 50 462 79
f 73 74 282
f 468 467 466
f 390 355 352
f 482 485 484
f 489 488 487
f 493 496 495
f 472 471 470
f 502 501 500
f 220 221 222
f 512 419 143
f 518 517 511
f 513 239 230
f 205 30 31
f 189 370 451
f 163 318 532
f 533 224 225
f 446 448 447
f 335 541 540
f 544 512 546
f 329 519 291
f 199 534 262
f 385 386 416
f 532 190 191
f 363 117 118
f 578 581 580
f 573 572 571
f 561 563 562
f 241 260 259
f 590 593 592
f 545 546 595
f 503 154 155
f 606 625 624
f 478 481 480
f 646 649 648
f 590 591 689
f 564 565 651
f 728 246 184
f 714 724 716
f 692 574 575
f 541 335 581
f 346 68 248
f 161 231 230
f 128 129 94
f 698 705 704
f 574 577 576
f 290 289 401
f 630 631 725
f 733 736 735
f 755 466 496
f 759 480 481
f 757 763 762
f 764 496 466
f 768 767 9260
f 759 760 488
f 492 474 475
f 474 770 769
f 773 468 465
f 771 774 486
f 484 485 775
f 774 776 489
f 495 496 764
f 495 757 761
f 137 397 784
f 325 239 797
f 165 519 51
f 369 32 29
f 730 731 568
f 90 302 301
f 243 118 516
f 800 734 806
f 817 815 808
f 816 808 823
f 306 303 447
f 815 810 809
f 829 830 828
f 726 725 501
f 274 427 424
f 879 882 881
f 884 883 879
f 219 218 217
f 906 905 904
f 455 204 205
f 898 882 830
f 903 900 880
f 377 291 519
f 923 949 948
f 946 947 951
f 8963 740 739
f 900 899 886
f 225 64 65
f 182 445 442
f 809 952 947
f 954 960 962
f 927 950 965
f 885 879 880
f 925 927 966
f 343 342 341
f 965 964 971
f 968 971 970
f 972 968 969
f 963 961 981
f 336 337 338
f 992 993 827
f 810 815 996
f 1007 1001 1002
f 1012 826 827
f 1011 1009 1007
f 294 293 292
f 907 908 920
f 1017 579 1019
f 1020 1023 1022
f 1035 1024 1020
f 1061 1060 1047
f 1063 1061 1046
f 1044 1020 1021
f 1102 1094 1097
f 1116 1126 1118
f 1016 1015 1014
f 881 897 904
f 816 1116 1127
f 1094 948 949
f 514 342 167
f 146 145 81
f 1133 1135 1130
f 1102 1133 1126
f 822 1126 1116
f 1145 1143 1148
f 1076 1144 1151
f 1148 1143 1086
f 1109 1097 1114
f 1154 1153 1156
f 1153 925 967
f 8815 8941 463
f 1144 1147 1152
f 1156 967 1163
f 1164 1162 1169
f 1145 1171 1176
f 1114 1115 1154
f 1183 1155 1164
f 1184 1183 1177
f 1069 1151 1062
f 1023 1191 1194
f 1162 1163 1170
f 1195 1184 1185
f 1183 1196 1176
f 1201 1063 1152
f 1061 1063 1201
f 9277 847 843
f 1203 1202 1195
f 1202 1201 1184
f 1218 1060 1203
f 1060 1061 1202
f 1225 1218 1217
f 671 695 694
f 1219 1217 1024
f 1217 1203 1034
f 1226 1014 1015
f 1243 1242 1234
f 1231 1230 1229
f 847 1243 1233
f 843 1233 1244
f 1233 1234 1245
f 1923 9213 233
f 2100 2108 499
f 9366 9316 2135
f 61 62 323
f 210 211 217
f 1299 1310 1309
f 9315 1230 1231
f 1066 1047 1321
f 1322 1321 1228
f 1060 1218 1321
f 1325 1324 1323
f 1244 1245 1332
f 1290 1234 1242
f 1337 1330 1339
f 1330 1332 1340
f 1341 1332 1245
f 1342 1340 1332
f 1343 1342 1341
f 1344 1341 1294
f 9309 9308 1345
f 1347 1348 1342
f 9308 9306 1295
f 1349 1350 1348
f 9313 1349 1347
f 9305 1347 1343
f 906 898 829
f 905 906 1353
f 865 1356 1355
f 1355 1353 829
f 1357 1355 825
f 1356 1354 1353
f 9286 1337 1338
f 866 1358 1356
f 1358 1359 1354
f 9280 878 1337
f 838 1362 1012
f 1363 1364 1338
f 1368 1363 1339
f 1348 1368 1340
f 1371 1369 9276
f 524 525 526
f 528 529 530
f 1372 1370 1369
f 535 536 537
f 1367 1368 1348
f 1370 1354 1359
f 1369 1359 9285
f 1373 910 903
f 555 556 557
f 1374 909 910
f 1373 904 905
f 1374 1373 1375
f 1375 905 1354
f 1378 920 908
f 376 373 651
f 1388 928 973
f 586 587 588
f 1390 1389 1388
f 1391 1388 969
f 597 598 599
f 600 601 602
f 1392 1391 970
f 608 609 610
f 612 524 523
f 614 615 616
f 617 618 25
f 620 621 622
f 1397 1390 1391
f 1398 1397 1392
f 1400 987 920
f 1402 1403 1165
f 636 637 638
f 930 1404 1402
f 641 642 643
f 929 1402 1169
f 1404 1405 1403
f 1411 1366 1365
f 1412 1406 1415
f 652 653 654
f 609 656 657
f 659 660 661
f 558 663 586
f 665 666 667
f 1413 1411 1406
f 1418 1416 9262
f 1417 1372 1371
f 1416 1371 9281
f 1419 1417 1416
f 1386 909 1374
f 677 678 679
f 1385 1386 1420
f 1420 1374 1376
f 685 686 687
f 1421 1420 1422
f 528 690 691
f 1422 1376 1372
f 1018 1019 747
f 699 700 701
f 1424 578 579
f 9115 1597 1767
f 700 699 711
f 1093 9198 9206
f 717 718 530
f 721 722 723
f 704 1650 8987
f 19 1429 1426
f 1429 1428 1427
f 1658 1659 8986
f 1439 1437 1434
f 1437 1436 1435
f 1426 1427 1433
f 1442 1431 1432
f 742 743 744
f 1432 1433 1441
f 751 752 753
f 1438 1434 1403
f 1446 1445 1444
f 1447 1448 1446
f 9312 1447 1443
f 1415 1367 1445
f 1414 1415 1446
f 2173 1683 469
f 777 778 779
f 780 781 782
f 1676 1693 1806
f 9311 1451 1349
f 789 790 791
f 745 792 793
f 652 794 795
f 1455 1458 1457
f 1454 1367 1350
f 610 691 802
f 9283 9268 698
f 1352 1044 1045
f 1015 1016 1459
f 811 812 813
f 2118 9267 9269
f 819 820 821
f 1466 1463 1194
f 1467 1468 1465
f 1182 1165 1468
f 832 812 833
f 835 836 837
f 1467 1466 1190
f 1469 1470 1444
f 840 700 712
f 1453 1470 1469
f 599 844 845
f 1226 1450 9301
f 851 852 853
f 855 744 856
f 858 859 860
f 861 862 863
f 1014 1226 9307
f 867 676 868
f 870 871 872
f 874 875 876
f 1310 1323 1471
f 1476 1433 1427
f 1461 1476 1475
f 887 888 889
f 788 791 892
f 894 895 896
f 1460 1475 1227
f 901 902 524
f 1465 1478 1477
f 1865 8947 8944
f 911 912 913
f 916 917 918
f 1850 8949 8951
f 921 922 895
f 1479 1435 1436
f 926 664 667
f 1481 562 563
f 269 1483 84
f 931 932 933
f 934 935 614
f 936 685 688
f 938 659 662
f 1484 270 122
f 941 942 835
f 320 321 509
f 1849 8954 8949
f 84 1483 1484
f 1487 1490 1488
f 1757 1758 8946
f 365 1492 1491
f 461 79 80
f 117 363 362
f 1494 540 541
f 926 601 957
f 1477 1441 1433
f 1709 1588 1585
f 119 117 1496
f 271 1497 504
f 511 517 189
f 345 1496 1492
f 57 344 299
f 1501 1499 268
f 267 268 1499
f 974 975 976
f 1678 1652 1693
f 9298 1682 1807
f 557 982 663
f 983 941 984
f 1443 1444 9301
f 421 1500 268
f 989 990 991
f 1490 1487 418
f 279 280 309
f 997 868 676
f 998 26 999
f 1504 418 38
f 1506 1508 1507
f 360 361 1508
f 1506 1486 207
f 939 1005 1006
f 270 1484 1483
f 66 63 546
f 1010 742 793
f 367 428 437
f 244 31 363
f 1670 8976 8978
f 209 206 1510
f 388 389 426
f 427 274 250
f 161 520 521
f 100 246 45
f 1025 1026 608
f 1029 1030 1031
f 939 662 1033
f 41 42 594
f 1036 780 783
f 702 701 1038
f 1040 1041 1042
f 362 32 369
f 187 1520 477
f 70 1487 539
f 1049 600 603
f 613 867 869
f 860 1050 1051
f 1005 1052 1053
f 753 1055 1056
f 1057 1058 1059
f 293 288 1522
f 288 212 1521
f 292 1522 1523
f 331 1507 1508
f 306 452 453
f 100 44 41
f 462 1524 78
f 330 331 1524
f 635 1067 1068
f 1485 1527 1526
f 206 1485 1528
f 1070 1071 1072
f 942 941 1073
f 916 933 1075
f 440 1529 1530
f 157 158 1514
f 1529 162 5
f 371 595 546
f 790 586 663
f 1077 858 857
f 1403 1434 1435
f 1080 1081 1082
f 531 520 1529
f 21 1083 1084
f 272 1532 1531
f 690 712 802
f 335 9015 9011
f 1090 1030 1029
f 1092 795 794
f 1533 396 137
f 661 660 1095
f 69 444 445
f 1099 1100 1101
f 38 39 1536
f 1104 1105 1106
f 852 1107 1108
f 1377 908 909
f 291 377 411
f 316 1536 516
f 539 1488 1533
f 1505 1536 316
f 1110 1111 1112
f 1539 1537 460
f 522 441 1537
f 834 837 1120
f 1122 1123 1124
f 612 1125 1041
f 935 793 615
f 276 278 130
f 1686 8993 8966
f 193 190 1541
f 231 521 1540
f 556 1037 982
f 365 253 85
f 190 532 318
f 1810 765 9018
f 9376 1867 8956
f 1132 983 985
f 208 101 102
f 1134 1033 662
f 1491 518 80
f 429 133 1542
f 1137 1138 915
f 172 436 428
f 1139 1140 1141
f 549 96 54
f 1517 1519 1518
f 834 1119 984
f 1543 513 286
f 1544 797 239
f 133 134 1544
f 506 361 257
f 420 327 328
f 1158 1159 1160
f 587 1104 1103
f 607 1161 1027
f 304 1546 1545
f 364 1491 77
f 69 70 198
f 700 840 1112
f 9329 626 8969
f 1166 719 657
f 1167 1168 858
f 1300 8967 8968
f 1172 1173 1174
f 218 203 200
f 1179 1180 1181
f 372 183 97
f 89 104 227
f 1186 1187 1188
f 172 173 1517
f 1482 84 81
f 1090 1192 1193
f 394 395 353
f 526 525 1198
f 1199 1200 1026
f 606 623 697
f 1204 1205 1206
f 1207 1208 523
f 1209 1210 867
f 914 913 685
f 1478 1436 1441
f 1029 1028 1161
f 1211 1212 1213
f 9310 1453 1451
f 844 1215 1216
f 423 193 273
f 1220 1221 1222
f 22 1223 1224
f 882 898 897
f 1519 1517 173
f 1189 1188 1232
f 349 350 550
f 1071 1235 1236
f 1237 1238 1239
f 1221 1186 1189
f 1510 1528 1512
f 939 1032 1241
f 1556 1530 5
f 1553 1554 394
f 404 1556 67
f 1247 1248 1249
f 142 199 238
f 1251 1067 635
f 850 1252 1253
f 1254 1167 1077
f 57 132 133
f 443 430 552
f 1187 1172 1175
f 1256 1070 831
f 432 405 382
f 741 748 747
f 434 350 351
f 349 432 383
f 251 124 1481
f 395 384 352
f 1518 1519 1550
f 1558 410 378
f 109 263 314
f 285 1514 1513
f 395 394 393
f 202 203 410
f 417 408 405
f 1246 1257 1258
f 3 1559 297
f 1259 1260 1261
f 403 404 347
f 955 954 953
f 462 50 51
f 1096 1095 687
f 429 147 60
f 896 1264 1265
f 1267 721 1268
f 423 424 327
f 37 179 180
f 20 23 1187
f 1256 1168 1071
f 1188 1175 1269
f 1236 1270 1271
f 1272 536 535
f 565 564 463
f 1273 792 745
f 876 1254 1255
f 316 33 164
f 437 1516 503
f 194 1494 1495
f 1275 1276 864
f 624 625 631
f 1277 1274 1137
f 569 568 567
f 1481 124 125
f 324 325 547
f 1279 1108 1107
f 1525 332 329
f 1281 1278 1137
f 171 168 1553
f 1488 73 396
f 1557 1561 1562
f 1282 856 1206
f 1053 1277 1278
f 778 777 607
f 713 583 9010
f 251 225 144
f 4 357 348
f 709 708 707
f 728 48 45
f 261 135 1563
f 789 1286 1287
f 74 314 263
f 403 284 385
f 1178 1181 1240
f 1223 1259 1289
f 1220 20 1186
f 296 1518 354
f 784 459 1538
f 1181 1180 1291
f 1269 1292 1257
f 1566 1538 438
f 136 784 1566
f 1563 1564 169
f 107 114 109
f 1297 1282 1298
f 1464 1477 1476
f 1520 187 507
f 1301 1302 1303
f 1306 1307 1308
f 175 456 1532
f 1532 456 200
f 1311 1266 1312
f 872 1314 1315
f 9288 843 878
f 1305 1308 864
f 1040 1275 863
f 1564 1566 399
f 592 1576 1575
f 591 1575 1088
f 1581 1584 1583
f 1196 1152 1147
f 710 582 583
f 285 407 408
f 953 954 961
f 1594 1592 1589
f 1585 1588 1587
f 1592 1591 1590
f 9337 945 944
f 1600 1599 1598
f 1604 1603 1602
f 1399 1392 979
f 1589 1590 1596
f 1610 1609 1608
f 298 257 361
f 551 552 276
f 1627 1626 9266
f 859 811 818
f 1078 857 1328
f 1555 439 1530
f 572 573 680
f 772 465 776
f 977 1281 918
f 404 403 392
f 1054 1331 750
f 1644 1645 1643
f 932 1265 1082
f 1067 1333 1334
f 1540 1539 264
f 597 1335 643
f 471 761 762
f 1642 696 9283
f 1644 1642 9294
f 923 946 950
f 96 549 548
f 520 531 522
f 445 444 443
f 849 839 848
f 480 759 755
f 1646 760 481
f 311 426 1567
f 464 463 8941
f 8941 1360 1361
f 234 237 236
f 190 193 192
f 153 154 152
f 231 287 286
f 1552 1553 1551
f 760 1646 1648
f 9284 1647 1649
f 828 827 826
f 52 167 166
f 1663 1662 1661
f 287 107 115
f 668 671 670
f 634 645 640
f 553 560 559
f 118 36 33
f 492 484 491
f 8996 1652 1651
f 582 589 584
f 384 395 392
f 1381 1382 1383
f 1562 1561 435
f 952 953 951
f 8973 9010 583
f 1660 1661 1667
f 1394 1395 1396
f 1660 1665 1664
f 1671 1670 1669
f 1624 1625 1673
f 1407 1408 1409
f 1677 1676 1675
f 1613 1679 1677
f 1679 1678 1676
f 1626 1681 9263
f 534 199 198
f 803 733 734
f 400 248 191
f 65 66 143
f 8970 1657 1656
f 402 159 157
f 629 628 627
f 461 477 49
f 758 757 495
f 796 787 786
f 406 407 1513
f 342 343 166
f 1694 1659 1658
f 1692 1687 1694
f 9001 1693 1652
f 9373 1704 1703
f 326 547 302
f 9368 9373 1702
f 9371 9370 1698
f 1699 1691 9379
f 1557 406 1560
f 1127 1116 1117
f 400 401 289
f 1706 1702 1707
f 1707 1702 1599
f 1709 1706 1708
f 1714 1712 1711
f 9371 9367 1709
f 1704 1711 1577
f 1716 1714 1713
f 1559 1562 1549
f 1722 1721 1720
f 1335 597 596
f 410 411 377
f 973 1170 1163
f 168 169 399
f 1571 682 1089
f 1572 681 682
f 749 646 647
f 1730 1724 1723
f 1594 1582 1729
f 1729 1723 1591
f 1384 1378 1377
f 1732 1731 1712
f 1724 1730 1731
f 1722 1724 1732
f 1721 1722 1733
f 1734 1733 1716
f 1735 1737 1736
f 1733 1732 1714
f 1663 1664 1741
f 1742 1665 1740
f 1738 1739 1737
f 1665 1660 1666
f 1665 1742 1744
f 1725 1726 1746
f 1591 1725 1745
f 1590 1745 1747
f 1745 1746 1748
f 1659 1688 8982
f 5650 1760 8989
f 1185 1177 1182
f 1664 1744 1749
f 1741 1749 1739
f 1746 1742 1743
f 1726 1744 1742
f 1115 924 1153
f 1654 8990 9019
f 1896 9006 8993
f 1720 1749 1744
f 1721 1739 1749
f 1750 1718 1701
f 1697 1736 1750
f 1151 1152 1063
f 1751 1752 1670
f 1695 1658 1752
f 961 962 986
f 1770 1769 1768
f 1766 1594 1593
f 1731 1759 1579
f 1579 1777 1774
f 9380 1772 1771
f 1764 1772 9380
f 1777 1776 1775
f 9214 9215 1699
f 1004 1127 1128
f 1774 1775 1771
f 987 1400 1399
f 1578 1774 1772
f 1783 1782 1781
f 1597 1598 1770
f 639 1878 9347
f 9380 9381 1769
f 1793 1792 1789
f 9381 9372 1798
f 8952 8960 9225
f 1802 1867 9376
f 1788 1790 1794
f 1793 1794 1795
f 9225 9224 1675
f 1584 1581 1783
f 1771 1797 9372
f 1801 1799 1798
f 1768 1769 1798
f 1775 1796 1797
f 508 514 515
f 1796 1803 1802
f 1800 1798 9372
f 1794 1805 1804
f 8976 1670 1752
f 485 1808 1807
f 9261 9296 1640
f 9289 9296 1810
f 485 482 1640
f 1690 1691 9222
f 487 488 1648
f 9291 1813 1816
f 9290 1811 1648
f 9291 1812 1811
f 1812 1809 487
f 1641 1809 767
f 465 466 755
f 767 1815 9275
f 9274 1816 9278
f 1809 1812 1815
f 9289 1653 1651
f 675 672 8985
f 1814 1649 1822
f 1821 1822 9273
f 1824 1822 1649
f 1827 1849 1850
f 1668 1669 1662
f 1779 1780 1848
f 1790 1827 1805
f 1833 1836 1853
f 8965 8950 693
f 1614 1615 1616
f 1852 1853 8942
f 1620 1621 1622
f 1855 1765 1574
f 1847 1852 8945
f 1766 1765 1855
f 1629 1630 1631
f 1633 1622 1634
f 1635 1636 1637
f 1848 1833 1852
f 1855 1861 1863
f 1803 1866 1867
f 1862 1863 1831
f 1782 1855 1862
f 9374 9376 1865
f 1873 1872 1870
f 1874 1869 799
f 2045 9330 9349
f 1219 1345 1295
f 1615 1614 1396
f 9336 9347 1877
f 645 9350 9238
f 1345 1219 1035
f 634 639 9336
f 15 1887 1327
f 9362 9347 1878
f 1894 604 605
f 8950 8995 627
f 9004 640 645
f 340 341 454
f 1897 194 195
f 1889 1882 1877
f 1901 94 129
f 196 749 754
f 1705 1704 9373
f 340 378 166
f 1570 1480 563
f 1904 1494 194
f 1781 1862 1832
f 1905 549 55
f 1000 994 995
f 986 919 920
f 1191 1185 1190
f 2094 2077 2075
f 1920 1921 1919
f 453 454 1912
f 1915 1919 1918
f 9334 2112 2106
f 1655 9019 8975
f 1916 1918 1926
f 704 8998 9005
f 278 1916 1925
f 9009 9008 1818
f 1097 949 1115
f 1927 1928 727
f 9030 9031 9106
f 1920 310 307
f 1929 307 48
f 503 504 1497
f 1902 1903 787
f 1816 1821 9272
f 1925 1926 1923
f 1535 1569 1568
f 254 252 258
f 1509 1497 366
f 119 86 35
f 219 288 293
f 141 46 47
f 542 205 244
f 1940 552 430
f 1779 1828 1827
f 1701 1710 9367
f 1661 8994 8959
f 270 53 754
f 197 1947 749
f 1727 1728 1212
f 53 54 232
f 1465 1468 1479
f 1284 9314 9306
f 1951 446 412
f 168 398 1554
f 1486 1485 206
f 506 77 78
f 994 1001 1007
f 951 953 963
f 1013 9311 9313
f 9278 9272 1820
f 1498 1909 1954
f 299 298 543
f 1754 1755 1756
f 1681 469 1683
f 1696 1694 1695
f 13 14 738
f 473 476 475
f 482 1641 768
f 204 62 30
f 1761 1762 820
f 611 1763 1125
f 1501 1503 1908
f 1074 1073 711
f 1960 1944 82
f 120 1956 1960
f 35 86 87
f 1773 1199 1025
f 1965 1545 1569
f 494 761 471
f 1966 1967 1969
f 446 1951 1971
f 174 368 125
f 1580 1579 1578
f 1785 1786 1787
f 1972 1546 304
f 1254 876 875
f 1973 341 342
f 321 1912 1973
f 1910 277 275
f 509 1973 514
f 1486 1507 1527
f 1974 1874 804
f 1977 1976 1974
f 1980 448 1966
f 379 1 2
f 1718 1715 1710
f 884 995 992
f 1680 1684 1678
f 902 990 525
f 344 255 256
f 135 138 137
f 448 446 1967
f 589 605 604
f 910 909 908
f 1981 1966 1968
f 1982 1981 1987
f 1988 1979 1987
f 1990 1988 1989
f 1991 1989 1993
f 322 321 320
f 992 828 830
f 1144 1076 1086
f 1995 1977 1978
f 1133 1129 1118
f 1997 1995 1994
f 870 1823 1335
f 805 806 1982
f 727 184 2000
f 1996 1994 1988
f 1994 1978 1979
f 1829 616 792
f 1830 1073 941
f 798 803 800
f 729 732 731
f 2011 2012 2023
f 1834 1835 846
f 402 283 284
f 2022 2023 2024
f 1838 718 989
f 810 955 952
f 1823 1839 1840
f 1430 1426 1432
f 1215 844 1841
f 1316 1208 873
f 2112 1401 1384
f 1842 1843 1844
f 1159 846 845
f 837 27 1846
f 1971 1951 2030
f 517 369 370
f 1471 2026 2027
f 8995 8969 626
f 2174 2175 770
f 935 934 1854
f 1613 1619 1611
f 1231 1228 1225
f 1856 1857 891
f 1300 1309 748
f 1150 1149 1858
f 1643 606 696
f 1215 1265 1264
f 1320 1860 902
f 1956 1943 1944
f 2031 668 669
f 2034 1325 1310
f 1879 1880 1656
f 40 245 242
f 1992 1993 2039
f 888 958 957
f 1882 1889 1996
f 1078 1138 1255
f 1871 912 1192
f 294 411 218
f 1323 2041 2026
f 123 1960 83
f 1324 2036 2041
f 384 358 359
f 1324 1325 2038
f 1883 1884 1885
f 287 1540 114
f 1096 1886 1134
f 915 1329 931
f 806 1980 1981
f 8977 8973 584
f 1425 2030 2042
f 1018 2042 1948
f 9006 1896 740
f 1948 2042 649
f 1881 1882 1990
f 1900 129 130
f 992 995 994
f 923 927 925
f 9330 2045 2047
f 1643 2048 625
f 2050 2052 2051
f 2045 1405 1404
f 9328 2047 945
f 1139 1080 1079
f 1037 1856 892
f 2055 2053 2057
f 1198 989 718
f 1619 2058 1612
f 2058 1605 1606
f 2059 2060 1607
f 2058 1619 1624
f 71 72 179
f 405 406 1557
f 322 1548 1972
f 2061 2052 2063
f 2066 2065 2067
f 2052 2061 2064
f 1609 1610 2066
f 1515 151 152
f 1009 827 993
f 1644 9295 9267
f 279 1915 1916
f 1285 9315 9314
f 1647 2066 1825
f 2056 2057 2067
f 319 320 1953
f 667 666 1913
f 2070 631 625
f 2052 2050 2055
f 2038 1654 1655
f 1606 1601 2073
f 1235 1917 1270
f 2072 2073 2075
f 2059 1606 2072
f 2074 2075 2077
f 1601 1602 2078
f 2049 2048 1643
f 1000 1004 1001
f 1089 943 684
f 1931 1286 1306
f 1462 1459 1021
f 1932 1933 1934
f 875 874 1846
f 1936 1051 1937
f 44 45 46
f 1534 1955 1956
f 1541 318 317
f 2081 2082 2084
f 146 1945 1959
f 1360 1941 1942
f 985 984 1032
f 1995 1997 1892
f 2079 2080 2082
f 2095 2096 2076
f 2081 2093 2078
f 2055 2050 2054
f 501 2096 2095
f 2097 2100 2099
f 2098 2099 2094
f 2140 2141 9345
f 2141 2046 9346
f 2051 2070 2048
f 592 2102 2101
f 2071 2064 2076
f 2102 2097 2098
f 593 2103 2102
f 1019 1895 746
f 1950 11 12
f 725 2071 2096
f 1385 2105 2104
f 1379 2104 2106
f 2107 2108 2100
f 9360 726 502
f 9348 502 499
f 940 1389 2109
f 928 929 1170
f 9320 590 684
f 1962 1963 1964
f 9330 680 573
f 2039 1993 1968
f 1389 1390 2110
f 1398 2111 2113
f 9209 9207 9205
f 9363 9335 2107
f 949 923 924
f 260 241 324
f 1390 1397 2113
f 2070 2051 2064
f 9319 9363 2103
f 2105 1385 1421
f 2114 1421 1423
f 9344 2114 2115
f 9360 2105 2114
f 554 2116 1902
f 972 1163 967
f 1765 1593 1573
f 1984 1985 1986
f 2053 2117 2069
f 9017 9000 724
f 1625 1677 1674
f 9333 9340 2119
f 9355 2115 2123
f 56 1954 1906
f 626 9329 9331
f 2001 2002 2003
f 9364 9293 2127
f 2006 2007 2008
f 2127 1413 1412
f 2014 2015 2016
f 2018 2019 2020
f 1495 1424 1947
f 1379 1377 1386
f 9266 9263 1680
f 2029 1885 1884
f 9354 2128 2120
f 629 9331 9366
f 682 683 943
f 724 1650 2121
f 1757 1819 9273
f 765 1810 9296
f 9303 714 715
f 706 707 9322
f 981 986 987
f 1457 1868 1656
f 2017 2016 2032
f 1458 1655 1868
f 1776 1777 1792
f 1959 1945 1946
f 9115 9167 9177
f 9365 9333 2122
f 1093 1089 689
f 966 965 968
f 9304 715 9333
f 2172 9029 2170
f 670 2138 2137
f 9213 787 1903
f 1429 19 28
f 964 963 978
f 9293 9265 1413
f 1473 1474 669
f 9286 9285 1359
f 2138 798 1870
f 1872 1473 2137
f 715 716 9340
f 1881 1991 1992
f 9295 9294 739
f 1837 1847 8957
f 253 58 59
f 1808 9289 9292
f 1647 9284 9270
f 9317 9318 671
f 2112 9334 9335
f 1405 2045 2044
f 9281 9276 1364
f 273 1541 391
f 576 632 8964
f 9327 9317 668
f 1430 1431 2140
f 2136 9302 9312
f 1430 2139 18
f 9345 9346 570
f 1442 1439 2046
f 1431 1442 2141
f 9321 9365 9302
f 9260 9275 1817
f 9318 9345 695
f 2142 2025 798
f 571 2143 2142
f 9271 9266 1618
f 2143 2022 2025
f 694 2142 2138
f 681 1572 2144
f 2144 2011 2022
f 328 210 457
f 1572 2010 2011
f 630 9344 9355
f 2085 2086 2087
f 2090 2091 2092
f 572 2144 2143
f 1875 1976 2153
f 1873 1875 2149
f 2103 2107 2097
f 2157 2043 2155
f 2128 1412 1414
f 9326 9323 589
f 9324 9322 628
f 2149 2153 2158
f 2159 2158 9357
f 698 9359 9354
f 9275 9299 9279
f 2158 2156 9326
f 1438 2044 2046
f 2035 2154 2160
f 2161 2160 9341
f 9323 9343 605
f 9325 17 18
f 370 29 61
f 649 1951 413
f 2153 2157 2156
f 1428 1429 1449
f 1490 76 73
f 9342 9357 710
f 2155 1891 9343
f 1456 1457 1880
f 2125 2088 2087
f 2160 2159 9342
f 300 1959 505
f 1064 1062 1046
f 2043 1892 1891
f 2129 2130 2004
f 2131 2132 2133
f 9300 9301 1450
f 1998 1975 804
f 9331 673 9316
f 474 492 490
f 1164 1165 1182
f 707 2162 9361
f 708 1472 2162
f 2162 2161 9338
f 548 549 1905
f 1145 1136 1114
f 705 2121 1650
f 2043 2157 1977
f 737 738 554
f 1034 1195 1191
f 458 1905 1907
f 195 196 232
f 2040 2039 1969
f 2145 2146 2147
f 2054 2050 2049
f 9284 1646 1639
f 9 12 11
f 252 364 506
f 472 478 479
f 1865 9376 9243
f 900 903 910
f 1941 2150 2151
f 1921 1928 1927
f 2163 1897 1898
f 271 156 153
f 1904 1326 12
f 282 263 264
f 1872 1873 2154
f 1326 1904 1897
f 628 692 693
f 1724 1722 1719
f 1549 1562 436
f 1582 1583 1730
f 1921 1920 1929
f 9007 8955 10
f 2152 2037 1950
f 475 772 774
f 769 2172 2171
f 2171 2165 476
f 476 773 772
f 1791 565 464
f 2166 2167 2168
f 595 371 372
f 483 1809 1641
f 762 2174 2173
f 771 483 484
f 486 487 1809
f 297 1549 1517
f 763 2175 2174
f 776 755 759
f 184 185 2176
f 412 447 303
f 2005 2176 185
f 9263 1681 1682
f 2164 2170 756
f 1472 2035 2161
f 950 951 964
f 2177 2178 2179
f 227 226 1510
f 2182 2183 2184
f 2186 2019 2018
f 1985 2182 2181
f 214 736 729
f 865 849 842
f 849 865 1357
f 559 3187 3188
f 16 13 737
f 560 553 498
f 3193 3196 3195
f 3200 3197 3198
f 3211 3214 3213
f 3215 3218 3217
f 2187 2188 2002
f 3233 3236 3235
f 3223 3221 3222
f 3229 3232 3231
f 3245 3248 3247
f 2169 2168 2189
f 2192 2086 2085
f 2193 2194 2195
f 2198 2199 2200
f 1998 1982 1979
f 9116 9117 9120
f 3253 3256 3255
f 2116 1898 1903
f 1859 2006 2009
f 9356 2123 2126
f 1135 1148 1087
f 2201 2202 2015
f 1149 111 110
f 3261 3264 3263
f 3269 3272 3271
f 3265 3268 3267
f 3229 3230 3284
f 3289 3292 3291
f 3299 3302 3301
f 3307 3263 3264
f 3293 3296 3295
f 3297 3223 3224
f 3319 3321 3291
f 3322 3323 3318
f 3314 3313 3312
f 3285 3288 3287
f 3332 3333 3218
f 3329 3331 3330
f 3324 3325 3227
f 3298 3224 3326
f 2203 2204 2205
f 579 580 1895
f 1755 2207 2208
f 3337 3340 3339
f 9343 9362 1893
f 1211 2151 2150
f 868 997 2210
f 3347 3350 3349
f 944 945 930
f 2130 2129 2202
f 233 1903 1898
f 665 751 750
f 1167 1254 999
f 2211 2212 2213
f 2215 2216 2217
f 9319 593 590
f 2220 221 220
f 823 824 948
f 3375 3240 3377
f 3393 3392 3391
f 3353 3358 3357
f 3363 3366 3365
f 3402 3405 3404
f 266 204 455
f 9334 2108 2107
f 2221 2222 8963
f 2223 2224 2225
f 2207 2125 2124
f 3293 3309 3336
f 673 674 9321
f 817 1000 996
f 2227 2228 2146
f 1947 1948 646
f 9352 2135 17
f 2229 1635 1638
f 1679 1613 1618
f 1637 2231 2232
f 2233 2234 1617
f 2231 2235 2236
f 3406 3409 3408
f 1381 1638 2238
f 9038 2241 2242
f 3414 3416 3341
f 1630 2234 2233
f 1681 1626 472
f 1408 1407 2243
f 3423 3426 3425
f 3433 3351 3263
f 3434 3429 3430
f 3440 3443 3442
f 3444 3447 3446
f 3436 3451 3450
f 3442 3443 3456
f 1637 2230 2238
f 3445 3446 3437
f 3448 3443 3440
f 1409 1408 1634
f 1380 1383 2247
f 1628 2248 2245
f 3463 3466 3465
f 3308 3477 3462
f 2249 1623 1622
f 1632 1634 1408
f 2248 1628 1631
f 3478 3481 3480
f 3509 3512 3511
f 2235 2231 1637
f 3505 3508 3507
f 3457 3458 3199
f 631 2070 2071
f 515 167 52
f 782 781 2251
f 2253 2254 2255
f 397 281 459
f 1456 2039 2040
f 2040 2041 2036
f 3434 3475 3518
f 1401 2112 2111
f 2041 2040 1970
f 3367 3337 3338
f 1535 121 414
f 1586 1587 2080
f 2256 983 1132
f 3528 3531 3530
f 3519 3521 3520
f 3537 3505 3506
f 3543 3546 3545
f 1700 1699 9370
f 3486 3551 3550
f 3455 3456 3497
f 3558 3560 3559
f 3456 3568 3500
f 3572 3571 3252
f 3308 3264 3285
f 3316 3317 3574
f 3575 3478 3479
f 3576 3579 3578
f 3580 3583 3582
f 3584 3587 3586
f 3505 3537 3588
f 3589 3592 3591
f 3600 3603 3602
f 3542 3539 3595
f 3604 3605 3592
f 3611 3610 3613
f 3622 3625 3624
f 3618 3621 3620
f 3626 3629 3628
f 3644 3647 3646
f 3634 3637 3636
f 3638 3639 3641
f 9267 1896 1686
f 1263 2256 1886
f 3613 3655 3654
f 598 1841 844
f 2257 2258 2259
f 2258 2261 2262
f 2259 2262 2263
f 2260 2259 2216
f 1967 1971 1970
f 2212 1964 1963
f 922 921 2218
f 1312 1098 1101
f 1307 1306 1286
f 1548 1569 1546
f 2266 2267 2268
f 2265 2268 2270
f 2272 2265 2269
f 2273 2266 2265
f 2275 2276 2277
f 2278 2274 2277
f 2284 2285 9069
f 2287 2283 2286
f 2288 2289 2283
f 2290 2284 9091
f 2291 2292 2293
f 2295 2291 2294
f 2296 2297 2291
f 2297 2298 2292
f 2294 2293 2299
f 2279 2294 2300
f 2298 2301 2302
f 2292 2302 2303
f 2293 2303 2304
f 2304 2305 2306
f 2308 2309 2310
f 2302 2307 2310
f 2301 2311 2307
f 2312 2308 2307
f 2313 2314 2315
f 2318 2319 2320
f 9200 9223 2322
f 2324 2325 2273
f 2313 2324 2326
f 2328 2324 2313
f 2329 2325 2324
f 2331 2332 2333
f 2330 2333 2267
f 2325 2330 2266
f 2329 2331 2330
f 2333 2334 2335
f 2336 2334 2333
f 2338 2336 2332
f 2331 2339 2337
f 2329 2340 2339
f 2328 2341 2340
f 2316 2342 2341
f 2342 2316 2315
f 2344 2345 2346
f 2341 2344 2347
f 2342 2348 2344
f 2348 2349 2345
f 2350 2351 2352
f 2339 2350 2353
f 2340 2347 2350
f 2347 2346 2351
f 2337 2353 2354
f 2353 2352 2355
f 2356 2277 2276
f 2356 2357 2358
f 2356 2359 2296
f 2279 2277 2356
f 2360 2361 2270
f 2267 2335 2360
f 2362 2363 2364
f 2362 2365 2361
f 2366 2362 2358
f 2366 2367 2363
f 2357 2276 2368
f 2366 2368 2369
f 2276 2275 2370
f 2368 2370 2282
f 2372 2373 2374
f 2375 2376 2377
f 2378 2379 2380
f 2382 2378 2381
f 2384 2385 2378
f 2385 2386 2379
f 2388 2389 2390
f 2387 2390 2392
f 2393 2394 2387
f 2394 2395 2388
f 2186 2401 2402
f 2403 2404 2327
f 2272 2403 2326
f 2271 2405 2403
f 2405 2406 2404
f 2404 2407 2408
f 2409 2410 2411
f 2409 2412 2271
f 2413 2409 2269
f 2413 2414 2410
f 2417 2415 2416
f 2417 2418 2406
f 2412 2417 2405
f 2411 2415 2417
f 2406 2419 2407
f 9013 8964 632
f 2420 2398 2397
f 2420 2421 2423
f 2424 2420 2422
f 2424 2399 2398
f 2425 2391 2392
f 2421 2425 2426
f 2397 2396 2425
f 2396 2393 2391
f 2427 2314 2408
f 2430 2427 2428
f 2343 2315 2427
f 2432 2343 2430
f 2431 2430 2429
f 2435 2431 2433
f 2436 2432 2431
f 2428 2408 2407
f 2422 2437 2407
f 2438 2437 2422
f 2429 2428 2437
f 2440 2434 2433
f 2441 2439 2433
f 2442 2443 2439
f 2443 2444 2440
f 2445 2446 2444
f 2447 2445 2443
f 2383 2381 2445
f 2381 2380 2446
f 2448 2438 2423
f 2449 2448 2426
f 2441 2448 2449
f 2441 2429 2438
f 2449 2392 2390
f 2450 2390 2389
f 2447 2450 2451
f 2442 2449 2450
f 2451 2389 2453
f 2452 2453 2455
f 2382 2452 2454
f 2383 2451 2452
f 2456 2457 2373
f 2459 2460 2461
f 2463 2464 2465
f 2462 2465 2285
f 2466 2462 2284
f 2467 2463 2462
f 2461 2460 9155
f 2468 2469 2470
f 2472 2468 2471
f 2474 2461 9153
f 2475 2476 2477
f 2458 2455 2453
f 2479 2453 2389
f 2395 2480 2479
f 2480 2459 2458
f 2481 2482 2483
f 2484 113 2485
f 2471 2470 2464
f 2473 2471 2463
f 2487 2467 2466
f 2486 2466 2290
f 2490 2486 2488
f 2491 2487 2486
f 2492 2473 2467
f 2493 2492 2487
f 2494 2495 2492
f 2495 2472 2473
f 9142 2496 2474
f 9143 2497 2496
f 2498 2494 2493
f 2500 2498 2499
f 9152 9139 2498
f 9139 9143 2494
f 2306 2504 2278
f 2305 2505 2504
f 2504 2505 2507
f 2506 2507 2288
f 2274 2506 2508
f 2278 2504 2506
f 9085 9084 2489
f 9072 9085 2488
f 2507 2509 2289
f 2505 2510 2509
f 2508 2288 2287
f 2511 2287 2281
f 2370 2511 2280
f 2275 2508 2511
f 2512 2490 2489
f 2514 2512 2513
f 2517 2512 2514
f 2517 2491 2490
f 2499 2493 2491
f 2499 2517 2516
f 2510 2505 2519
f 2518 2519 2521
f 9068 2518 2520
f 9084 2510 2518
f 2522 2304 2303
f 2523 2522 2310
f 2305 2304 2522
f 2524 2522 2523
f 2519 2524 2525
f 2505 2305 2524
f 2308 2312 2527
f 2526 2527 2529
f 2531 2526 2528
f 2309 2308 2526
f 1214 2532 2151
f 2419 2406 2418
f 2533 2345 2349
f 2534 2533 2317
f 2535 2536 2533
f 2536 2346 2345
f 2537 2351 2346
f 2538 2537 2536
f 2539 2540 2537
f 2540 2352 2351
f 2312 2355 2541
f 2527 2541 2542
f 2543 2435 2434
f 2545 2543 2544
f 2319 2318 2543
f 2318 2436 2435
f 2514 2515 2548
f 2547 2548 2550
f 2552 2547 2549
f 2552 2516 2514
f 2520 2521 2554
f 2553 2554 2556
f 9042 2553 2555
f 9073 2520 2553
f 2523 2309 2531
f 2557 2531 2530
f 2525 2523 2557
f 2559 2557 2558
f 2554 2559 2560
f 2521 2525 2559
f 2561 2375 2007
f 2376 2562 2225
f 2564 2565 2566
f 2563 2566 338
f 2569 2563 2567
f 2570 2564 2563
f 2572 2573 2574
f 2571 2574 2576
f 2544 2571 2575
f 2544 2434 2572
f 2578 2570 2569
f 2579 2577 2569
f 2574 2577 2579
f 2573 2578 2577
f 2581 2582 2583
f 2584 2580 2583
f 9149 9127 2580
f 9128 2581 2580
f 2582 2516 2552
f 2583 2552 2551
f 2500 2501 2589
f 2590 2588 2589
f 9145 9147 2588
f 9147 9152 2500
f 2501 2516 2591
f 2592 2593 2594
f 2386 2385 2503
f 2596 2379 2386
f 2596 2374 2373
f 2599 2596 2597
f 2599 2380 2379
f 2600 2446 2380
f 2600 2599 2598
f 2603 2600 2601
f 2603 2444 2446
f 2604 2603 2602
f 2440 2604 2605
f 2444 2603 2604
f 2606 2582 2581
f 2606 2607 2590
f 2591 2516 2582
f 9128 2587 2456
f 9141 2456 2372
f 2478 2477 2608
f 2609 2610 2611
f 2564 2570 2613
f 2612 2613 2598
f 2457 2612 2597
f 2565 2564 2612
f 2614 2613 2570
f 2615 2614 2578
f 2602 2601 2614
f 2601 2598 2613
f 2572 2434 2605
f 2616 2605 2602
f 2573 2572 2616
f 1459 1016 1045
f 1265 1215 1079
f 1612 1608 1609
f 2067 2057 2069
f 1135 1109 1136
f 1938 1937 2618
f 95 548 458
f 2058 1607 1608
f 1454 1469 1445
f 655 2620 1048
f 722 1049 2621
f 3665 3639 3634
f 1131 985 1033
f 562 1481 366
f 1723 1719 1725
f 1786 1123 1122
f 267 300 323
f 1325 2034 1654
f 1468 1165 1435
f 658 657 529
f 8 532 247
f 382 1557 1559
f 3631 3681 3680
f 788 619 1307
f 940 930 929
f 911 2622 2623
f 2621 2620 655
f 2624 1857 2625
f 998 1846 27
f 635 638 2626
f 2627 641 644
f 2628 2627 1840
f 1200 1199 2627
f 1199 1773 641
f 1520 515 49
f 1452 1350 1349
f 2630 2631 1859
f 644 643 1335
f 3683 3700 3699
f 1197 1198 717
f 2632 717 719
f 2628 2632 1166
f 2629 1197 2632
f 1762 2633 1050
f 1823 870 873
f 2634 2635 794
f 1042 794 2635
f 93 94 1901
f 2036 2038 1458
f 1527 332 1525
f 877 876 1274
f 134 409 797
f 1328 893 931
f 607 777 1091
f 1043 2635 2637
f 2636 2637 2639
f 1275 2636 2638
f 1275 1040 1043
f 1272 2624 2626
f 2640 2626 638
f 1110 2641 2640
f 536 1272 2640
f 1472 708 1474
f 2042 2030 1951
f 3668 3632 3633
f 1058 1106 1105
f 2642 2623 2643
f 1192 2642 2644
f 912 2623 2642
f 9350 1657 8970
f 1049 1048 2620
f 616 1829 1885
f 1331 1913 666
f 990 989 1198
f 1911 1912 321
f 1298 1282 1205
f 76 1490 1504
f 1502 1500 421
f 610 609 658
f 1146 937 659
f 2646 911 914
f 1280 1239 1238
f 1453 1454 1452
f 835 942 1843
f 1271 1270 1173
f 1893 1878 1826
f 1050 2633 1937
f 2651 2652 814
f 1006 1053 1281
f 2653 1084 2654
f 1001 1004 1003
f 585 997 679
f 2624 1272 621
f 555 678 2028
f 1207 526 1197
f 1626 1627 478
f 3729 3732 3731
f 3746 3749 3748
f 3770 3752 3750
f 426 389 419
f 1030 1193 1773
f 9350 645 634
f 534 1533 138
f 1125 1092 1042
f 333 228 88
f 569 1570 561
f 3691 3694 3693
f 1489 2656 871
f 1857 2624 620
f 1673 1674 9222
f 622 861 864
f 619 788 891
f 261 544 545
f 393 1555 1556
f 2658 2659 2647
f 1075 2658 2657
f 1081 1080 2658
f 1080 1139 2659
f 2644 2643 1141
f 2660 1141 1140
f 642 2660 1336
f 1193 2644 2660
f 679 678 555
f 3762 3765 3764
f 1503 1501 1500
f 1318 1317 1101
f 2661 2659 1139
f 2661 1142 2663
f 2662 2647 2659
f 2662 2663 2622
f 2664 2622 911
f 2648 2664 2646
f 2648 2647 2662
f 3586 3658 3779
f 2083 2094 2093
f 1442 1440 1437
f 3732 3734 3733
f 519 329 330
f 1885 2029 1209
f 799 800 805
f 1946 1943 1952
f 1302 1301 1253
f 3741 3738 3757
f 3660 3663 3662
f 566 2005 224
f 1389 940 928
f 683 682 681
f 836 835 1842
f 2665 1842 1845
f 2666 2665 1303
f 24 836 2665
f 831 1072 2650
f 1845 1844 1304
f 2010 2013 2012
f 1051 1936 2667
f 1522 1521 1511
f 531 440 441
f 1250 635 2625
f 2669 2625 1857
f 783 2669 1856
f 782 1250 2669
f 720 2670 2671
f 1055 1931 1930
f 1333 1067 1251
f 619 622 1308
f 652 655 2619
f 521 522 1539
f 1838 988 537
f 2672 537 536
f 1113 2672 2641
f 1113 527 1838
f 1016 1013 1351
f 9349 573 570
f 226 227 104
f 9008 9121 9279
f 1036 1037 1884
f 2674 1301 1304
f 2673 1304 1844
f 1334 2673 2675
f 1333 2674 2673
f 2676 702 1039
f 1843 2676 2675
f 942 1074 2676
f 1074 699 702
f 752 1057 1055
f 1200 1166 656
f 1120 1846 874
f 2677 874 877
f 1241 2677 1052
f 1119 1120 2677
f 1560 1513 151
f 1208 1316 611
f 215 735 736
f 1460 1459 1462
f 3717 3720 3719
f 1208 1207 1839
f 854 856 1282
f 3682 3697 3696
f 72 445 182
f 544 1563 1565
f 217 200 456
f 3673 3647 3781
f 2047 1404 930
f 1204 2618 1937
f 913 777 686
f 3705 3708 3707
f 840 527 1113
f 1531 729 730
f 2678 778 1283
f 601 667 1914
f 1537 1538 459
f 1819 1757 8953
f 991 1860 862
f 2679 711 1073
f 3776 3775 3581
f 2680 1830 983
f 779 2680 2256
f 778 2678 2680
f 2678 2679 1830
f 180 542 245
f 1886 1132 1131
f 3766 3768 3767
f 1138 1137 1274
f 3777 3778 3585
f 1841 598 1140
f 75 313 314
f 193 423 420
f 2681 2682 1099
f 3658 3586 3587
f 170 1567 1565
f 349 416 417
f 1121 1124 2684
f 547 797 409
f 123 122 121
f 2643 2663 1142
f 1542 1544 513
f 899 900 907
f 1210 677 676
f 791 663 982
f 24 27 837
f 893 896 932
f 1860 1320 863
f 535 538 862
f 3640 3684 3683
f 1569 1548 1547
f 181 455 542
f 660 659 937
f 2013 567 568
f 3781 3647 3644
f 887 890 2631
f 1524 1508 361
f 520 161 162
f 2653 855 854
f 1238 1237 2655
f 718 1838 527
f 1492 1493 518
f 792 616 615
f 599 846 1835
f 290 457 456
f 312 171 1552
f 1248 2687 1179
f 153 149 177
f 1240 1181 1222
f 1257 1292 1235
f 1291 1084 1083
f 1052 877 1277
f 743 742 2618
f 444 140 430
f 23 1224 1172
f 2687 2654 1180
f 102 103 409
f 1283 607 610
f 373 497 650
f 1180 2654 1084
f 855 2653 2655
f 1173 1270 1917
f 2689 850 853
f 2688 853 1108
f 2686 2688 1279
f 2687 2689 2688
f 2691 1302 1252
f 2690 1252 850
f 1248 2690 2689
f 1248 1247 2691
f 2692 617 24
f 2691 2692 2666
f 1247 1258 2692
f 1258 1168 617
f 394 1554 1555
f 2693 1260 1259
f 1072 1236 1262
f 1257 1071 1168
f 398 439 1555
f 871 1784 1314
f 1178 1232 1249
f 1224 1289 1173
f 1010 2617 2618
f 1175 1174 1292
f 2654 2687 2686
f 2694 1157 1216
f 71 418 1487
f 701 1112 1111
f 1072 1261 2649
f 1085 2695 22
f 895 2694 1264
f 1601 1606 1605
f 1259 1262 1271
f 21 20 1220
f 988 991 538
f 3533 3479 3535
f 598 597 1336
f 1050 860 818
f 1298 2645 1761
f 1168 1167 618
f 3629 3671 3670
f 858 1168 1256
f 39 242 516
f 2652 1761 819
f 313 316 315
f 2026 1970 1971
f 2656 1489 596
f 814 819 818
f 2696 2651 813
f 1260 2696 2649
f 2693 2697 2696
f 2697 1296 2651
f 381 355 390
f 9270 9271 1611
f 1475 1427 1428
f 1292 1174 1917
f 1551 353 354
f 1526 1525 1523
f 1593 1589 1595
f 1232 1269 1246
f 2695 2693 1223
f 2698 1297 1296
f 2698 2697 2693
f 2685 2698 2695
f 2685 854 1297
f 562 1497 271
f 2652 2651 1296
f 1365 1366 1364
f 1958 1946 1953
f 585 588 2210
f 1561 1560 1515
f 975 2648 1146
f 347 67 68
f 1038 1111 636
f 2700 781 780
f 2699 780 1036
f 2701 2699 1883
f 851 2700 2699
f 2674 1333 2251
f 2702 2251 781
f 1253 2702 2700
f 1301 2674 2702
f 1519 387 388
f 1273 1239 1280
f 2703 1280 1107
f 2701 2703 852
f 1829 1273 2703
f 91 260 326
f 1784 871 2656
f 2683 2684 2705
f 604 1894 8943
f 1669 8978 8992
f 2062 2063 2060
f 621 535 861
f 2023 731 732
f 686 779 1263
f 857 1051 2668
f 883 830 882
f 3648 3651 3650
f 637 636 1111
f 2668 894 893
f 3692 3712 3711
f 2667 921 894
f 1039 1038 1068
f 313 75 1504
f 1911 1972 305
f 1936 2706 1964
f 2707 2402 2401
f 2708 2707 2183
f 738 2163 2116
f 3785 3787 3709
f 2349 2348 2432
f 2711 2712 2020
f 2400 2711 2019
f 2714 2715 2716
f 2717 2718 2719
f 2721 2722 2723
f 2726 2727 2728
f 2725 2728 2730
f 2731 2725 2729
f 2732 2726 2725
f 2734 2735 2736
f 2738 2739 2740
f 2737 2740 2741
f 2744 2745 2746
f 2745 2744 2748
f 2749 2750 2747
f 2753 2749 2751
f 2250 1380 2246
f 3417 3420 3419
f 2754 1396 1614
f 9050 2754 2755
f 9060 2745 2747
f 1617 2756 2755
f 2242 2758 1620
f 3429 3432 3431
f 2191 2085 2760
f 2761 2759 2760
f 9100 2759 2761
f 9075 2191 2759
f 3209 3460 3354
f 1395 1394 2236
f 1395 2235 1636
f 3741 3791 3790
f 1616 1635 2229
f 3410 3413 3412
f 1617 2234 2763
f 2756 2763 9080
f 2765 2763 2234
f 2766 2764 9080
f 3202 3199 3458
f 1516 437 435
f 2768 2769 8996
f 1495 541 578
f 2135 2136 28
f 8970 8984 2773
f 1690 1689 9378
f 2778 2779 2780
f 2777 2780 2781
f 2784 2778 2777
f 8999 8965 575
f 1494 1904 9
f 8973 2016 2015
f 451 61 505
f 2786 2787 2788
f 2779 2786 2785
f 2789 2752 2741
f 2790 2753 2752
f 2792 2793 2794
f 2793 2795 2796
f 2796 2797 2750
f 2794 2796 2749
f 2798 1393 1396
f 9043 2798 2754
f 2798 2799 2800
f 9043 9114 2799
f 2797 2796 2795
f 2791 2794 2753
f 216 233 232
f 9256 2806 2807
f 9257 2809 2804
f 2769 2810 9001
f 183 185 184
f 2811 2812 2775
f 2804 2811 2776
f 2809 2813 2811
f 2812 2811 2813
f 9257 2808 2816
f 9248 2818 2815
f 9250 9252 2820
f 9245 2823 2819
f 2824 2736 2735
f 2823 2825 2824
f 2825 2823 2826
f 9245 2822 2827
f 9248 2817 2826
f 2713 2716 2829
f 2828 2829 2831
f 2822 2821 2828
f 2821 2820 2713
f 2832 2827 2822
f 2833 2832 2830
f 2834 2835 2832
f 2835 2818 2827
f 2837 2838 2839
f 2836 2839 2841
f 2842 2836 2840
f 2843 2837 2836
f 2840 2841 2845
f 2718 2844 2845
f 2730 2728 2844
f 2727 2840 2844
f 2846 2845 2841
f 2829 2846 2847
f 2847 2841 2839
f 2848 2839 2838
f 2833 2848 2849
f 2831 2847 2848
f 2850 2814 2851
f 2853 2850 2852
f 2783 2777 2782
f 2785 2788 2853
f 2780 2785 2856
f 2857 2858 2855
f 2859 2857 2782
f 2861 2843 2842
f 2860 2842 2727
f 2862 2860 2726
f 2863 2861 2860
f 2861 2863 2858
f 2843 2861 2857
f 2856 2853 2854
f 2781 2856 2864
f 2837 2843 2859
f 2838 2837 2864
f 2852 2851 2834
f 2854 2852 2849
f 2865 2815 2818
f 2851 2865 2835
f 2813 2809 2815
f 2814 2813 2865
f 2866 2812 2814
f 2788 2866 2850
f 2866 2788 2787
f 2812 2866 2867
f 1892 1889 1890
f 2720 2719 2846
f 298 299 256
f 2872 2714 2713
f 9246 9252 2735
f 2729 2730 2874
f 2846 2716 2715
f 2876 2877 2878
f 2733 2875 2878
f 9258 9259 2879
f 9258 2880 2872
f 2882 2883 2884
f 2881 2884 2715
f 2880 2881 2714
f 2879 2882 2881
f 2885 2886 2887
f 2888 2889 2890
f 2885 2890 2892
f 2893 2886 2885
f 1942 2151 2532
f 2895 2892 2720
f 2884 2895 2870
f 2883 2896 2895
f 2896 2891 2892
f 2889 2874 2717
f 2890 2717 2720
f 2897 2893 2891
f 2898 2897 2896
f 2899 2898 2883
f 2900 2899 2882
f 9249 2900 2879
f 2876 2902 2901
f 2901 2902 2904
f 1785 2656 1835
f 2905 2906 2899
f 2907 2908 2897
f 9249 2901 2903
f 632 576 577
f 8976 8991 2867
f 434 385 550
f 2768 2770 9092
f 2910 2911 1623
f 2241 2912 2758
f 9092 2770 2913
f 1623 2911 2757
f 9039 2242 2757
f 2229 1381 1380
f 2765 1630 1629
f 2915 2914 1629
f 9094 9093 2914
f 9093 9074 2765
f 2919 2916 9094
f 2918 2915 2912
f 9066 2918 2241
f 9070 2919 9065
f 8985 2177 2180
f 8965 2002 2188
f 3694 3626 3627
f 9157 9017 714
f 2925 2766 2917
f 2924 2917 2916
f 9062 2924 2919
f 9063 2925 2924
f 2926 2927 2766
f 9110 2926 2925
f 1715 1713 1705
f 785 497 498
f 1387 651 565
f 374 375 1899
f 9017 2203 2206
f 2929 2930 2886
f 2932 2933 2934
f 1905 1906 1908
f 2930 2935 2936
f 2938 2935 2930
f 1493 369 517
f 1603 1585 1586
f 2939 2938 2929
f 2940 2939 2908
f 9117 1707 1600
f 2886 2930 2937
f 2906 2907 2898
f 2908 2929 2893
f 2942 2934 2933
f 2941 2933 2937
f 8945 2941 2936
f 8942 2942 2941
f 2943 2944 2710
f 2943 2873 2874
f 2945 2943 2889
f 2946 2944 2943
f 2932 2945 2888
f 2931 2946 2945
f 727 1928 1929
f 2903 2904 2947
f 545 594 42
f 1480 1570 533
f 2907 2906 2949
f 2906 2905 2950
f 1558 452 215
f 9251 2903 2948
f 2054 1645 1644
f 9157 9136 2203
f 1828 1837 1849
f 2953 2954 2955
f 2952 2955 2957
f 2956 2261 2258
f 2953 2952 2258
f 2454 2455 2474
f 9199 2958 2959
f 9199 2132 2131
f 2961 2962 2963
f 2958 2963 2964
f 222 221 2485
f 2477 2226 2966
f 2631 2561 2006
f 2384 2454 2496
f 2967 2968 2959
f 2968 2967 2970
f 9211 2033 2971
f 9236 2971 2960
f 2972 2971 2033
f 2007 2377 2973
f 9004 9003 2134
f 1836 1833 1832
f 8950 2188 2090
f 955 810 959
f 672 675 674
f 633 710 713
f 2024 732 733
f 2025 2024 803
f 425 1552 1550
f 2975 2976 888
f 1319 1158 1157
f 1212 1935 2977
f 889 957 2228
f 1978 1974 1975
f 1138 1078 1329
f 751 665 2979
f 1619 1613 1625
f 2252 2255 1728
f 1157 1160 845
f 2706 1936 1938
f 2980 2255 2254
f 2982 2975 887
f 802 712 711
f 678 677 2029
f 527 840 690
f 1839 1207 2629
f 2983 2984 602
f 2983 1914 1913
f 2985 2983 1331
f 2986 2984 2983
f 2987 2637 2635
f 2985 2988 2639
f 2990 1319 1318
f 2991 2992 2993
f 2995 2991 2994
f 1106 1058 2991
f 1058 1057 2992
f 1415 1406 1365
f 1317 922 2217
f 1932 1728 2255
f 926 2998 2999
f 3001 2993 2992
f 3000 2992 1057
f 2999 3000 2978
f 2998 3001 3000
f 3002 2998 2209
f 3002 3003 2996
f 2993 3001 3002
f 1103 1106 2995
f 3004 2995 2996
f 2209 2210 3004
f 588 1103 3004
f 295 296 433
f 2638 2639 2988
f 3005 2988 1056
f 1305 3005 1930
f 1276 2638 3005
f 1987 1968 1993
f 2633 1762 1761
f 1423 1422 1417
f 9005 8961 739
f 2671 2670 2704
f 1473 1872 2035
f 922 1317 2694
f 1401 1400 1378
f 556 2028 1884
f 842 848 9277
f 1854 2706 2617
f 933 1082 1081
f 1440 1441 1436
f 529 657 719
f 1031 1025 1027
f 777 913 912
f 2645 1205 1204
f 441 438 1538
f 3771 3774 3773
f 790 1287 587
f 2065 2066 1610
f 1860 991 990
f 60 106 87
f 1424 1017 1948
f 332 1527 1507
f 261 262 138
f 187 188 449
f 1719 1720 1726
f 1931 1055 1059
f 3006 1059 1105
f 1287 3006 1104
f 1286 1931 3006
f 3007 3008 3009
f 3009 3008 653
f 618 999 26
f 2029 677 1210
f 957 601 600
f 1049 2146 2228
f 2631 890 3011
f 890 889 2227
f 3011 2227 2145
f 2561 3011 3012
f 1026 656 609
f 2706 1854 1961
f 3013 2965 2485
f 2148 2147 1267
f 3015 1267 1266
f 2997 2264 1101
f 642 641 1773
f 186 477 461
f 1041 1040 1320
f 1121 3016 3017
f 2984 2986 2987
f 3018 2987 2634
f 1048 603 3018
f 603 602 2984
f 2679 2678 801
f 2062 2072 2074
f 2061 2074 2076
f 414 303 1545
f 3016 1121 2683
f 3019 2683 2704
f 3020 3019 2670
f 3007 3016 3019
f 1871 1090 1091
f 3021 1787 1122
f 3022 3021 3017
f 1314 3021 3022
f 1784 1787 3021
f 1316 1315 1763
f 3023 3022 3010
f 3023 3009 795
f 1763 3023 1092
f 1315 3022 3023
f 3016 3007 3010
f 752 751 2978
f 2986 2639 2637
f 3024 654 653
f 3020 3024 3008
f 720 723 3024
f 723 2621 654
f 2681 1098 1268
f 2671 3025 1268
f 2705 2681 3025
f 1313 3026 3027
f 3026 3028 3029
f 3027 3029 3030
f 1311 3027 3031
f 2012 568 731
f 917 2657 974
f 3742 3745 3744
f 743 1206 856
f 1888 2027 2030
f 2682 2705 2684
f 3032 2684 1124
f 1100 3032 2989
f 1099 2682 3032
f 1123 2990 2989
f 3033 1834 1159
f 2990 3033 1158
f 1123 1786 3033
f 1786 1785 1834
f 1054 1056 2988
f 2979 665 664
f 2623 2622 2663
f 1095 660 688
f 3034 3035 2261
f 3036 3034 2956
f 3037 3038 3034
f 3038 3039 3035
f 3040 3041 3026
f 2263 3042 3041
f 3042 3039 3043
f 3041 3043 3028
f 3044 3045 3043
f 3046 3047 3045
f 3047 3048 3049
f 3043 3045 3049
f 3038 3037 3051
f 3050 3051 3053
f 3052 3046 3044
f 3039 3038 3050
f 3054 3035 3039
f 3042 2263 2262
f 2261 3035 3054
f 2216 2263 2997
f 2212 2211 2667
f 3056 868 2209
f 934 3057 1961
f 2013 9207 9209
f 3058 3059 3060
f 3059 3062 3063
f 3060 3063 2213
f 3061 3060 1963
f 3063 3064 2214
f 3062 3065 3064
f 3065 2257 2260
f 3064 2260 2215
f 3066 3067 3031
f 2608 2966 3067
f 2966 2562 3068
f 3031 3067 3068
f 2455 2458 2461
f 2476 2223 2226
f 8995 2090 2089
f 8970 2774 9221
f 433 354 355
f 2115 1423 1419
f 8953 2868 2922
f 9221 9189 2131
f 3069 2611 2167
f 2971 2972 2928
f 2961 2774 2773
f 3070 2475 2478
f 2610 2609 3071
f 2502 2371 2374
f 3072 2592 2595
f 2964 3046 3052
f 3048 2593 3074
f 2593 2592 3075
f 3075 3030 3029
f 3074 3029 3028
f 3072 3076 3075
f 3076 3072 2482
f 2481 2608 3066
f 3076 3066 3030
f 2967 3052 3053
f 2482 3072 3073
f 479 480 493
f 706 9352 9325
f 9005 2194 2221
f 2013 2010 9206
f 8977 2032 2016
f 9006 8963 2222
f 1171 1154 1155
f 3782 3644 3689
f 2586 2566 2565
f 2982 110 113
f 2562 2376 3077
f 2376 2375 3012
f 3012 2145 2148
f 3077 2148 3015
f 2963 3047 3046
f 3051 3078 2970
f 1683 2173 491
f 9302 2122 1447
f 1986 2181 9186
f 3079 3080 2546
f 3081 3079 2575
f 1983 1986 9220
f 3082 2323 2319
f 3080 3082 2545
f 9186 9184 3082
f 9184 9200 2323
f 1309 1471 1888
f 3073 2595 2772
f 2760 3083 3084
f 2760 2085 2088
f 3085 3084 3086
f 3089 3085 3090
f 3089 2762 3084
f 3092 3088 3090
f 3093 2748 2744
f 2751 2747 2748
f 3093 2741 2752
f 2742 2741 3093
f 3094 3093 2743
f 3096 3097 3098
f 3099 3096 3087
f 3097 3094 3095
f 3100 2743 2746
f 3101 2927 3102
f 2764 2766 2927
f 2745 2764 3101
f 3102 3092 3091
f 3100 3091 3095
f 2869 2802 9044
f 3102 3103 3104
f 9110 2868 2869
f 2927 2926 3103
f 3098 3095 3091
f 3087 3098 3090
f 2088 2125 3105
f 3083 3105 3086
f 2483 3073 2771
f 2401 2186 2185
f 3099 3086 3105
f 2125 2207 3106
f 3108 2737 2742
f 3107 2742 3094
f 3110 3108 3107
f 3109 3107 3097
f 3111 3109 3096
f 3112 3110 3109
f 3113 2738 2737
f 3115 2723 2722
f 3117 3115 3114
f 3119 3117 3116
f 3118 3116 3120
f 3116 3114 3113
f 3122 3112 3111
f 3122 3123 1755
f 3124 3125 3126
f 3125 3118 3121
f 3128 3119 3118
f 3129 3128 3125
f 2020 2712 3128
f 9305 9309 1346
f 1065 1046 1047
f 1814 9290 9282
f 2021 2020 3129
f 3111 3099 3106
f 3123 3106 2207
f 2377 2225 2224
f 3014 2485 113
f 1756 2208 9234
f 3131 3132 2530
f 3133 3131 2528
f 1753 1756 9219
f 3134 3124 3127
f 2327 2408 2314
f 2436 2318 2317
f 2018 2021 9163
f 2534 3136 3137
f 2320 2322 3136
f 2185 2018 9164
f 3138 3139 2542
f 3134 3135 9196
f 9237 3130 3134
f 3140 3138 2539
f 2535 3137 3140
f 9163 2021 3130
f 2558 2530 3132
f 9234 9212 3141
f 2560 2558 3141
f 9212 9229 3142
f 958 888 2976
f 1933 1932 2980
f 3714 3704 3729
f 2399 2424 2418
f 2348 2342 2343
f 2322 2320 2319
f 2718 2717 2874
f 2709 2729 2873
f 2894 2871 1361
f 3788 3789 3720
f 346 289 176
f 1876 1877 1882
f 2802 2803 9059
f 3104 3144 3088
f 2974 2222 9101
f 3089 3145 2761
f 3088 3144 3145
f 2803 2974 9055
f 9322 9361 692
f 2123 1419 1418
f 1365 1363 1368
f 3346 3345 3344
f 1581 1766 1782
f 9013 2202 2129
f 8999 2003 2002
f 3146 2585 2551
f 9203 3146 3147
f 9194 3149 3146
f 3149 2584 2585
f 3196 3198 3197
f 9056 2192 2191
f 3142 3150 2556
f 9229 9230 3150
f 9098 3152 2550
f 3150 3151 2555
f 9230 9232 3151
f 9240 9233 3152
f 3153 3147 2551
f 3152 3153 2549
f 9233 9228 3153
f 9228 9202 3147
f 3148 2767 2206
f 2183 2401 2321
f 2132 2960 2928
f 3299 3300 3321
f 9136 9137 2204
f 9171 2198 2197
f 2594 2962 2773
f 2595 2594 2951
f 1870 798 799
f 3257 3260 3259
f 9165 2179 2178
f 9158 2178 9188
f 336 3154 9226
f 339 3155 3154
f 9241 9135 3149
f 9135 9149 2584
f 2963 2962 3048
f 9174 9182 337
f 339 338 2566
f 3156 3157 2168
f 2610 3156 2167
f 2954 2953 3156
f 3157 3156 2953
f 9159 2166 2169
f 2567 3158 3159
f 337 3158 2567
f 9182 3069 2166
f 9216 2190 1983
f 2579 3160 3081
f 2568 3159 3160
f 9161 2169 2190
f 3065 3062 3162
f 3161 3162 1984
f 3157 3161 2189
f 2257 3065 3161
f 734 735 1922
f 3059 3058 2708
f 3163 2708 2182
f 3162 3163 1985
f 3062 3059 3163
f 3203 3206 3205
f 3806 3809 3808
f 2122 2119 1448
f 9269 1686 1685
f 139 140 444
f 1570 569 566
f 2957 3164 3165
f 2955 3166 3164
f 1912 454 341
f 3130 3129 3124
f 1548 322 319
f 1949 1950 1327
f 2969 2970 3078
f 3167 3078 3169
f 9176 2014 2017
f 9172 2017 2033
f 3168 3169 3165
f 3170 3165 3164
f 9231 3170 3171
f 9176 3168 3170
f 3171 3164 3166
f 3172 3166 3071
f 9204 3172 3173
f 9208 3171 3172
f 3169 3037 3036
f 2593 3048 2962
f 3173 3071 2609
f 3174 2609 2199
f 9235 3174 2198
f 9201 3173 3174
f 2190 2189 1984
f 2196 2195 2767
f 3326 3329 3328
f 2119 2120 1414
f 1464 1463 1466
f 2199 2611 3069
f 2457 2456 2587
f 2226 2225 2562
f 481 478 1627
f 333 1512 235
f 3078 3051 3037
f 3040 2264 2997
f 3351 3352 3262
f 2219 1934 1933
f 2385 2384 2497
f 221 2220 3175
f 2220 1933 3143
f 3175 3143 2976
f 2484 3175 2975
f 2954 3071 3166
f 2630 1858 110
f 1547 319 1952
f 2091 2090 2188
f 9185 9188 2178
f 1918 1919 1927
f 9007 112 111
f 3398 3401 3400
f 955 956 960
f 2037 3014 112
f 3143 2980 2981
f 2218 2211 2214
f 672 9329 9239
f 2152 3013 3014
f 1147 1144 1143
f 2248 2246 1409
f 1615 1636 1635
f 1410 1409 2246
f 3486 3488 3487
f 3468 3469 3502
f 3451 3453 3452
f 1382 3176 3177
f 3177 1410 2247
f 2247 1383 3177
f 3176 2238 2230
f 1410 3177 3179
f 3179 3180 2243
f 1633 3181 2800
f 3816 3818 3817
f 1621 1620 2758
f 3642 3801 3662
f 3422 3421 3260
f 1622 1621 2245
f 2236 1394 3181
f 3793 3796 3795
f 3493 3496 3495
f 2237 2236 3182
f 3513 3516 3515
f 2250 1631 2233
f 3654 3666 3667
f 2912 1629 1628
f 3819 3822 3821
f 3432 3824 3823
f 135 136 1564
f 1567 419 512
f 1085 1084 2653
f 3184 869 868
f 869 3184 3057
f 3389 3388 3387
f 1266 1268 1098
f 1267 2147 722
f 937 1146 2646
f 2146 1049 722
f 2211 2218 921
f 1957 510 507
f 1313 1312 2264
f 1496 362 1493
f 2887 2937 2933
f 1687 1688 1659
f 145 1499 1498
f 3831 3829 3830
f 37 38 418
f 1935 1934 3185
f 104 89 301
f 2101 2098 2083
f 543 298 360
f 1934 2219 3186
f 234 1521 212
f 9297 9273 1822
f 3825 3828 3827
f 1976 1875 1874
f 223 3186 2219
f 9107 9108 9057
f 2165 2164 467
f 467 468 2165
f 773 476 2165
f 3673 3658 3659
f 1935 1212 1728
f 3490 3491 3840
f 3362 3359 3848
f 3862 3865 3864
f 3465 3466 3484
f 3893 3894 3525
f 3352 3351 3430
f 3869 3872 3871
f 3529 3530 3567
f 3420 3417 3922
f 3304 3235 3236
f 3929 3932 3931
f 3324 3326 3327
f 3219 3937 3939
f 3220 3938 3937
f 3450 3375 3376
f 3942 3832 3833
f 3215 3216 3454
f 3946 3332 3215
f 3422 3949 3948
f 3950 3457 3198
f 3205 3206 3957
f 3261 3962 3961
f 3852 3853 3964
f 3214 3211 3946
f 3965 3213 3214
f 3797 3800 3799
f 3988 3991 3990
f 3777 3779 3806
f 3855 3858 3447
f 3737 3799 3800
f 3949 3953 3952
f 3651 3782 3783
f 4001 3784 3787
f 4019 4022 4021
f 4027 4030 4029
f 3258 3259 4030
f 4033 4036 4035
f 3424 3425 4047
f 3242 3243 4058
f 3970 3489 3547
f 3829 3242 4057
f 3333 3332 3947
f 4063 4068 4065
f 4073 4076 4075
f 3568 3456 3443
f 3981 3334 3335
f 3540 3915 3862
f 4078 4079 4031
f 3565 3566 4088
f 3442 3455 4089
f 4092 4095 4094
f 4093 4094 4097
f 3619 3620 3623
f 3660 4098 3821
f 3809 3648 3649
f 3610 3652 3655
f 3656 3622 3623
f 3621 3803 3804
f 3503 3480 3481
f 3436 3439 3438
f 3356 3428 3427
f 3628 3670 3669
f 3734 3811 4002
f 3276 3273 3370
f 3763 4106 4107
f 4006 4007 3754
f 3747 3751 3752
f 3863 3864 4110
f 3994 3891 4003
f 3653 3801 3664
f 3296 4116 4115
f 4117 4120 4119
f 3249 3252 3251
f 4127 4130 4129
f 3478 3575 3903
f 3410 4136 3921
f 3977 4061 4038
f 3216 3452 3453
f 3967 3547 3548
f 4140 4078 4032
f 3509 4086 4149
f 4151 4152 3659
f 4153 4152 3656
f 4153 4154 3646
f 4156 3688 3645
f 4139 4077 4078
f 3743 3744 4163
f 3861 3918 3987
f 3468 4066 4067
f 3306 3981 3980
f 4172 4173 4010
f 4169 4170 3836
f 4187 4190 4189
f 4213 4216 4215
f 4220 4223 4222
f 4225 4226 4211
f 4230 4233 4232
f 4240 4243 4242
f 3606 3609 3608
f 4250 4253 4252
f 4258 4261 4260
f 4077 4080 4079
f 4276 4279 4278
f 4308 4262 4263
f 4017 4018 3872
f 3196 3193 3951
f 4316 4317 4270
f 3870 4306 4307
f 4324 4327 4326
f 4333 4334 4247
f 4338 4341 4340
f 4348 4351 4350
f 4283 4284 4289
f 4356 4359 4358
f 4359 4019 4020
f 4362 4363 4196
f 4320 4364 4279
f 4370 4372 4296
f 4377 4253 4303
f 4231 4232 4201
f 4203 4212 4331
f 4037 4040 4039
f 4371 4265 4386
f 4387 4346 4347
f 3309 3293 3294
f 4099 3723 3724
f 4355 3422 3257
f 3630 3680 3693
f 4277 4278 4302
f 4350 4318 4319
f 4353 4354 4351
f 3637 3634 3639
f 4394 4395 3827
f 3311 3312 4399
f 3755 3708 4005
f 4363 4362 4259
f 3454 3453 3919
f 3446 3447 3459
f 4298 4299 4404
f 3749 3746 3769
f 3791 3741 3756
f 3643 3685 3684
f 3845 3846 3399
f 4313 3257 3258
f 4411 4413 4408
f 3843 4424 4423
f 4214 4215 4329
f 4431 4434 4433
f 3918 3861 3798
f 3927 3928 3388
f 4453 3893 3874
f 4138 4458 4457
f 3346 4460 4459
f 4100 4109 4108
f 3974 3977 3976
f 3665 3655 3652
f 3773 3565 3993
f 3945 3454 3920
f 4144 4463 4462
f 4464 4467 4466
f 3268 4142 4479
f 4484 3921 4136
f 3348 3914 4487
f 3313 3314 3912
f 3803 3621 3617
f 4086 3509 3510
f 4034 3304 3305
f 3403 3404 4171
f 4481 4482 4492
f 4177 4180 4179
f 4398 4170 3923
f 4451 4493 4494
f 4501 4075 4076
f 4509 4510 4506
f 3304 4034 4462
f 4485 4399 3312
f 3419 4488 3349
f 4356 4345 4385
f 4026 4354 4358
f 4354 4353 4357
f 3599 3596 4091
f 4341 4338 4254
f 4251 4252 4524
f 3482 3485 3484
f 3843 3543 3544
f 4295 4341 4274
f 4381 4530 4206
f 4204 4205 4531
f 4533 4536 4535
f 4542 4545 4544
f 4546 4549 4548
f 4573 4574 4547
f 4575 4578 4577
f 4221 4581 4580
f 4587 4590 4589
f 4328 4592 4589
f 4187 4565 4563
f 4595 4583 4593
f 4597 4605 4604
f 4609 4608 4611
f 4620 4623 4622
f 4612 4615 4614
f 4636 4638 4600
f 4649 4651 4650
f 4652 4655 4654
f 4662 4665 4664
f 4666 4669 4668
f 4637 4639 4685
f 4627 4701 4700
f 4684 4686 4636
f 4663 4689 4661
f 4699 4698 4697
f 4647 4648 4703
f 4709 4711 4603
f 4724 4633 4726
f 4742 4745 4744
f 3311 3923 3924
f 4698 4759 4758
f 4749 4765 4609
f 4342 4345 4344
f 4797 4800 4799
f 4490 4048 3974
f 4019 4359 4306
f 4512 3955 4514
f 3991 3988 4508
f 4692 4695 4694
f 4680 4681 4818
f 4821 4822 4824
f 4367 4239 4243
f 4833 4832 4831
f 4837 4744 4757
f 4332 4563 4562
f 4683 4835 4819
f 4845 4843 4850
f 4751 4753 4752
f 4854 4855 4695
f 4858 4719 4718
f 4822 4559 4859
f 4674 4646 4647
f 4771 4774 4773
f 4726 4727 4537
f 4714 4718 4719
f 4633 4634 4688
f 4616 4619 4618
f 4686 4684 4842
f 4869 4707 4708
f 3502 3868 3528
f 4777 4660 4737
f 4734 4732 4779
f 4883 4755 4663
f 4375 4294 4274
f 4290 4343 4335
f 4816 4815 4812
f 4778 4779 4732
f 4158 3710 4160
f 4195 4198 4197
f 3860 3861 4166
f 3758 3759 3763
f 3694 3691 4157
f 4249 4248 4391
f 3467 3470 3469
f 4209 4212 4211
f 4142 3268 4144
f 3615 3614 3617
f 3479 3480 3536
f 4883 4753 4672
f 4802 4801 4642
f 3698 3637 3638
f 4105 3725 3726
f 4848 4645 4896
f 4878 4877 4744
f 4610 4874 4748
f 4036 3403 4489
f 4355 4313 4314
f 4171 4141 4049
f 3875 3452 3216
f 4868 4865 4863
f 4623 4900 4691
f 3629 3626 4155
f 4654 4887 4898
f 4012 4015 4014
f 4902 4903 4866
f 4768 4769 4908
f 4370 4386 4385
f 4888 4860 4914
f 3546 3543 3917
f 4932 4926 4931
f 3625 3622 4151
f 3804 3669 3670
f 3816 4104 4103
f 4911 4898 4887
f 4928 4930 4927
f 4925 4929 4927
f 3655 3665 3666
f 4932 4919 4910
f 4937 4923 4912
f 4939 4938 4942
f 4228 4529 4530
f 4946 4945 4942
f 4938 4922 4923
f 4942 4938 4937
f 4951 4950 4930
f 4955 4951 4928
f 4748 4750 4615
f 4914 4860 4847
f 4824 4859 4584
f 4940 4939 4941
f 4916 4961 4960
f 4909 4907 4891
f 4971 4967 4968
f 4966 4970 4948
f 4962 4952 4953
f 4940 4935 4924
f 4831 4916 4917
f 4935 4936 4925
f 4275 4255 4261
f 4679 4758 4791
f 4016 4309 4373
f 4668 4764 4766
f 4539 4537 4727
f 4929 4925 4936
f 4775 4776 4801
f 4801 4776 4742
f 4732 4734 4611
f 4985 4984 4983
f 4534 4586 4562
f 4847 4644 4645
f 4788 4787 4619
f 4787 4788 4678
f 4657 4606 4605
f 4994 4996 4878
f 5006 5009 5008
f 5001 5003 4973
f 4814 4618 4619
f 5014 4989 4974
f 5003 5002 4972
f 5019 5006 5007
f 5024 5016 5017
f 5036 5037 5035
f 4990 5019 4975
f 5045 5033 5034
f 5048 5049 5034
f 5025 5017 5014
f 5046 5038 5043
f 5051 5052 5055
f 5044 5050 5060
f 5011 4981 5021
f 5013 5069 5068
f 5028 5073 5072
f 5077 5074 5064
f 5065 5080 5079
f 5083 5079 5080
f 5063 5067 5080
f 5054 5055 5071
f 4602 4603 4711
f 5058 5082 5083
f 4982 4983 4792
f 5041 5033 5045
f 3909 3911 3278
f 3471 3474 3473
f 5002 5003 4994
f 5060 5080 5067
f 4892 4861 4862
f 4891 4813 4884
f 4996 4994 5003
f 4997 5015 5005
f 4813 4617 4614
f 4618 4814 4827
f 5089 5090 5093
f 3303 3306 3305
f 5100 5103 5102
f 5107 5110 5109
f 5110 5115 5092
f 4610 4611 4734
f 5112 5103 5100
f 5088 5091 5090
f 5119 5118 5117
f 5092 5115 5096
f 3826 3830 3829
f 5108 5109 5102
f 5100 5130 5087
f 5118 5131 5133
f 3783 3689 3690
f 4444 4447 4446
f 5151 5153 5150
f 4790 4616 4617
f 4332 4182 4190
f 3266 3267 4451
f 3211 3947 3332
f 4741 4796 4760
f 4775 4778 4777
f 4764 4665 4691
f 4489 4171 4048
f 4466 4477 4511
f 4518 3936 3930
f 4786 4787 4791
f 4980 5005 4984
f 5144 5152 5150
f 5159 5146 5148
f 5121 5119 5120
f 5169 5164 5162
f 5016 4978 4979
f 5123 5180 5179
f 5181 5180 5140
f 5175 5185 5184
f 4575 4581 4586
f 4984 4985 4976
f 4596 4599 4598
f 5182 5181 5183
f 4785 4619 4787
f 5137 5124 5122
f 5167 5179 5180
f 4835 4683 4898
f 4687 4727 4726
f 4176 3836 4170
f 4760 4761 4655
f 4681 4680 4649
f 5121 5093 5132
f 5171 5191 5178
f 5174 5178 5191
f 5169 5193 5194
f 4909 5094 5095
f 5105 5104 5112
f 4767 5108 5126
f 5201 5202 5205
f 5219 5218 5217
f 5229 5214 5200
f 5234 5237 5236
f 4069 4072 4071
f 4724 4725 4717
f 5108 4767 4768
f 5103 5195 5126
f 5227 5218 5211
f 5015 4997 4884
f 4997 4998 4892
f 5197 5198 5215
f 5241 5199 5247
f 5013 4975 5019
f 5205 5239 5232
f 4969 4967 4971
f 5239 5205 5249
f 4808 5243 5225
f 5216 5247 5199
f 5253 5245 5242
f 5235 5236 5255
f 5135 5148 5157
f 5264 5260 5267
f 5245 5203 5215
f 5260 5261 5269
f 5264 5266 5274
f 5154 5153 5173
f 5287 5272 5278
f 5256 5301 5300
f 5173 5174 5176
f 4631 4630 4629
f 4781 4784 4783
f 5309 5307 5311
f 5155 5156 5144
f 4826 4828 4827
f 5291 5295 5308
f 5310 5311 5281
f 5311 5307 5308
f 4036 4033 4176
f 4641 4716 4704
f 5220 5224 4804
f 4770 5206 5207
f 5188 5185 5175
f 5180 5123 5129
f 4626 4700 5314
f 4731 4728 5315
f 5222 5213 5210
f 4728 4882 5316
f 5230 5219 5216
f 5297 5296 5240
f 5204 5233 5208
f 5318 4868 4864
f 5273 5272 5287
f 5221 5210 5219
f 4700 4902 5321
f 5313 5314 5328
f 5157 5149 5154
f 5275 5276 5263
f 5324 5322 5318
f 5323 5332 5331
f 5343 5334 5345
f 5306 5310 5286
f 5278 5281 5311
f 4882 4625 5320
f 5109 5110 5114
f 5123 5087 5130
f 5299 5283 5284
f 5240 5198 5199
f 5229 5231 5197
f 5305 5302 5292
f 5233 5228 5225
f 5192 5190 5194
f 5104 5105 4670
f 5146 5159 5160
f 5337 5340 5347
f 5347 5340 5341
f 5353 5346 5335
f 5349 5355 5354
f 5355 5358 5357
f 5358 5355 5360
f 5355 5349 5348
f 5342 5366 5365
f 5345 5346 5362
f 5332 5364 5367
f 5372 5371 5315
f 5370 5365 5366
f 5361 5356 5354
f 5364 5365 5368
f 5369 5344 5362
f 5316 5320 5330
f 5373 5359 5371
f 5341 5342 5364
f 5374 5358 5359
f 5329 5376 5375
f 5377 5380 5379
f 5377 5376 5331
f 5380 5377 5367
f 5363 5383 5370
f 5357 5358 5374
f 5381 5385 5361
f 4814 4815 4825
f 4825 4815 4816
f 4806 4746 4747
f 5119 5121 5131
f 4696 4697 4893
f 4696 5389 5390
f 5213 5222 5388
f 5393 5389 5388
f 5380 5382 5384
f 5213 5387 4893
f 4813 4891 4908
f 5390 5392 4693
f 5294 5289 5287
f 5184 5185 5186
f 5285 5275 5253
f 4769 4789 4790
f 5327 5371 5359
f 4598 4621 4690
f 4608 4606 4733
f 4627 4624 4609
f 4596 4604 4851
f 4900 4623 4706
f 4668 4795 5395
f 4863 4865 4639
f 5392 5393 4666
f 4872 4650 4651
f 4807 4791 4758
f 5348 5338 5325
f 5176 5191 5190
f 5046 5031 5022
f 4853 4852 4869
f 5346 5353 5363
f 4709 4880 4620
f 4672 4673 4904
f 4680 4811 4651
f 4841 4844 4688
f 4823 4817 4818
f 4729 4730 4602
f 4881 4729 4851
f 5360 5348 5326
f 4852 4900 4707
f 4890 4751 4669
f 5392 5390 5389
f 5189 5182 5186
f 4881 4604 4605
f 5343 5344 5369
f 4607 4624 4625
f 5056 5055 5052
f 4850 4797 4798
f 3260 5399 5398
f 4855 4736 4899
f 5339 5343 5366
f 4789 4905 4808
f 5400 4040 3948
f 3872 3424 4046
f 4018 3423 3424
f 4025 4523 4172
f 4011 4023 4024
f 4065 4068 3900
f 3413 4012 4013
f 5056 5068 5069
f 5055 5056 5070
f 4062 5398 5399
f 5269 5289 5294
f 4685 4866 4903
f 5254 5242 5240
f 4606 4657 4658
f 4729 4881 4882
f 4030 4041 4043
f 4664 4752 4753
f 3575 3483 3904
f 3413 3410 3922
f 4949 4968 4955
f 4947 4937 4913
f 4849 4850 4894
f 4143 3974 3975
f 4912 4923 4932
f 3774 3771 3995
f 3956 3954 3342
f 4871 4872 4758
f 4270 4273 4272
f 4039 4040 5400
f 3555 3969 5402
f 5403 5404 3906
f 3908 4126 3823
f 4124 4121 5408
f 3901 3902 4046
f 4120 4117 5410
f 4124 3962 4125
f 5420 3906 5404
f 5424 4059 5425
f 3400 5429 5428
f 5432 5433 5435
f 4941 4942 4945
f 4935 4940 4949
f 3895 3898 3897
f 5426 5408 4121
f 5430 3905 3906
f 4045 4041 5398
f 5395 4693 5392
f 4846 4903 4701
f 4880 4709 4710
f 4624 4607 4608
f 4656 4690 4662
f 5305 5307 5309
f 5220 5223 5222
f 4230 4223 4327
f 5030 5073 5028
f 5213 5212 5211
f 5440 3272 3269
f 4396 4397 3980
f 5447 5448 3244
f 3328 3330 5451
f 4208 4391 4248
f 4599 4620 4621
f 4528 4339 4391
f 4529 4228 4199
f 4526 4338 4339
f 4256 4235 5452
f 4532 5452 4241
f 3834 4400 5446
f 5443 5445 5444
f 4530 4247 4334
f 4754 4886 4904
f 4229 4228 4381
f 4205 4382 4383
f 4892 4998 4987
f 4039 4032 3976
f 4738 4780 4796
f 4833 4835 4897
f 4232 4527 4200
f 4194 4240 4241
f 4889 4794 4750
f 4194 4191 4365
f 4531 4383 4195
f 5043 5042 5062
f 4182 4332 4561
f 5446 5447 3241
f 5237 5239 5248
f 4206 4334 4382
f 5210 5211 5218
f 3426 3922 3417
f 4216 4191 4192
f 4219 4210 4184
f 4180 4561 4380
f 4327 4595 4591
f 4223 4230 4231
f 4215 4192 4360
f 4186 4568 4218
f 4190 4330 4209
f 4223 4220 4595
f 4326 4591 4328
f 4366 4389 4568
f 4570 4548 4549
f 4579 4573 4548
f 4563 5453 4533
f 4583 4595 4220
f 4586 4380 4561
f 4239 4196 4363
f 4572 4571 4567
f 4536 4539 4585
f 4538 5453 4566
f 4536 4533 5453
f 3573 3986 3983
f 5427 3963 3552
f 4553 4587 4588
f 4593 4554 4555
f 4368 4365 4183
f 4361 5452 4235
f 4233 4369 4527
f 4233 4230 4324
f 4212 4209 4330
f 4237 4324 4325
f 4193 4241 5452
f 4983 5015 4885
f 5002 4995 4986
f 5074 5077 5076
f 4698 4699 5391
f 5391 4699 5390
f 4871 4899 4650
f 4546 4857 4543
f 4553 4550 4901
f 4552 4588 4555
f 5223 4804 4805
f 5386 5382 5383
f 5317 5315 5371
f 3240 3237 4429
f 5384 5385 5381
f 3938 3217 3218
f 3942 3943 5455
f 5361 5385 5386
f 4542 4540 4541
f 3910 5430 5420
f 3939 3333 4060
f 3851 5350 5351
f 3838 5427 3556
f 4547 4858 4857
f 5442 5443 4050
f 3385 3874 5428
f 4257 4234 4235
f 5312 5212 4893
f 4212 4203 4204
f 3854 3849 5461
f 4226 4184 4210
f 4202 4177 4178
f 3316 3983 3897
f 5464 5465 4432
f 5465 5466 3883
f 4472 4469 4449
f 4501 4472 4450
f 4074 4075 4080
f 5473 5474 5401
f 4173 4172 5475
f 3432 3429 3520
f 3462 5505 5504
f 4075 4501 4494
f 5482 5481 3387
f 5468 5471 5470
f 3427 5421 5422
f 4498 4499 4487
f 5403 3824 5414
f 3382 5523 5522
f 3492 5512 5511
f 3429 3434 3517
f 3873 5522 5524
f 5480 5479 3350
f 3477 5508 5505
f 4507 4508 5544
f 4396 5550 5551
f 3374 5552 5553
f 3373 5553 5554
f 5479 4521 4063
f 3390 5554 5555
f 5531 5525 5566
f 3368 5568 5567
f 5556 5557 5560
f 3393 5555 5557
f 4433 3364 5463
f 5464 5463 5458
f 4435 4437 4439
f 4055 4393 3277
f 3273 3278 3911
f 3395 3357 3358
f 5486 3894 4071
f 5526 4455 4453
f 5525 5570 5569
f 5568 3526 3527
f 3527 3362 3847
f 3365 5461 3849
f 5462 3849 3850
f 4435 4436 5571
f 3378 3379 3943
f 5573 5578 5577
f 4438 5455 3943
f 5477 5574 5579
f 5582 5581 5580
f 5583 5580 5581
f 5586 5585 5588
f 4074 5472 5586
f 5583 5585 5474
f 4507 5589 5590
f 5573 5478 4522
f 3989 5595 5596
f 5594 3406 3407
f 4436 3381 5572
f 5591 3990 3991
f 4507 4475 4476
f 3990 5591 5587
f 5578 3409 3406
f 5595 3989 5584
f 5484 3394 3358
f 4441 4442 5467
f 5472 4074 4077
f 5522 5599 5570
f 5486 3358 3353
f 5481 4498 3386
f 3475 5506 5492
f 5476 4523 3899
f 5540 5541 5606
f 5542 5540 5603
f 5608 5543 5542
f 5608 5607 5545
f 5607 5603 5609
f 5599 5600 5548
f 5598 5592 5543
f 5595 5594 5593
f 5588 5584 3989
f 5626 3265 3266
f 5627 3266 4448
f 5469 4449 4469
f 4515 4517 5625
f 4503 4473 4474
f 4481 5626 5627
f 4500 5628 5469
f 3414 4468 5466
f 5594 5595 5581
f 3376 3377 4430
f 3444 3944 3941
f 5572 3944 3444
f 4273 4286 4287
f 4345 4356 4357
f 4386 4304 4305
f 4517 4462 4463
f 4352 4349 4319
f 4352 4250 4251
f 4268 4277 4390
f 4264 5629 4320
f 4346 4387 4282
f 4337 4335 4343
f 4289 4244 4245
f 4303 4378 4287
f 4343 4290 4291
f 4284 4333 4244
f 4375 4519 4291
f 4379 4319 4271
f 4337 4353 4348
f 4524 4525 4295
f 4364 4362 4197
f 4285 4282 4390
f 5206 5209 5208
f 4297 5629 4371
f 4346 4283 4286
f 4285 4300 4333
f 3571 3572 4395
f 5341 5340 5339
f 5346 5345 5334
f 5269 5261 5273
f 4510 4509 5609
f 4509 4474 5545
f 4445 4446 5611
f 5566 5569 5568
f 5349 5336 5338
f 5489 5490 3401
f 5565 5566 3368
f 5496 5497 5417
f 5523 3382 3383
f 5325 5338 5347
f 5523 5600 5599
f 5429 3400 3401
f 3887 5632 5631
f 5634 5613 5600
f 5276 5280 5279
f 5298 5297 5257
f 5087 5086 5085
f 3361 3526 5612
f 5041 5061 5066
f 5487 5488 3383
f 5101 5116 5130
f 5299 5298 5300
f 5333 5336 5335
f 5302 5305 5304
f 5234 5247 5216
f 5301 5256 5255
f 4868 5318 5322
f 5281 5278 5277
f 5323 5321 5322
f 5298 5284 5296
f 4885 4829 4750
f 5231 5230 5196
f 4625 4626 5313
f 5111 5113 5085
f 5600 5613 5549
f 5531 5564 5563
f 5165 5166 5182
f 5283 5280 5285
f 4269 4276 4277
f 5610 5609 5603
f 5127 5090 5091
f 4907 5095 5125
f 5277 5278 5272
f 5596 5593 5592
f 5212 5312 5226
f 5273 5261 5262
f 5302 5301 5258
f 5635 5646 5645
f 4250 4352 4379
f 4485 4136 3405
f 4354 4026 4023
f 4265 4262 4304
f 4388 4390 4282
f 4345 4342 4384
f 4362 4364 4297
f 4836 4765 4612
f 4360 4361 4236
f 4369 4233 4237
f 5647 5636 3986
f 5650 3965 3192
f 5337 5338 5336
f 4467 4478 4477
f 4253 4377 4340
f 4429 3416 5457
f 3997 4133 3915
f 5535 3856 3839
f 5538 5541 4460
f 3439 3376 5571
f 5570 5525 5526
f 3438 5571 5572
f 4440 4468 3879
f 3440 5665 4407
f 3886 5685 5695
f 5534 5529 5396
f 5685 3886 3471
f 4278 4198 4301
f 5628 4448 4449
f 3579 3537 3538
f 4480 5627 5628
f 4402 5499 5517
f 4279 4197 4198
f 3603 3534 3532
f 3580 3594 4088
f 4095 3530 3531
f 5248 5249 5251
f 3778 3819 3999
f 4617 4618 4613
f 4375 4275 4372
f 3411 3405 4136
f 5094 5106 5111
f 3602 3532 3535
f 4023 4011 4350
f 4349 4352 4336
f 3605 3535 3536
f 4469 4472 4471
f 4094 3531 3593
f 4248 4249 4245
f 3519 5521 5518
f 5254 5296 5284
f 4852 4853 4795
f 4265 4371 5629
f 5632 5499 5503
f 3604 3611 3612
f 5549 5501 5502
f 3653 3606 3607
f 4780 4738 4873
f 4988 4989 4979
f 4491 5625 5626
f 4837 4904 4995
f 4615 4612 4765
f 5468 4469 4470
f 3514 3470 3467
f 5491 5680 4409
f 4093 3618 3619
f 4364 4320 5629
f 3488 5510 5509
f 5606 5539 5611
f 4210 4219 4189
f 4600 4603 4602
f 5242 5215 5198
f 5073 5074 5075
f 5651 5657 3940
f 3996 3541 3775
f 5200 5203 5202
f 5525 5531 5527
f 3364 4433 4434
f 3775 3541 3542
f 3941 3833 5485
f 3731 3706 4105
f 4997 5000 4999
f 4508 5598 5608
f 4101 4099 3818
f 3728 4109 4103
f 4591 4593 4592
f 4539 4536 4538
f 4550 4553 4552
f 4541 4566 4567
f 4389 4579 4570
f 4582 4583 4580
f 4976 4979 4978
f 4705 4708 4707
f 4797 4850 4843
f 3713 3729 3730
f 4675 4647 4702
f 4977 4978 4981
f 4810 4818 4817
f 4786 4811 4812
f 4715 4631 4628
f 4978 5016 5021
f 5010 5009 5006
f 3722 3743 4162
f 4558 4557 4560
f 4568 4570 4569
f 4584 4578 4535
f 4641 4631 4715
f 5026 5014 5012
f 4776 4777 4745
f 4714 4628 4712
f 4982 4996 5001
f 4576 4577 4560
f 4564 4567 4566
f 5069 5013 5018
f 5057 5052 5048
f 4810 4812 4811
f 3710 4158 3786
f 4991 4992 4999
f 5011 5009 5010
f 5008 5020 5022
f 5066 5067 5063
f 5047 5037 5024
f 5050 5049 5051
f 5023 5021 5016
f 5045 5044 5059
f 5047 5025 5026
f 3711 3712 3724
f 5048 5035 5037
f 5042 5040 5063
f 5058 5053 5051
f 5036 5038 5046
f 3715 3699 3700
f 5235 5256 5257
f 3732 3729 3704
f 5030 5031 5062
f 5020 5021 5023
f 5263 5262 5261
f 5049 5050 5044
f 5236 5248 5250
f 5031 5030 5027
f 5043 5038 5039
f 5320 5313 5329
f 5049 5048 5052
f 5326 5319 5317
f 3264 3261 3288
f 5264 5265 5263
f 4998 4999 4992
f 5009 5011 5020
f 5036 5032 5039
f 5032 5035 5034
f 4355 4317 3949
f 4269 4266 4374
f 4253 4250 4378
f 4525 4524 4252
f 3960 4112 4111
f 4372 4275 4258
f 5681 5672 5673
f 4378 4379 4272
f 4270 4347 4346
f 3244 5448 5644
f 4899 4703 4648
f 3734 3732 3702
f 4138 3346 3343
f 4192 4193 4361
f 3813 4001 3812
f 3817 3695 3696
f 5668 5683 5682
f 5690 5691 5687
f 5499 5632 5700
f 3999 3819 3820
f 3745 3742 4102
f 5684 3471 3472
f 5702 3859 3860
f 5712 5713 5693
f 3249 3277 4393
f 5695 5683 5715
f 5694 5715 5716
f 5719 3972 5601
f 4918 4919 4950
f 4774 4742 4743
f 5505 4415 4411
f 3583 3584 3585
f 3710 3687 4157
f 5513 5725 4417
f 5704 3563 4146
f 4141 4045 4062
f 5669 5689 5688
f 3898 3895 5653
f 5718 3973 3972
f 5684 5687 5686
f 3917 4131 5717
f 3463 5666 5662
f 5492 5506 5680
f 4931 4930 4950
f 5665 3440 3441
f 3788 3717 3740
f 3501 3502 3529
f 3569 3570 3477
f 5516 5728 5727
f 3564 3567 3566
f 3892 5405 5406
f 3962 4124 5407
f 4126 3908 4123
f 4116 3296 3287
f 3892 3887 5630
f 3824 3432 5413
f 4408 4409 5680
f 3969 3966 3978
f 4408 4413 3449
f 4414 3448 3449
f 3962 3261 3262
f 4425 5724 5616
f 4418 5725 5727
f 5716 5597 5575
f 5719 5720 5717
f 5698 5498 5692
f 3880 5621 4166
f 5652 3212 5520
f 5621 5623 4167
f 5679 4409 4410
f 3210 3209 3355
f 5622 5534 5451
f 5416 5417 5497
f 5729 5732 5731
f 5733 5734 3761
f 5735 5738 5737
f 5750 5752 5751
f 5744 5745 5740
f 5744 3770 3753
f 5753 5754 5730
f 5757 5758 5736
f 5731 5752 5765
f 5774 5777 5776
f 5790 5793 5792
f 5796 5786 5787
f 5817 5814 5819
f 5828 5831 5830
f 3725 4105 3751
f 4874 4734 4873
f 4700 4701 4903
f 4740 4820 4876
f 3199 3202 3201
f 4100 4102 4099
f 3749 3767 4108
f 3695 3817 3712
f 3378 3381 3380
f 5504 4411 4412
f 4405 4402 5518
f 5838 5839 5835
f 4705 4632 4712
f 5832 5831 5828
f 5697 5677 5678
f 3791 4006 4005
f 5848 5791 5794
f 3714 3700 3701
f 3995 4148 4042
f 3329 3326 3224
f 4005 3708 3705
f 4551 4762 4763
f 5855 5798 5808
f 5851 5795 5792
f 5803 5801 5858
f 5844 5843 5840
f 5762 5759 5743
f 5808 5809 5806
f 4012 3413 3426
f 5558 3513 3467
f 4550 4763 4720
f 4950 4951 4953
f 3885 3886 5694
f 5705 5706 4081
f 5508 4417 4415
f 3745 3759 3760
f 5507 4412 5680
f 3592 3536 3588
f 3895 5434 5658
f 5613 5500 5501
f 3834 3830 4393
f 5527 4454 4455
f 5775 5806 5809
f 5766 5767 5813
f 5858 5811 5812
f 5855 5815 5811
f 5863 5820 5819
f 5826 5859 5863
f 5862 5866 5833
f 5870 5871 5837
f 5782 5783 5831
f 5868 5838 5836
f 5778 5779 5843
f 5866 5870 5845
f 5785 5864 5867
f 5790 5788 5789
f 5796 5797 5794
f 5821 5818 5819
f 5657 5651 5620
f 5793 5849 5852
f 5855 5858 5801
f 5853 5847 5786
f 5804 5805 5802
f 5827 5867 5864
f 5767 5768 5821
f 5854 5857 5776
f 5860 5817 5818
f 5782 5832 5825
f 5781 5778 5844
f 5810 5811 5815
f 5867 5827 5830
f 5809 5808 5798
f 5828 5829 5863
f 5865 5841 5838
f 5801 5803 5802
f 4086 5707 3795
f 5779 5780 5842
f 5827 5826 5829
f 5839 5872 5869
f 5814 5815 5855
f 5711 4132 3859
f 4958 4957 4917
f 5861 5818 5821
f 5863 5859 5812
f 5865 5868 5823
f 5873 5836 5837
f 5872 5839 5842
f 4089 3455 3563
f 3812 3787 3785
f 5770 5771 5787
f 5789 5786 5847
f 5793 5789 5846
f 4145 4147 4146
f 5848 5773 5790
f 3953 4008 4009
f 5748 5875 5874
f 4624 4627 4626
f 4665 4764 4752
f 4775 4780 4779
f 4746 4670 4671
f 4637 4600 4601
f 4828 4612 4613
f 4704 4763 4762
f 4843 4845 4727
f 4543 4717 4725
f 4731 4864 4863
f 4723 4594 4558
f 4842 4846 4840
f 4717 4543 4857
f 4865 4868 4867
f 5841 5865 5866
f 4725 4726 4540
f 4798 4799 4816
f 4632 4635 4634
f 4720 4716 4715
f 4642 4645 4644
f 3754 4007 5874
f 4860 4761 4644
f 4674 4723 4722
f 4808 4809 4676
f 4721 4722 4822
f 5876 5878 5877
f 4836 4838 4840
f 4658 4661 4660
f 4826 4799 4800
f 4877 4782 4743
f 4948 4970 4971
f 4875 4739 4876
f 4954 4933 4934
f 5773 5770 5788
f 5825 5832 5833
f 5834 5837 5836
f 5834 5844 5845
f 3359 3362 3361
f 5732 5729 3756
f 3394 3397 3396
f 3766 3769 5741
f 5774 5809 5799
f 5805 5776 5857
f 5813 5821 5820
f 3969 3555 3964
f 5667 5668 5674
f 5729 5747 3792
f 3770 5744 5741
f 4741 4740 4739
f 4689 4737 4660
f 5772 5797 5787
f 5735 5733 3758
f 5850 5772 5773
f 5617 5528 3965
f 5799 5800 5854
f 5875 5748 5764
f 5840 5843 5842
f 5861 5768 5769
f 5807 5804 5853
f 5869 5781 5834
f 3765 3768 5739
f 5882 5884 5761
f 5881 5879 5887
f 5895 5896 5898
f 5907 5905 5906
f 5909 5907 5908
f 4234 4257 4526
f 3912 3927 3389
f 5934 8731 8730
f 8730 8731 5930
f 4920 4923 4922
f 8845 8847 8853
f 4141 4171 3404
f 3733 3705 3706
f 8849 8847 8848
f 4234 4237 4236
f 8863 8858 5919
f 3733 4002 4004
f 5908 5906 8859
f 8865 8866 8871
f 8859 8858 8863
f 5927 5924 5925
f 5911 5903 5904
f 8878 8871 8866
f 5635 5638 5637
f 5745 5744 5746
f 3552 3555 3554
f 8857 8889 8890
f 5924 5927 8860
f 3553 3557 3556
f 5919 5920 8861
f 8869 8865 8870
f 8873 8871 8878
f 8856 8857 8875
f 8862 8861 5889
f 8846 8845 8844
f 8864 8863 8866
f 8729 8730 8883
f 8848 8846 8887
f 8878 8879 5888
f 8896 8854 8855
f 8853 8854 8896
f 8841 8842 5882
f 3489 3492 3491
f 8867 8859 8864
f 5910 5908 8867
f 5914 5910 8898
f 5916 5914 8899
f 5889 8861 8860
f 8876 8878 8893
f 5918 5916 8900
f 4424 5722 5726
f 8904 8903 8900
f 8909 8908 8904
f 8908 8907 8903
f 8869 8909 8905
f 3632 3668 3667
f 3687 3690 3689
f 3636 3682 3681
f 3664 3641 3639
f 4304 4307 4306
f 8909 8869 8891
f 3681 3696 3695
f 3758 3761 3760
f 3684 3701 3700
f 3721 3724 3723
f 3941 3944 3943
f 3738 3741 3740
f 3687 3710 3709
f 3238 3239 3938
f 4249 4303 4288
f 4499 4498 3344
f 4240 4194 4368
f 3453 3451 3951
f 4401 3971 3547
f 3950 3951 3451
f 3702 3704 3701
f 3725 3728 3727
f 3194 3207 3208
f 4034 4035 4461
f 3914 3348 3913
f 3483 3575 3533
f 3191 3958 3957
f 4292 3489 3970
f 3909 3910 3428
f 3959 3960 3866
f 4017 4308 4309
f 4316 4318 4008
f 4448 4451 4450
f 4414 4415 4417
f 3435 3430 3351
f 4413 4411 4415
f 3899 3902 3901
f 3780 3781 3648
f 3474 3471 3886
f 3958 3191 3192
f 3221 3223 3935
f 3905 3908 3907
f 3913 4488 4486
f 4420 4422 4421
f 3881 3884 3883
f 4004 3788 3790
f 4271 4319 4318
f 4259 4297 4296
f 3501 4003 4066
f 5897 5898 5900
f 5901 5902 5904
f 8854 8849 8856
f 3789 3785 3786
f 3651 3648 3781
f 5924 5899 5901
f 8870 8871 8873
f 8876 8877 8874
f 5912 5917 5918
f 3805 3918 3799
f 3369 3370 3395
f 3923 3926 3925
f 3916 3917 3512
f 3641 3664 3801
f 4276 4269 4323
f 4181 4229 4331
f 4428 4430 3377
f 3495 4425 4321
f 4436 4435 3380
f 4430 4428 4437
f 3945 3957 3958
f 4065 3901 4047
f 4495 4497 3408
f 8913 8912 8915
f 8911 8910 8917
f 8889 8922 8923
f 8919 8935 8931
f 8884 8914 8918
f 8922 8921 8931
f 5852 5907 5909
f 5866 5862 5915
f 8926 8918 8914
f 8914 8884 8883
f 8886 8919 8921
f 5846 5847 5894
f 5873 5902 5900
f 8893 5888 5764
f 8894 8893 5754
f 5890 8860 5927
f 5885 8896 5755
f 5871 5904 5902
f 5763 8936 5883
f 5880 5890 8936
f 4175 4176 4398
f 4274 4254 4255
f 8883 8730 5931
f 8868 8905 8898
f 3289 4059 3247
f 3858 3855 5485
f 8850 8848 8886
f 4116 4120 5409
f 3889 5406 4127
f 3678 3679 8938
f 8857 8850 8888
f 3979 3551 3294
f 4126 3352 3431
f 3651 4000 3679
f 3460 3858 5921
f 4084 3309 3310
f 8905 8904 8899
f 3561 3327 5397
f 3213 3965 5528
f 4191 4194 4193
f 5449 5450 5532
f 4142 3975 4031
f 4060 3947 5652
f 4480 4483 4482
f 5519 5520 3212
f 5657 5451 3330
f 4473 4476 4475
f 3514 3515 5668
f 5663 5670 5669
f 8881 5929 5926
f 5734 5733 5749
f 4788 4789 4677
f 3997 3996 3538
f 3551 3486 3310
f 3577 3578 3998
f 4893 4697 4676
f 4753 4751 4671
f 8729 8884 8885
f 3813 3703 9021
f 8938 4001 3813
f 8882 5931 5929
f 4098 5701 3820
f 3399 5405 5416
f 5494 5495 5503
f 5880 5877 5878
f 4986 4673 4861
f 4999 5000 5004
f 4985 5001 4988
f 5816 5769 5766
f 4372 4370 4384
f 5688 5691 5692
f 8903 8902 8901
f 8879 8862 5887
f 8902 8881 8880
f 5919 5893 5895
f 4519 4384 4342
f 8847 8849 8854
f 5925 5901 5903
f 4021 3899 4523
f 5678 5677 5676
f 4424 3843 4085
f 5701 3576 3577
f 5928 5925 5926
f 5000 5005 4980
f 9022 4147 3545
f 9024 9025 5409
f 4008 4011 4010
f 3931 3234 4516
f 3822 3806 3807
f 8851 8852 8844
f 5728 5516 5509
f 9025 9023 4115
f 5209 5200 5201
f 4820 4740 4653
f 3988 5596 5598
f 3370 3911 3357
f 5639 5642 5641
f 5592 4511 4477
f 3378 3944 5572
f 5625 4463 3265
f 5594 5582 5577
f 3302 5649 5645
f 3274 3277 3278
f 5207 5208 5233
f 5071 5070 5072
f 4815 4814 4785
f 4796 4802 4643
f 3243 3244 5643
f 5301 5302 5303
f 5431 3562 5655
f 5251 5249 5244
f 3353 3427 3523
f 4174 3404 3405
f 3546 4114 4113
f 4002 3789 3788
f 4196 4239 4238
f 3232 5646 5647
f 4373 4374 4266
f 4867 5322 5321
f 5648 4054 4058
f 4455 4070 3893
f 5593 3407 4511
f 5275 5265 5252
f 5252 5265 5274
f 4092 3619 3624
f 3723 3742 3743
f 4780 4775 4802
f 4059 3289 3560
f 4317 4355 4347
f 5188 5190 5192
f 5570 5599 5612
f 3385 5429 5633
f 3526 5568 5569
f 3576 5701 3608
f 3581 3542 3594
f 5239 5237 5238
f 5081 5079 5083
f 4369 4526 4528
f 4325 4326 4329
f 3569 3285 3286
f 9022 9026 4112
f 3661 3662 3801
f 5074 5073 5030
f 5064 5062 5063
f 3563 3497 3498
f 3961 5407 4119
f 4854 4853 4870
f 5018 5007 5028
f 5007 5008 5027
f 5040 5042 5039
f 3240 3375 3875
f 5070 5069 5029
f 3504 3481 3866
f 3537 3579 3591
f 5033 5041 5039
f 4710 4638 4635
f 5017 4979 4989
f 5024 5037 5046
f 4991 5006 5019
f 4587 4553 4574
f 4996 4982 4793
f 5066 5061 5059
f 5221 5230 5231
f 5068 5056 5057
f 3675 3676 3643
f 3663 3674 3675
f 4722 4558 4559
f 3579 3576 3590
f 3686 3676 3677
f 4422 4420 3499
f 5142 5141 5138
f 5078 5071 5075
f 3609 3589 3590
f 3288 3961 5411
f 5424 9024 5410
f 5152 5144 5156
f 3960 5704 5709
f 4946 4956 4957
f 3867 3903 5705
f 9026 9022 4113
f 5192 5193 5189
f 5161 5164 5194
f 3637 3698 3682
f 4392 5461 3847
f 3796 4114 4149
f 4104 3716 3727
f 3594 3595 3993
f 3796 3793 4134
f 3687 3688 4156
f 3760 3761 4164
f 4464 3344 3345
f 3485 3528 3868
f 3846 3845 5423
f 3409 4520 4496
f 3767 3768 3765
f 3711 3721 4159
f 3797 4132 4087
f 4072 4069 5562
f 4502 4076 5590
f 5408 5426 9027
f 5683 5695 5714
f 5702 3772 4110
f 5623 4042 4148
f 5428 3874 3525
f 3668 3803 3802
f 4000 4001 8938
f 4221 4222 4179
f 4267 4268 4388
f 3721 3722 4161
f 3903 5659 5706
f 3583 3580 4090
f 3894 5486 3524
f 4635 4638 4636
f 4173 5401 4009
f 4890 4666 5393
f 5290 5291 5293
f 5339 5340 5337
f 5458 5459 4438
f 3251 5419 5430
f 3252 5418 5419
f 3428 5420 5421
f 3571 5426 5418
f 4583 4582 4554
f 4239 4367 4224
f 3322 3898 5450
f 5309 5310 5306
f 4109 3728 3748
f 5707 3865 3794
f 5139 5184 5183
f 5271 5270 5290
f 5280 5283 5282
f 5110 5107 5125
f 5319 4864 4731
f 5334 5343 5339
f 5423 3522 3523
f 5376 5377 5378
f 4721 4681 4646
f 3719 4158 4159
f 4853 4854 4692
f 5373 5372 5330
f 4428 5457 5456
f 5376 5329 5328
f 3337 3367 4434
f 4692 4693 5395
f 5475 4172 4523
f 5478 3900 4068
f 5421 5404 4129
f 5374 5373 5375
f 5283 5299 5306
f 5246 5247 5234
f 5154 5149 5150
f 4458 5562 5561
f 5163 5159 5158
f 5381 5374 5378
f 3397 3394 5484
f 4457 5561 5563
f 5147 5143 5150
f 4474 4475 5544
f 5325 5318 5319
f 5223 5394 5388
f 5517 5700 3521
f 4499 5480 3347
f 5404 5403 4128
f 3476 5507 5506
f 4084 5516 5515
f 3900 5478 5477
f 5536 5564 5547
f 5491 5498 5493
f 5474 5472 4139
f 4063 4521 4522
f 4459 4460 5541
f 5548 5549 3360
f 5444 5445 5550
f 3888 3889 5415
f 5546 5547 3339
f 5536 5539 5538
f 3570 5513 5508
f 4471 4502 5589
f 4280 3848 3359
f 5499 4402 4403
f 5189 5193 5169
f 5543 4477 4478
f 4051 5551 5552
f 3461 5504 5507
f 4629 4630 4870
f 5106 5094 4909
f 5286 5281 5279
f 5462 5463 3364
f 3491 5511 5514
f 5224 5220 5231
f 4478 4459 5540
f 4099 4102 3742
f 4803 4806 4805
f 4130 5423 5422
f 4470 4471 4476
f 4924 4925 4921
f 4920 4921 4927
f 4993 4986 4987
f 4887 4888 4913
f 3894 3893 4070
f 5472 5474 5585
f 3508 4135 4134
f 3603 3600 4096
f 3772 3773 3992
f 5712 5664 5671
f 3739 3718 4162
f 5683 5668 3515
f 5480 4465 4495
f 5698 5699 5493
f 3578 3538 3996
f 3645 3646 4154
f 5660 3904 3466
f 4135 9026 5710
f 5587 5591 4073
f 5687 5689 5693
f 3584 3583 4091
f 5585 5583 5584
f 4128 5414 5415
f 4257 4254 4338
f 4222 4231 4178
f 4366 4365 4191
f 5098 5099 5091
f 5761 5757 5737
f 5760 5737 5738
f 8852 8842 5934
f 8874 8877 8855
f 8895 8897 8855
f 5884 5882 8842
f 4557 4554 4582
f 8890 8923 8917
f 8918 8926 8930
f 8924 8926 8915
f 4182 4181 4330
f 3864 5708 5711
f 3574 3317 3230
f 3342 3954 3415
f 3488 3486 3549
f 4317 4316 3953
f 3672 3659 4152
f 5708 3864 3865
f 9021 3703 3685
f 3621 3618 3616
f 5728 4422 4419
f 4311 4027 4028
f 4131 3917 3543
f 4426 3496 3842
f 4518 3956 4168
f 5457 5465 5464
f 5425 3560 3558
f 5458 4439 4437
f 3416 3414 5465
f 5638 9028 5437
f 3985 3986 5636
f 5646 5635 5636
f 9023 9025 3554
f 5722 5510 5514
f 3256 3933 3934
f 4164 3761 5734
f 8885 8918 8920
f 3282 3932 3929
f 3292 4394 3320
f 3232 3229 3300
f 3303 3236 3271
f 3562 5431 5432
f 3392 3387 3388
f 3854 5922 5350
f 5463 5462 5459
f 5935 3474 3885
f 3879 3415 3954
f 3928 3372 3391
f 4137 5559 4458
f 5454 5455 3850
f 3548 3490 3549
f 4443 4500 5470
f 4452 4505 4506
f 4468 3414 3415
f 4443 4440 3876
f 3234 3235 4515
f 5434 3895 3896
f 5448 5440 5441
f 5447 5446 5443
f 4442 5470 5471
f 5550 4056 3275
f 5578 5573 4520
f 3464 5667 5666
f 4701 4627 4839
f 3259 5398 4041
f 4015 4012 3423
f 3558 3323 3982
f 4856 4894 4823
f 4741 4652 4653
f 3759 3745 4106
f 3560 3289 3290
f 9024 5424 3557
f 5438 3279 3280
f 3321 3283 3290
f 5557 5483 4072
f 5553 3369 3396
f 4045 4141 4174
f 4539 4845 4849
f 3536 3480 3503
f 5478 5573 5574
f 3800 3797 3510
f 4755 4883 4886
f 5561 4454 5527
f 5752 5731 5732
f 5752 5750 5756
f 3518 5492 5493
f 3767 3762 4107
f 3534 3603 4097
f 4395 3572 3826
f 3926 4052 3371
f 4446 4510 5610
f 4050 5444 3980
f 8887 8846 8843
f 5649 5639 5640
f 4643 4644 4761
f 3709 3787 3784
f 4778 4659 4660
f 5649 3302 4054
f 5646 3232 3301
f 3250 3251 3910
f 5884 5886 5757
f 5655 5656 5936
f 4224 4227 4226
f 4043 4044 3412
f 4286 4289 4288
f 4267 4311 4310
f 4493 4079 4080
f 3325 5432 3226
f 3925 3371 3372
f 4312 4315 4314
f 3996 3997 3540
f 8908 8911 8912
f 4023 4026 4025
f 3995 3890 3891
f 5482 5556 5559
f 4486 3420 3921
f 4300 4285 4302
f 5438 5642 5644
f 3233 3932 3282
f 3225 3228 3227
f 5446 4400 5445
f 5554 3396 3397
f 4834 4833 4830
f 4064 3349 3350
f 3596 3599 3598
f 5639 5649 5648
f 5434 5431 5654
f 4895 4896 4830
f 3674 3677 3676
f 3551 3979 3978
f 3835 3836 3305
f 3813 3810 3702
f 3691 3711 4160
f 4109 4100 4101
f 4565 4187 4188
f 3490 3548 3547
f 3672 3646 3647
f 8906 8907 8912
f 3810 3812 3811
f 4051 4052 4397
f 3566 3599 4090
f 5580 5475 5476
f 4456 4457 5537
f 5539 5536 5546
f 8844 5934 8729
f 8872 8873 8874
f 4383 4301 4198
f 4931 4926 4927
f 5529 5530 5397
f 5314 5321 5323
f 5347 5332 5323
f 4711 4709 4599
f 5387 5388 5389
f 5259 5290 5292
f 5195 4806 4803
f 5195 5104 4746
f 4639 4865 4866
f 4821 4818 4681
f 3421 4037 5399
f 4730 4863 4601
f 4807 4651 4811
f 4040 4037 3421
f 4844 4841 4800
f 3936 3933 3929
f 4894 4798 4817
f 5365 5370 5383
f 4657 4656 4661
f 5224 5206 4770
f 5368 5383 5382
f 5336 5349 5352
f 5353 5356 5386
f 4070 4455 4454
f 5396 5397 3327
f 5225 5226 5312
f 5384 5382 5386
f 5391 4694 4695
f 4407 4410 4409
f 4623 4620 4880
f 5356 5353 5352
f 4578 4584 4859
f 3239 3875 3217
f 3937 3218 3333
f 4578 4575 4534
f 5467 5471 4505
f 4836 4828 4826
f 4422 5728 5721
f 3392 3393 5556
f 5564 5531 5565
f 3807 3808 3663
f 5922 3854 4392
f 3680 3695 3692
f 3630 3633 3632
f 4416 4417 5725
f 4033 3305 3836
f 3238 3220 4168
f 3466 3904 3483
f 3678 3677 3650
f 3677 3674 3649
f 3340 3337 4431
f 3562 3561 5656
f 5658 5654 5938
f 3642 3643 3640
f 3306 3303 3334
f 3256 3253 3280
f 8910 8891 8892
f 5868 5900 5898
f 8924 8923 8922
f 8935 8930 8925
f 8882 8906 8913
f 8925 8930 8926
f 5852 5849 5905
f 5136 5128 5124
f 4243 4363 4260
f 5238 5227 5228
f 5642 5639 5643
f 3924 3925 3928
f 5412 3521 5700
f 3750 3752 3751
f 3746 3752 3770
f 3859 3798 3861
f 3972 3973 3493
f 5923 8860 8861
f 4945 4946 4958
f 3296 3293 3286
f 3824 5403 3907
f 3671 3629 4154
f 4137 3343 5481
f 3614 3654 3802
f 3283 3284 3559
f 4936 4935 4934
f 5511 5723 5726
f 4170 4169 3926
f 3572 4393 3830
f 3459 3447 3858
f 3496 4426 4425
f 3457 3950 3436
f 3984 3983 3986
f 3914 3389 3386
f 5512 5724 5723
f 4500 4443 4483
f 4501 4502 4471
f 4503 4506 4505
f 4143 4144 4461
f 3331 3329 3222
f 4016 4015 4018
f 3998 3775 3776
f 4114 3796 5710
f 4405 5678 4406
f 5602 5604 5720
f 4767 4803 4804
f 4929 4933 4954
f 4410 4407 5665
f 3888 5700 5632
f 4048 4049 3977
f 3947 3211 3212
f 5676 5677 3472
f 5782 5785 5784
f 4315 4312 4311
f 5699 5518 5521
f 5864 5785 5825
f 5826 5827 5822
f 5775 5776 5805
f 3236 3233 3270
f 5823 5868 5859
f 4957 4848 4895
f 8868 8864 8865
f 4281 4392 3848
f 4940 4943 4971
f 4013 4014 4029
f 3685 3703 3701
f 4339 4340 4377
f 8891 8870 8872
f 3753 3750 3755
f 4427 4168 3220
f 3809 3806 3779
f 3568 4416 4418
f 3880 3987 3918
f 3543 3843 3842
f 4646 4649 4648
f 4656 4657 4597
f 4781 4876 4820
f 4972 4975 4974
f 5101 5102 5109
f 5095 5096 5115
f 5090 5127 5132
f 5131 5132 5134
f 5134 5132 5127
f 5117 5139 5140
f 3539 3862 3863
f 4006 3791 3792
f 5128 5091 5099
f 5097 5088 5089
f 5274 5266 5271
f 4571 4572 4569
f 4225 4531 4238
f 5156 5155 5170
f 4538 4541 4540
f 4622 4691 4665
f 4981 5011 5004
f 5012 4974 4975
f 5148 5147 5149
f 5157 5142 5133
f 5161 5155 5145
f 4261 4532 4242
f 5294 5295 5291
f 4255 4256 4532
f 5274 5259 5250
f 4246 4529 4207
f 3314 3924 3927
f 4670 4673 4672
f 4995 4904 4673
f 4638 4710 4603
f 4341 4295 4525
f 5163 5166 5165
f 4834 4783 4784
f 4784 4820 4682
f 4844 4843 4687
f 5280 5276 5275
f 4217 4572 4564
f 4554 4557 4556
f 4551 4552 4556
f 4549 4546 4544
f 5141 5142 5173
f 4653 4654 4683
f 4973 4974 4989
f 4984 5005 5015
f 5177 5172 5170
f 5166 5167 5181
f 5141 5184 5139
f 5178 5174 5151
f 5244 5202 5203
f 5252 5244 5245
f 4479 4031 4079
f 4402 4405 4404
f 3500 4418 4419
f 5856 5851 5909
f 4488 3913 3348
f 8851 8853 5885
f 3607 3608 5701
f 3508 3505 3503
f 5847 5858 5896
f 4374 4373 4309
f 3380 4439 4438
f 9025 9024 3553
f 5718 5717 4131
f 3300 3229 3283
f 5551 3275 3276
f 5552 3276 3369
f 5555 3397 5483
f 5859 5898 5896
f 4133 3793 3794
f 3606 3653 3652
f 4900 4852 4766
f 4616 4790 4789
f 3738 4165 4164
f 4774 4771 4642
f 4399 4485 3402
f 5853 5796 5795
f 3936 4518 4427
f 3418 3419 4064
f 5510 3488 3840
f 3270 3282 3279
f 3274 3275 4056
f 4359 4356 4305
f 4135 3508 3504
f 3610 3611 3609
f 3837 3556 3557
f 5940 3971 4401
f 5853 5804 5803
f 5725 5513 5515
f 3246 5410 4117
f 5713 5712 5672
f 4918 4961 4916
f 4148 3995 3771
f 5106 5105 5113
f 4147 9022 5709
f 5152 5172 5177
f 9026 4135 4111
f 5104 5195 5103
f 3531 3528 3485
f 3713 3716 3715
f 3699 3715 3815
f 4467 3345 4459
f 4703 4899 4736
f 5405 3399 3846
f 3555 3552 3963
f 4120 4116 5411
f 4217 4219 4185
f 3279 5438 5441
f 4944 4945 4959
f 4353 4337 4344
f 3815 3715 3716
f 3374 3371 4052
f 4491 4492 4516
f 5865 5824 5833
f 5819 5814 5856
f 5807 5851 5856
f 3933 3256 3281
f 3208 3205 3920
f 8907 8906 8902
f 5288 5308 5295
f 3728 3725 3747
f 3309 4084 4083
f 5119 5116 5101
f 3811 3785 3789
f 3595 3863 3992
f 4106 4102 4100
f 5696 5575 5576
f 3708 3755 3750
f 3744 3760 4165
f 5905 5891 5892
f 3403 4036 4175
f 4133 3997 3506
f 4147 4145 3544
f 3561 3562 3325
f 3237 3240 3239
f 4877 4878 4793
f 3241 3244 3243
f 3597 3624 3625
f 3279 3282 3281
f 3371 3374 3373
f 3599 3566 3567
f 3975 3976 4032
f 3277 3249 3250
f 3774 3564 3565
f 3658 3673 3780
f 4961 4962 4963
f 3600 3615 3616
f 4228 4229 4202
f 4011 4008 4318
f 4307 4304 4262
f 4838 4800 4841
f 4782 4783 4773
f 4914 4956 4946
f 4839 4609 4765
f 4771 4896 4645
f 4962 4965 4964
f 4966 4959 4963
f 3601 3612 3615
f 5878 5875 5879
f 5890 5880 5881
f 3720 3786 4158
f 4755 4756 4689
f 3740 3717 3718
f 5695 5685 5686
f 5740 5743 5742
f 5733 5735 5736
f 5755 5756 5750
f 5745 5763 5762
f 5798 5801 5800
f 4706 4880 4879
f 5651 5652 5619
f 5850 5794 5797
f 5804 5807 5806
f 4087 5708 5707
f 5915 5913 5914
f 5703 3860 4167
f 5893 5894 5896
f 5892 5893 5919
f 5706 5671 5664
f 5786 5789 5788
f 3973 4131 3841
f 4831 4832 4915
f 5906 5892 8858
f 4965 4967 4969
f 4684 4685 4846
f 3589 3609 3611
f 3596 3625 4150
f 5877 5880 5763
f 4121 4124 4123
f 3469 3465 3868
f 3204 3205 3208
f 3716 3713 3726
f 5460 9027 5426
f 3465 3469 3470
f 5738 5735 3764
f 4887 4654 4655
f 4203 4206 4205
f 3959 5705 4082
f 5758 5757 5886
f 5781 5869 5872
f 4675 4762 4723
f 3757 4164 5751
f 3334 3271 3272
f 8880 5926 5903
f 5615 5676 3473
f 5759 5761 5760
f 8845 8846 8848
f 5778 5781 5780
f 8857 8856 8849
f 4132 3797 3798
f 5839 5838 5841
f 560 1899 3187
f 5747 5874 4007
f 5928 5930 8840
f 5766 5769 5768
f 4848 4957 4956
f 4953 4968 4967
f 4832 4897 4910
f 5879 5764 5888
f 3598 3567 3530
f 5747 5729 5730
f 5754 5764 5748
f 5810 5813 5812
f 5758 5755 5749
f 4315 4388 4387
f 5917 5915 5916
f 5913 5909 5910
f 5930 8731 8841
f 4951 4955 4968
f 3209 3210 3201
f 4059 5424 3246
f 8731 5934 8842
f 3776 3582 3585
f 5770 5773 5772
f 5891 5894 5893
f 9028 5638 5641
f 5814 5817 5816
f 5662 5675 5673
f 3522 3525 3524
f 5630 5631 5942
f 5791 5792 5795
f 5746 3753 3754
f 5928 5929 5931
f 5743 5760 5739
f 5876 5874 5875
f 3678 8937 9021
f 4200 4208 4207
f 4114 3546 3916
f 3601 3602 3605
f 3818 3724 3712
f 3315 3318 3317
f 5899 5900 5902
f 8840 8841 5883
f 5562 4458 5559
f 4416 3568 3448
f 3189 3192 3191
f 4751 4890 4747
f 4181 4182 4180
f 3832 3942 5454
f 3362 3527 3526
f 5678 4405 5699
f 3497 3500 3499
f 448 1980 807
f 647 648 122
f 5690 3472 5677
f 4183 4186 4185
f 1833 1848 1780
f 5920 5895 5897
f 510 509 508
f 4401 3967 5944
f 5656 5397 5530
f 3970 3971 5940
f 5653 5658 5939
f 5450 5653 5946
f 3384 5633 5945
f 4403 4404 4299
f 5944 3967 3968
f 3963 5427 5951
f 5614 3473 3474
f 5427 3838 3857
f 3210 1949 1887
f 1887 15 3200
f 15 16 3197
f 16 3188 3195
f 3195 3188 3187
f 3194 3187 1899
f 3207 1899 375
f 387 173 126
f 3189 1791 1760
f 9029 763 757
f 763 9029 2172
f 9035 9034 9032
f 9033 9032 9031
f 9046 9049 9048
f 8751 9053 9054
f 9078 9076 9077
f 9083 9087 9051
f 9088 9089 9047
f 9099 9036 9040
f 9102 9034 9036
f 9105 9031 9032
f 9105 2176 9106
f 1801 1864 9108
f 9103 9032 9034
f 9096 9090 9047
f 1767 1768 9111
f 1597 9115 9113
f 1708 1707 9117
f 9123 9120 9119
f 9118 9119 9125
f 1588 1708 9116
f 2080 9123 9118
f 2082 9118 9124
f 9126 9129 9087
f 9129 9130 9088
f 5512 3492 5943
f 5634 3383 5488
f 5724 5512 5947
f 9134 9099 9097
f 9144 9103 9102
f 9133 9097 9096
f 786 9146 9144
f 9146 9105 9103
f 785 9144 9138
f 497 9138 9134
f 650 9134 9133
f 9148 564 9133
f 8756 9058 9057
f 9154 9151 9130
f 9151 9150 9131
f 9097 9040 9090
f 1799 9109 9111
f 5949 3968 3964
f 9160 9156 8809
f 8813 9162 9160
f 9166 463 564
f 9067 9058 9054
f 9162 9166 9148
f 9087 9088 9048
f 9081 9078 9079
f 9049 9052 9051
f 9082 9168 9167
f 9079 9077 9049
f 9169 9168 9175
f 9167 9115 9112
f 9168 9169 9177
f 9120 9117 9113
f 9120 9177 9169
f 9119 9169 9170
f 9179 9180 9125
f 9180 1576 9124
f 9178 9179 9170
f 1576 2101 2084
f 9179 9178 9183
f 3203 376 1387
f 3190 1387 1791
f 5618 2152 1949
f 317 240 259
f 2000 2176 9105
f 9053 9051 9052
f 9041 9040 9036
f 9029 758 756
f 9037 9036 9034
f 9130 9131 9089
f 3204 375 376
f 1801 9107 9109
f 9181 9187 9180
f 1575 9187 9190
f 9187 1575 1576
f 1776 1795 1796
f 1293 1294 1290
f 1326 14 1327
f 1294 1245 1234
f 878 1244 1330
f 5633 3401 5490
f 5933 3359 3360
f 5613 5634 5948
f 5604 5605 3844
f 3972 3494 5950
f 3494 3495 4322
f 4406 5676 5615
f 3492 3489 4292
f 5631 5503 5495
f 497 373 374
f 122 648 413
f 5624 5489 3398
f 9151 9154 9156
f 9058 8756 8752
f 9160 9162 9150
f 8815 9166 9162
f 9156 9126 8794
f 439 398 399
f 1512 1528 1526
f 1668 1741 1738
f 839 849 1362
f 1362 1357 826
f 3425 3417 3418
f 4905 5207 5243
f 4621 4622 4662
f 5582 5579 5574
f 4754 4757 4756
f 3902 3899 4021
f 9295 740 1896
f 2053 2054 2118
f 9340 9339 2120
f 696 697 9268
f 4922 4938 4939
f 4365 4366 4186
f 5105 5106 4862
f 5228 5227 5226
f 4781 4782 4877
f 5218 5227 5238
f 4990 4993 4992
f 4335 4337 4336
f 4993 4990 4972
f 4794 4793 4792
f 5886 5884 8852
f 5405 3892 5417
f 4669 4752 4764
f 4676 4697 4698
f 1826 1878 639
f 9192 9191 9181
f 5232 5228 5233
f 5418 4121 4122
f 956 885 886
f 5720 3844 3512
f 4728 4731 4730
f 8879 8866 8863
f 1980 806 1922
f 4969 4970 4966
f 33 34 105
f 9028 3253 3254
f 3837 3558 3839
f 4382 4300 4301
f 3908 3905 4122
f 4290 4295 4294
f 4400 3834 4055
f 3219 3222 3221
f 8894 8895 8877
f 4640 4736 4735
f 4389 4366 4216
f 3267 4479 4493
f 3268 3265 4463
f 5097 5111 5098
f 5094 5097 5096
f 5654 5655 5937
f 4089 5704 3960
f 5159 5163 5162
f 5202 5244 5249
f 5412 5415 5414
f 5715 3515 3516
f 5723 4426 4423
f 4263 4264 4323
f 3994 3529 3564
f 1343 1344 9308
f 3470 3514 5667
f 5659 5661 5671
f 3319 3828 4053
f 9359 2127 2128
f 1766 1581 1582
f 14 1326 2163
f 595 98 99
f 5703 3771 3772
f 5206 5224 5229
f 3437 3446 3458
f 5516 4084 3487
f 5122 5086 5087
f 3223 3297 3934
f 3979 9023 5402
f 3828 3319 3320
f 5663 3441 4081
f 4035 4489 4490
f 4426 5723 5724
f 3881 4452 4447
f 5407 5408 4118
f 5691 5688 5689
f 5661 5673 5672
f 5911 5918 8901
f 3902 4022 3871
f 5541 5538 5539
f 4069 4454 5561
f 3248 4394 3292
f 1346 1035 1044
f 748 1888 1425
f 3297 3228 3255
f 5445 4400 4056
f 5783 5784 5830
f 4310 4028 4376
f 5857 5854 5800
f 3882 5467 4452
f 3193 3208 3919
f 3190 3191 3206
f 4266 4269 4268
f 4488 3419 3420
f 3331 3939 3940
f 4282 4285 4284
f 4606 4608 4607
f 4628 4629 4708
f 4659 4732 4733
f 4615 4750 4829
f 4718 4714 4713
f 5722 4424 4421
f 3307 3462 3461
f 4686 4688 4634
f 3966 3548 3550
f 4738 4739 4875
f 3416 4429 3237
f 4527 4528 4208
f 5093 5121 5114
f 5124 5099 5086
f 5117 5118 5138
f 4631 4641 4640
f 5166 5163 5168
f 5185 5188 5187
f 5194 5190 5191
f 3245 4117 4118
f 5214 5215 5203
f 3230 3317 3318
f 5237 5234 5217
f 5250 5259 5258
f 5113 5112 5084
f 5270 5267 5269
f 4906 5125 5107
f 5271 5266 5267
f 5276 5277 5262
f 5153 5151 5174
f 5290 5270 5268
f 5306 5299 5303
f 5147 5148 5146
f 4585 4849 4856
f 3226 5435 5436
f 4473 4503 4504
f 5765 5756 8897
f 4529 4246 4247
f 8923 8924 8916
f 5713 5681 5682
f 3315 3897 3898
f 5564 5536 5537
f 4468 4440 4441
f 3738 3739 4163
f 4577 4859 4559
f 5567 3527 3366
f 3587 3584 4150
f 5471 5468 4504
f 5860 5769 5816
f 3516 3513 5558
f 5436 3985 5637
f 5050 5053 5083
f 5547 5565 3338
f 9023 3979 3295
f 5708 4087 4132
f 4104 3816 3814
f 3718 3719 4161
f 5498 5491 5679
f 3884 4431 4432
f 3955 4512 3877
f 4049 4062 4061
f 8892 8872 8875
f 4572 4217 4218
f 4440 4443 4442
f 4497 4511 3407
f 8906 8882 8881
f 5664 5712 5670
f 3751 4105 3706
f 3511 3735 3736
f 5129 5130 5116
f 5086 5099 5098
f 5135 5127 5128
f 5143 5146 5145
f 5168 5158 5136
f 5297 5241 5246
f 5164 5161 5160
f 5155 5161 5171
f 5137 5179 5167
f 5293 5308 5307
f 5513 3570 4083
f 4053 3828 3825
f 3228 3297 3298
f 3631 3632 3635
f 5689 5669 5670
f 5759 5762 5883
f 3793 4133 3507
f 4906 4908 4891
f 4719 4858 4901
f 3597 3598 4095
f 3352 4126 4125
f 9064 9057 9058
f 9076 9064 9067
f 9083 8766 8794
f 9131 9132 9096
f 9138 9102 9099
f 9154 9129 9126
f 9077 9067 9052
f 9053 8751 8766
f 9191 9190 9187
f 9082 9079 9046
f 9193 9175 9168
f 1284 1290 1288
f 9150 9148 9132
f 3841 3842 3496
f 3570 3569 3336
f 4027 4311 4312
f 4889 4876 4781
f 4041 4045 4044
f 4885 4884 4813
f 5419 4122 3905
f 4367 4368 4227
f 1778 1781 1780
f 1792 1759 1584
f 4308 4017 3869
f 4594 4723 4762
f 4767 4770 4769
f 5461 3365 3366
f 4763 4704 4716
f 4919 4918 4915
f 4300 4382 4334
f 5196 5199 5198
f 5158 5148 5135
f 5431 5434 5433
f 4545 4567 4571
f 4557 4558 4594
f 695 570 571
f 4156 4155 3626
f 4861 4673 4670
f 5681 5675 5674
f 5473 5475 5580
f 3622 3656 4152
f 5647 3573 3574
f 3674 3663 3808
f 4420 4145 3498
f 5675 5662 5666
f 3253 9028 5439
f 5870 5866 5917
f 8887 8920 8919
f 5862 5856 5913
f 3534 3593 3485
f 3313 4486 4484
f 9090 9193 9046
f 4871 4759 4695
f 3778 3777 3822
f 4889 4748 4874
f 4000 3783 3784
f 4897 4898 4911
f 3856 3857 3838
f 4772 4830 4896
f 4015 4016 4376
f 3433 3461 3476
f 4053 4054 3302
f 3367 5567 3363
f 3242 3829 3831
f 3441 3442 4082
f 4735 4736 4855
f 4756 4757 4737
f 3382 3385 3384
f 3698 3699 3697
f 4676 4679 4678
f 4948 4943 4941
f 4890 5394 4805
f 4757 4744 4745
f 4581 4221 4380
f 5716 3516 5932
f 4923 4920 4926
f 5077 5079 5081
f 5078 5082 5058
f 4009 5401 5400
f 5081 5082 5078
f 3930 3931 4513
f 4014 4376 4028
f 4025 4026 4020
f 3618 4093 4096
f 4581 4575 4576
f 4219 4217 4188
f 5440 5442 3335
f 5449 3982 3323
f 4229 4181 4177
f 4590 4213 4214
f 4227 4183 4184
f 4574 4901 4858
f 4565 4566 5453
f 4592 4555 4588
f 4590 4587 4573
f 3517 3518 5521
f 3845 5428 3522
f 4444 3340 3884
f 3982 5449 5533
f 4465 4466 4497
f 4520 4522 4521
f 4076 4073 5591
f 3635 3667 3666
f 3343 3344 4498
f 4022 4019 3870
f 3661 3607 4098
f 5691 5690 5697
f 3768 3766 5742
f 4514 3955 3956
f 3697 3815 3814
f 4394 3248 5460
f 4054 4053 4057
f 3284 3318 3323
f 4052 3926 4169
f 4447 4506 4510
f 4456 4460 3346
f 4483 3876 3877
f 4482 3877 4512
f 4492 4512 4513
f 5642 5438 5439
f 5448 5447 5442
f 5466 4441 3882
f 3340 4444 4445
f 8908 8909 8910
f 4397 4169 3835
f 5413 3520 3521
f 3234 3931 3932
f 5753 5765 8895
f 8896 8897 5756
f 8921 8922 8889
f 8915 8912 8911
f 3933 3936 3935
f 3620 3804 3657
f 3966 3969 3968
f 4905 4789 4769
f 3225 5436 5437
f 5433 3896 3984
f 5714 5686 5693
f 5435 3984 3985
f 3954 3956 3955
f 4713 4712 4632
f 4879 4635 4632
f 3983 3984 3896
f 9027 5460 3248
f 5871 5870 5912
f 5849 5846 5891
f 4702 4703 4640
f 4213 4590 4579
f 3644 3645 3688
f 9193 9090 9040
f 8920 8930 8935
f 5406 3846 4130
f 4140 5400 5401
f 5659 3903 3904
f 4772 4773 4783
f 4244 4247 4246
f 4061 5399 4037
f 3669 3804 3803
f 3459 3460 3209
f 4072 5483 5484
f 4835 4833 4834
f 5660 5662 5661
f 4262 4265 4264
f 3633 3630 3627
f 3685 3643 3676
f 4517 4515 3235
f 4145 4420 4085
f 5455 4438 5459
f 5638 5635 5640
f 3228 3225 3254
f 4044 4174 3411
f 3614 3615 3612
f 3273 3276 3275
f 4952 4962 4961
f 4959 4958 4960
f 4888 4655 4761
f 4254 4257 4256
f 4199 4202 4201
f 4499 4464 4465
f 5479 4495 4496
f 5952 5953 5954
f 5956 5957 5958
f 5959 5958 5960
f 5962 5963 5964
f 5966 5967 5968
f 5967 5970 5971
f 5963 5962 5961
f 5972 5965 5964
f 5974 5975 5976
f 5978 5979 5980
f 5982 5983 5984
f 5986 5987 5985
f 5988 5989 5990
f 5992 5993 5994
f 5996 5997 5998
f 6000 6001 6002
f 6004 6005 6006
f 6008 6009 6010
f 6012 6013 6014
f 6016 6017 6018
f 6020 6021 6022
f 6024 6025 6026
f 6028 6029 6030
f 6032 6033 6034
f 6036 6037 6038
f 6040 6041 6013
f 6042 6043 6044
f 5992 6046 6047
f 6048 6049 6050
f 6052 6053 6054
f 6056 6057 6058
f 6060 6061 5987
f 6062 6063 6064
f 6066 6067 6068
f 6070 6071 6027
f 6072 6073 6057
f 6075 6076 6077
f 6078 6079 6080
f 6082 6083 6054
f 6085 6078 6081
f 6087 6061 5990
f 6061 6087 6089
f 6089 6090 6091
f 6092 6091 6093
f 6095 5978 5981
f 6062 6082 6084
f 6097 6098 6035
f 6056 6049 6099
f 6100 6101 6102
f 6001 6000 6104
f 6107 6108 6109
f 6110 6111 6112
f 6114 6026 6025
f 6116 6117 6118
f 6120 6121 6122
f 6124 6125 6126
f 6128 6129 6101
f 6039 6130 6131
f 6132 6133 6134
f 6136 6137 6138
f 6139 6140 6141
f 6143 6144 6145
f 6148 6149 6150
f 6152 6153 6154
f 6155 6156 6157
f 6159 6160 6161
f 6163 6164 6165
f 6167 6168 6169
f 6171 6172 6173
f 6175 6176 6104
f 6178 6179 6180
f 6023 6182 6183
f 6184 6185 6186
f 6117 6116 6188
f 6190 6191 6192
f 6194 6070 6026
f 6195 6196 6191
f 6197 6198 6199
f 6201 6202 6203
f 6205 6206 6207
f 6209 6210 6201
f 6197 6200 6211
f 6212 6211 6213
f 5979 6215 6214
f 6203 6216 6217
f 6206 6199 6198
f 6218 5961 5962
f 5965 6220 6219
f 5972 3355 3354
f 6070 6194 6222
f 6224 6225 6226
f 6228 6229 6230
f 6232 6233 6234
f 6196 6195 6236
f 6071 6070 6223
f 6239 6240 6241
f 6243 6244 6245
f 6247 6073 6248
f 6250 6251 6252
f 6254 6255 6256
f 6258 6259 6260
f 6229 6262 6263
f 6264 6265 6242
f 6266 6267 6268
f 6270 6271 6272
f 6274 6275 6276
f 6195 6278 6279
f 6280 6278 6281
f 6283 6284 6285
f 6123 6122 6287
f 6289 6290 6291
f 6293 6294 6243
f 6240 6296 6297
f 6298 6299 6267
f 6300 6301 6302
f 6304 6305 6306
f 6251 6250 6308
f 6247 6310 6311
f 6313 6314 6315
f 6314 6313 6317
f 6319 6086 6320
f 6322 6087 6088
f 6216 6324 6258
f 6325 6326 6327
f 6217 6258 6261
f 6330 6071 6238
f 6071 6330 6048
f 6015 6332 6333
f 6079 6334 6335
f 6336 6294 6240
f 6294 6293 6296
f 6337 6338 6339
f 6341 6342 6343
f 6345 6346 6347
f 6266 6264 6349
f 6350 6351 6352
f 6295 6243 6246
f 6303 6355 6356
f 6357 6358 6359
f 6361 6362 6363
f 6365 6350 6353
f 6367 6368 6369
f 6371 6367 6370
f 6372 6373 6374
f 6375 6374 6373
f 6376 6377 6378
f 6379 6380 6381
f 6383 6384 6385
f 6387 6388 6389
f 6391 6392 6393
f 6395 6396 6397
f 6398 6399 6400
f 6399 6401 6402
f 6403 6402 6401
f 6405 6406 6407
f 6409 6410 6411
f 6367 6371 6413
f 6374 6375 6415
f 6417 6418 6384
f 6419 6420 6348
f 6421 6422 6423
f 6425 6426 6400
f 6426 6427 6395
f 6393 6396 6428
f 6429 6430 6394
f 6390 6389 6431
f 6433 6434 6408
f 6435 6436 6437
f 6439 6440 6411
f 6392 6391 6441
f 6397 6392 6442
f 6401 6399 6444
f 6446 6447 6437
f 6448 6449 6450
f 6452 6453 6454
f 6442 6441 6456
f 6443 6442 6457
f 6444 6459 6460
f 6445 6444 6461
f 6463 6464 6462
f 6446 6445 6462
f 6466 6467 6468
f 6448 6451 6470
f 6453 6452 6472
f 6474 6475 6476
f 6478 6479 6480
f 6482 6483 6484
f 6486 6487 6488
f 6490 6491 6492
f 6493 6492 6494
f 6496 6497 6498
f 6500 6501 6502
f 6504 6505 6506
f 6508 6468 6509
f 6511 6512 6513
f 6499 6514 6515
f 6516 6517 6518
f 6520 6521 6522
f 6524 6507 6525
f 6507 6524 6527
f 6504 6527 6528
f 6528 6511 6508
f 6529 6530 6531
f 6342 6533 6534
f 6535 6347 6346
f 6347 6535 6537
f 6434 6538 6539
f 6539 6540 6405
f 6541 6542 6451
f 6543 6544 6470
f 6546 6478 6481
f 6499 6498 6548
f 6549 6550 6514
f 6551 6552 6553
f 6555 6556 6557
f 6403 6436 6423
f 6426 6425 6413
f 6415 6560 6428
f 6430 6429 6561
f 6434 6433 6420
f 6563 6564 6565
f 6404 6401 6445
f 6459 6444 6399
f 6455 6454 6388
f 6405 6450 6449
f 6540 6541 6450
f 6567 6495 6568
f 6570 6464 6463
f 6475 6474 6490
f 6458 6457 6571
f 6573 6571 6574
f 6576 6577 6578
f 6193 6192 6580
f 6582 6583 6584
f 6583 6582 6586
f 6588 6589 6587
f 6590 6069 6068
f 6592 6593 6594
f 6251 6310 6595
f 6304 6596 6597
f 6272 3735 6599
f 3737 3736 6558
f 6600 6161 6160
f 6123 6602 6603
f 6604 6605 6606
f 6608 6205 6208
f 5972 6221 6220
f 6610 6611 6612
f 6613 6614 6615
f 6242 6617 6618
f 6226 6619 6245
f 6620 6621 6622
f 6624 6143 6146
f 6626 6213 6211
f 6627 6628 6629
f 6631 6632 6633
f 6235 6635 6636
f 6637 6638 6639
f 6641 6625 6286
f 6643 6644 6645
f 6647 6648 6649
f 6244 6243 6294
f 6336 6651 6652
f 6194 6196 6237
f 6196 6194 6114
f 6115 6192 6191
f 6653 6654 6655
f 6657 6117 6189
f 6117 6657 6659
f 6130 6157 6156
f 6133 6152 6151
f 6661 6111 6662
f 6663 6613 6616
f 6664 6270 6273
f 6418 6417 6432
f 6290 6325 6328
f 6666 6557 6556
f 6557 6666 3805
f 5971 6667 6668
f 6181 6669 6670
f 6671 6672 6673
f 6676 6673 6672
f 6675 6150 6149
f 6067 6066 5999
f 6677 6678 6679
f 6681 6682 6683
f 6087 6322 6090
f 5983 5982 6685
f 5982 6094 6687
f 6094 6093 6688
f 6211 6200 6137
f 6689 6690 6691
f 6690 6689 3833
f 6001 5983 6686
f 5978 6693 6215
f 6694 6693 5978
f 5974 6694 6095
f 6183 6182 6696
f 6698 5959 5961
f 5959 6698 6699
f 6697 6696 6700
f 6702 6629 6703
f 5968 6668 6705
f 6706 5977 5955
f 6707 6618 6617
f 6024 6051 6709
f 6402 6403 6559
f 3852 6711 6712
f 3856 6594 6593
f 5977 6706 6694
f 6713 5955 5977
f 6714 6715 6716
f 6718 6719 6308
f 6720 6255 6254
f 6722 6723 6724
f 6312 6311 6726
f 6069 6590 6728
f 6319 6594 6730
f 6731 6645 6644
f 6732 6733 6734
f 6046 6053 6320
f 3880 3805 6666
f 6736 6737 6738
f 6531 6740 6741
f 6300 6356 6614
f 6742 6532 6325
f 6743 6742 3891
f 6744 6302 6301
f 6746 6747 6534
f 6536 6576 6579
f 6535 6579 6563
f 6566 6538 6537
f 6538 6566 6409
f 6412 6540 6539
f 6412 6748 6541
f 6748 6749 6542
f 6749 6569 6545
f 6568 6750 6547
f 6751 6752 6548
f 6753 6754 6550
f 6755 6756 6757
f 6759 6760 6761
f 6763 6764 6765
f 6764 6620 6623
f 6766 6767 6768
f 6770 6771 6772
f 6774 6775 6776
f 6021 6774 6777
f 6723 6778 6779
f 6780 6781 6782
f 6784 6785 6786
f 6788 6789 6790
f 6185 6792 6793
f 6794 6722 6725
f 6729 6796 6098
f 6135 6797 6798
f 6799 6062 6065
f 6037 6801 6802
f 6005 6004 6588
f 6005 6803 6804
f 6052 6055 6010
f 6586 6582 6803
f 6092 5985 5987
f 6094 5982 5985
f 6096 6806 6695
f 6082 6062 6799
f 6657 6013 6041
f 6013 6657 6658
f 6795 6725 6807
f 6809 6810 6811
f 6813 6814 6815
f 6817 6818 6819
f 6821 6822 6823
f 6329 6209 6204
f 6202 6825 6826
f 6072 6099 6827
f 6598 6829 6305
f 6301 6300 6613
f 6830 6831 6271
f 6822 6779 6778
f 6326 6741 6832
f 6203 6826 6833
f 6027 6048 6051
f 6360 6834 6835
f 6836 6837 6838
f 6837 6840 6841
f 6362 6365 6366
f 6380 6385 6384
f 6421 6564 6578
f 6566 6565 6410
f 6394 6389 6388
f 6414 6422 6368
f 6371 6374 6416
f 6561 6560 6378
f 6382 6381 6562
f 6381 6384 6418
f 6389 6394 6430
f 6391 6388 6454
f 6441 6454 6453
f 6456 6453 6473
f 6495 6494 6750
f 6843 6575 6485
f 6844 6845 6843
f 6573 6845 6847
f 6849 6491 6487
f 6513 6753 6752
f 6517 6521 6850
f 6521 6520 6851
f 6844 6851 6852
f 6505 6504 6510
f 6753 6513 6512
f 6516 6522 6521
f 6614 6740 6854
f 6742 6262 4003
f 6708 6617 6855
f 6307 6306 6857
f 6307 6664 6665
f 6414 6413 6425
f 6416 6415 6427
f 6562 6418 6431
f 6419 6537 6538
f 6358 6836 6839
f 6059 6058 6859
f 6861 6862 6863
f 6865 6866 6867
f 6115 6025 6869
f 6871 6872 6873
f 6721 6254 6596
f 6876 6610 6556
f 6877 6663 6552
f 6551 6878 6268
f 6879 6855 6265
f 6239 6618 6651
f 6230 6263 6619
f 6171 6670 6669
f 6106 6109 6882
f 6883 6884 6822
f 6759 6184 6187
f 6725 6724 6785
f 6885 6795 6808
f 6886 6887 6888
f 6701 6700 6756
f 6884 6786 6779
f 6715 6714 6309
f 6889 6259 6890
f 6743 3890 4042
f 6270 6664 6893
f 6386 6894 6895
f 6895 6348 6420
f 6897 6432 6417
f 6897 6433 6407
f 6390 6898 6899
f 6900 6899 6406
f 6455 6900 6901
f 6902 6903 6904
f 6482 6903 6905
f 6501 6906 6907
f 6496 6515 6908
f 6532 6531 6326
f 6532 6742 6743
f 6612 6910 6735
f 6611 6911 6910
f 6626 5980 5979
f 6704 6912 6105
f 6913 6590 6591
f 6915 6794 6795
f 6229 6228 4067
f 6263 6290 6289
f 6745 6301 6663
f 6916 6771 6757
f 6885 6918 6165
f 6920 6780 6783
f 6921 6922 6923
f 6925 6921 6924
f 6927 6928 6929
f 6931 6932 6933
f 6935 6936 6937
f 6939 6940 6941
f 6943 6944 6945
f 6947 6948 6949
f 6944 6943 6951
f 6953 6954 6955
f 6957 6958 6959
f 6961 6962 6929
f 6964 6965 6966
f 6968 6969 6970
f 6969 6948 6955
f 6972 6943 6946
f 6974 6975 6976
f 6978 6979 6980
f 6940 6939 6982
f 6984 6985 6986
f 6988 6989 6990
f 6992 6990 6989
f 6994 6995 6996
f 6998 6999 7000
f 7002 7003 7004
f 7006 7007 7008
f 7010 7011 7012
f 7014 7015 7016
f 7018 7019 6999
f 7020 7021 7022
f 7024 7025 7026
f 7028 7029 7030
f 7032 7033 7034
f 7003 7002 7036
f 7038 7039 7040
f 6993 6989 7030
f 7042 7043 7044
f 7046 7047 7007
f 7011 7010 7048
f 7050 7051 7052
f 7054 7015 7014
f 7015 7054 7056
f 6621 6620 7045
f 7049 7048 6775
f 7051 7050 6021
f 7055 6697 6701
f 7054 6701 6755
f 6764 6763 7047
f 7020 7058 7059
f 7060 7061 7062
f 6958 7064 7065
f 6925 7066 7067
f 7068 6931 6934
f 7069 6988 6991
f 7071 6995 7072
f 7074 7075 7076
f 7078 7079 7080
f 7014 7017 7082
f 7084 7085 7086
f 7025 7028 7031
f 7085 7084 7072
f 7089 7084 7087
f 7055 7014 7083
f 7090 7087 6770
f 7092 7093 7094
f 7091 6183 6697
f 6770 7087 7086
f 7095 7094 6767
f 7096 7061 6980
f 7098 6941 6940
f 7058 7020 7023
f 7101 6927 6930
f 6974 7060 7063
f 7103 6968 6971
f 7105 6978 6981
f 7106 7107 7036
f 7109 7048 7010
f 7111 7019 7018
f 7098 7003 7037
f 7048 7109 7112
f 7113 6993 7041
f 6994 7114 7115
f 6965 7116 6923
f 6975 6922 6945
f 7061 7096 7065
f 6954 6953 6933
f 6763 7112 7109
f 7046 7045 6620
f 6947 7117 7067
f 6758 7086 7056
f 7118 7119 7039
f 7038 7069 7070
f 7106 7120 7121
f 7123 7124 7053
f 7123 7052 7083
f 7045 7046 7006
f 7107 7106 7122
f 7091 7083 7052
f 7091 7051 6020
f 6936 7096 7097
f 7125 6957 6960
f 6774 6021 7050
f 7119 6939 6942
f 7019 7002 7005
f 7011 7053 7124
f 7021 7126 7040
f 7114 7029 7016
f 7053 7011 7049
f 7086 7085 7057
f 6993 7113 7127
f 7075 7127 7113
f 4281 4280 6603
f 6012 6333 7129
f 7130 6083 6584
f 6797 7132 7133
f 6074 7134 7135
f 6789 6760 6173
f 6760 6789 6776
f 7136 6802 6801
f 6914 6671 6674
f 7007 7110 7059
f 7099 7004 7003
f 6984 7103 7104
f 7110 7007 7047
f 6333 6583 6587
f 5956 6699 6667
f 5957 5956 5971
f 7137 6715 6308
f 4292 4293 6718
f 6693 6705 6668
f 6215 6668 6667
f 6214 6667 6699
f 6698 6197 6212
f 6219 6207 6198
f 6207 6219 6220
f 6220 6221 6609
f 6262 6229 4066
f 7138 7139 7140
f 4298 7142 7140
f 7143 7144 7145
f 7147 7148 7144
f 7149 7150 7151
f 7150 7152 7153
f 6329 6261 7154
f 6261 6260 7155
f 7156 6829 7157
f 6598 6597 7159
f 6257 6256 7161
f 6256 4322 4321
f 6693 6694 6706
f 5954 5969 6705
f 5953 5966 5969
f 7163 5984 5983
f 7164 7165 6138
f 7167 7168 7169
f 6141 7171 7172
f 7166 7171 7173
f 6141 6140 7174
f 7176 7177 7178
f 7180 7181 7182
f 7184 7185 7186
f 6631 7180 7183
f 6218 6198 6197
f 6625 6641 7189
f 6814 6813 7190
f 6882 7192 7193
f 7195 7196 6109
f 6888 7197 7198
f 7200 7201 7202
f 7176 6627 6630
f 6029 7184 7187
f 7205 7206 7207
f 7209 7210 7211
f 7203 7202 7213
f 6886 7215 6778
f 6031 6030 7215
f 7216 7217 7218
f 7220 7221 6880
f 6076 6075 7220
f 6074 6077 6672
f 6147 6150 6662
f 7223 6662 6111
f 6810 6809 6113
f 6920 7134 6914
f 6077 6660 6675
f 6660 6077 6076
f 7222 7220 6669
f 7224 7222 6181
f 6660 6662 6150
f 7225 7226 6794
f 6783 6782 7225
f 6781 6780 6068
f 7217 7227 7228
f 6031 6888 7199
f 6887 6886 6723
f 6164 7225 6915
f 6780 6920 6591
f 7134 6074 6671
f 7229 7230 6824
f 7187 7186 7230
f 7226 6887 6722
f 7231 7232 6169
f 7201 7231 7233
f 6107 7234 7235
f 7215 7229 6823
f 6030 7187 7229
f 7236 7216 7219
f 7237 7238 6820
f 7237 7208 7207
f 7239 7240 7241
f 6739 7243 7244
f 7245 7239 7242
f 7233 6169 6168
f 7247 7213 7202
f 7195 6108 7203
f 7248 7249 7250
f 7227 7251 7252
f 7253 6067 5998
f 6067 7253 7198
f 6781 7198 7197
f 5984 7163 6683
f 7254 7250 6678
f 6679 7249 7252
f 6887 7226 7197
f 6782 7197 7226
f 7135 6919 6163
f 7221 7220 6075
f 6661 6076 7222
f 7224 6112 6111
f 6180 6810 6112
f 6179 6811 6810
f 6811 6179 6793
f 6650 6792 6622
f 6766 6621 7044
f 7095 7044 7043
f 7092 7043 7121
f 7078 7120 7255
f 7256 7232 7257
f 6768 6772 7259
f 6773 6767 7094
f 7090 7094 7093
f 7089 7093 7080
f 7071 7079 7032
f 7077 7018 6998
f 6995 7071 7260
f 7077 7076 7261
f 7035 7034 7018
f 7108 7019 7111
f 6978 7105 7262
f 7105 7263 7264
f 7263 6944 6952
f 6990 6992 6951
f 6972 7117 7266
f 7117 6947 6950
f 6948 6969 7267
f 6969 6968 6982
f 7103 6984 6987
f 7005 7004 6986
f 6999 7005 7268
f 7269 7270 7271
f 7274 7272 7275
f 7274 7273 7276
f 7278 7279 7280
f 7282 7283 7284
f 7286 7287 7288
f 7290 7291 7292
f 7294 7295 7296
f 7068 7297 7298
f 7300 7301 7302
f 7304 6962 7305
f 7307 7285 7305
f 7309 7284 7283
f 7311 7312 7313
f 7125 7304 7306
f 7285 7307 7280
f 7277 7281 7303
f 6965 6964 7316
f 7318 7312 7316
f 7320 7321 7271
f 7312 7318 7296
f 7270 7269 7298
f 7311 7270 7322
f 6961 6932 7300
f 7323 7324 7325
f 7327 7064 7328
f 7064 6958 7325
f 7287 7330 7292
f 6931 7068 7299
f 7331 7327 7329
f 7332 7333 7334
f 7336 7337 7338
f 7340 7341 7333
f 7342 7341 7343
f 7345 7346 7347
f 7348 7349 7350
f 7352 7353 7354
f 7356 7357 7358
f 7360 7361 7362
f 7365 7366 7367
f 7368 7369 7370
f 7372 7373 7336
f 7373 7375 7337
f 7367 7366 7376
f 7378 7379 7380
f 7382 7383 7384
f 7386 7387 7385
f 7388 7389 7390
f 7392 7334 7333
f 7394 7395 7396
f 7398 7399 7400
f 7402 7403 7404
f 7406 7407 7408
f 7410 7411 7383
f 7412 7413 7414
f 7385 7416 7417
f 7389 7418 7419
f 7373 7420 7421
f 7420 7373 7372
f 7369 7423 7424
f 7399 7398 7397
f 7393 7333 7341
f 7398 7358 7357
f 7358 7398 7401
f 7428 7429 7430
f 7433 7434 7435
f 7363 7362 7436
f 7383 7438 7439
f 7411 7440 7438
f 7441 7442 7443
f 7445 7446 7339
f 7374 7336 7339
f 7444 7365 7364
f 7448 7364 7450
f 7364 7367 7451
f 7451 7367 7377
f 7449 7450 7454
f 7455 7454 7450
f 7456 7455 7451
f 7410 7457 7458
f 7460 7461 7462
f 7423 7369 7462
f 7464 7465 7466
f 7468 7469 7347
f 7376 7366 7471
f 7425 7397 7396
f 7475 7476 7477
f 7478 7479 7480
f 7482 7483 7407
f 7484 7485 7351
f 7487 7405 7488
f 7490 7491 7492
f 7412 7415 7434
f 7494 7495 7434
f 7496 7388 7391
f 7440 7411 7498
f 7401 7400 7488
f 7485 7346 7345
f 7500 7502 7427
f 7395 7394 7469
f 7503 7504 7505
f 7507 7508 7509
f 7511 7512 7513
f 7511 7514 7515
f 7517 7518 7519
f 7521 7522 7523
f 7352 7524 7525
f 7415 7414 7527
f 7528 7529 7530
f 7404 7531 7502
f 7477 7388 7496
f 7512 7478 7481
f 7405 7404 7500
f 7533 7534 7535
f 7378 7507 7510
f 7532 7496 7379
f 7539 7540 7541
f 7524 7352 7355
f 7351 7485 7501
f 7414 7524 7523
f 7522 7543 7527
f 7544 7413 7412
f 7546 7416 7547
f 7526 7549 7353
f 7550 7521 7355
f 7521 7550 7551
f 7552 7546 7548
f 7546 7552 7553
f 7522 7521 7548
f 7418 7556 7520
f 7416 7546 7554
f 7457 7557 7558
f 7557 7559 7560
f 7562 7561 7563
f 7564 7563 7349
f 7351 7350 7565
f 7567 7568 7569
f 7570 7555 7520
f 7419 7418 7555
f 7572 7564 7348
f 7389 7476 7556
f 7573 7490 7493
f 7552 7535 7534
f 7562 7574 7536
f 7572 7575 7576
f 7422 7577 7578
f 7423 7579 7580
f 7579 7423 7463
f 7578 7574 7576
f 7583 7584 7381
f 7586 7579 7581
f 7533 7580 7579
f 7447 7339 7338
f 7588 7502 7531
f 7590 7428 7431
f 7321 7320 7592
f 7275 7581 7463
f 7461 7278 7276
f 7279 7278 7461
f 7453 7454 7593
f 7594 7593 7454
f 7330 7287 7498
f 7459 7458 7294
f 7558 7560 7595
f 7560 7592 7320
f 7275 7321 7585
f 7462 7276 7273
f 7596 7583 7380
f 7597 7598 7406
f 7467 7466 7599
f 7601 7602 7603
f 7605 7365 7444
f 7365 7605 7606
f 7607 7495 7494
f 7513 7481 7473
f 7396 7395 7514
f 7514 7395 7468
f 7470 7609 7515
f 7610 7611 7609
f 7612 7556 7476
f 7613 7530 7529
f 7442 7441 7615
f 7574 7578 7577
f 7619 7400 7399
f 7518 7479 7509
f 7491 7399 7425
f 7549 7620 7621
f 7491 7490 7622
f 7377 7438 7440
f 7379 7496 7497
f 7453 7461 7460
f 7411 7410 7459
f 7623 7624 7391
f 7625 7611 7610
f 7487 7407 7483
f 7619 7622 7408
f 7627 7628 7620
f 7538 7379 7378
f 7389 7388 7477
f 7629 7545 7412
f 7489 7408 7407
f 7628 7627 7598
f 7413 7525 7524
f 7592 7560 7559
f 7584 7631 7632
f 7569 7568 7633
f 7570 7508 7566
f 7631 7567 7566
f 7508 7570 7519
f 7614 7573 7480
f 7346 7610 7470
f 7572 7574 7562
f 7571 7633 7634
f 7346 7485 7484
f 7607 7591 7431
f 7585 7592 7630
f 7624 7596 7497
f 7635 7386 7384
f 7636 7427 7502
f 7323 7309 7310
f 7420 7578 7582
f 7637 7594 7455
f 7287 7286 7499
f 7458 7558 7295
f 7439 7376 7472
f 7599 7601 7604
f 7359 7358 7427
f 7436 7638 7639
f 7490 7573 7640
f 7481 7480 7493
f 7641 7506 7505
f 7642 7643 7627
f 7492 7425 7473
f 7517 7612 7625
f 7625 7484 7486
f 7634 7623 7390
f 7474 7477 7532
f 7448 7368 7441
f 7368 7448 7449
f 7615 7441 7368
f 7638 7603 7602
f 7575 7572 7501
f 7571 7555 7570
f 7400 7619 7489
f 7508 7507 7632
f 7503 7506 7540
f 6957 7125 7315
f 7376 7439 7438
f 7507 7378 7381
f 7499 7456 7452
f 7286 7637 7456
f 7504 7642 7644
f 7645 7598 7627
f 7647 7634 7633
f 7647 7648 7623
f 7649 7624 7623
f 7650 7596 7624
f 7646 7633 7568
f 7651 7568 7567
f 7653 7652 7567
f 7651 7654 7655
f 7656 7657 7658
f 7660 7658 7657
f 7663 7657 7656
f 7664 7665 7663
f 7667 7666 7663
f 7667 7662 7668
f 7663 7665 7661
f 7670 7671 7672
f 7661 7672 7671
f 7659 7668 7662
f 7648 7647 7668
f 7648 7659 7673
f 7659 7658 7674
f 7658 7660 7675
f 7668 7647 7646
f 7660 7671 7676
f 7675 7677 7678
f 7677 7675 7676
f 7677 7680 7681
f 7682 7683 7678
f 7677 7679 7684
f 7673 7674 7678
f 7683 7650 7649
f 7685 7676 7671
f 7667 7655 7686
f 7666 7686 7687
f 7654 7688 7686
f 7689 7687 7686
f 7664 7687 7691
f 7650 7692 7583
f 7693 7653 7631
f 7584 7583 7692
f 7693 7692 7682
f 7694 7682 7681
f 7694 7696 7653
f 7650 7683 7682
f 7696 7697 7652
f 7654 7651 7652
f 7688 7654 7697
f 7699 7698 7697
f 7700 7701 7698
f 7695 7699 7696
f 7699 7695 7702
f 7689 7688 7698
f 7689 7701 7703
f 7705 7706 7707
f 7701 7700 7705
f 7704 7703 7707
f 7685 7670 7691
f 7687 7689 7704
f 7680 7702 7695
f 7684 7706 7702
f 7702 7706 7705
f 7684 7679 7707
f 7676 7685 7707
f 7665 7669 7672
f 7670 7669 7690
f 7665 7664 7690
f 7611 7475 7474
f 7510 7509 7479
f 7511 7538 7537
f 7516 7532 7538
f 7517 7530 7613
f 7537 7510 7478
f 7611 7625 7612
f 7613 7480 7479
f 7556 7612 7517
f 7516 7515 7609
f 7708 7709 7710
f 7712 7713 7714
f 7713 7716 7717
f 7719 7720 7721
f 7722 7723 7597
f 7724 7712 7715
f 7726 7727 7728
f 7731 7640 7573
f 7730 7573 7614
f 7733 7734 7735
f 7721 7712 7724
f 7731 7722 7409
f 7708 7726 7729
f 7737 7724 7709
f 7716 7741 7736
f 7742 7743 7744
f 7740 7736 7735
f 7717 7716 7740
f 7716 7713 7720
f 7748 7749 7711
f 7750 7748 7710
f 7720 7719 7751
f 7734 7723 7728
f 7709 7724 7725
f 7752 7753 7715
f 7739 7709 7708
f 7720 7713 7712
f 7749 7754 7755
f 7745 7744 7756
f 7746 7727 7742
f 7743 7742 7755
f 7727 7746 7735
f 7747 7756 7757
f 7753 7750 7725
f 7751 7621 7620
f 7757 7752 7714
f 7718 7721 7737
f 7747 7740 7746
f 7727 7726 7755
f 7726 7708 7711
f 7759 7757 7756
f 7759 7760 7752
f 7760 7761 7753
f 7761 7762 7750
f 7758 7756 7744
f 7763 7744 7743
f 7754 7765 7764
f 7763 7766 7767
f 7768 7769 7770
f 7772 7768 7771
f 7775 7768 7772
f 7776 7777 7775
f 7779 7778 7775
f 7775 7777 7769
f 7770 7769 7781
f 7782 7774 7772
f 7760 7759 7782
f 7760 7773 7783
f 7773 7771 7784
f 7770 7785 7784
f 7779 7774 7782
f 7782 7759 7758
f 7785 7770 7780
f 7785 7787 7788
f 7787 7785 7786
f 7787 7790 7791
f 7792 7793 7788
f 7787 7789 7794
f 7793 7783 7784
f 7762 7761 7783
f 7796 7786 7780
f 7795 7780 7781
f 7779 7767 7798
f 7799 7776 7778
f 7766 7800 7798
f 7800 7801 7799
f 7802 7776 7799
f 7795 7797 7802
f 7762 7804 7748
f 7805 7765 7754
f 7749 7748 7804
f 7805 7804 7792
f 7806 7792 7791
f 7806 7808 7765
f 7793 7792 7804
f 7808 7809 7764
f 7766 7763 7764
f 7766 7809 7810
f 7811 7810 7809
f 7812 7813 7810
f 7807 7811 7808
f 7811 7807 7814
f 7813 7801 7800
f 7801 7813 7815
f 7817 7818 7819
f 7813 7812 7817
f 7816 7815 7819
f 7796 7795 7803
f 7799 7801 7816
f 7790 7814 7807
f 7794 7818 7814
f 7814 7818 7817
f 7794 7789 7819
f 7786 7796 7819
f 7777 7797 7781
f 7777 7776 7802
f 7528 7719 7718
f 7729 7728 7723
f 7738 7731 7730
f 7732 7737 7739
f 7733 7620 7628
f 7722 7731 7738
f 7621 7751 7719
f 7628 7597 7723
f 7733 7736 7741
f 7732 7614 7529
f 7486 7565 7621
f 7549 7565 7350
f 7353 7350 7349
f 7354 7349 7563
f 7821 7822 7823
f 7824 7825 7826
f 7825 7828 7829
f 7830 7831 7832
f 7834 7824 7827
f 7836 7837 7838
f 7840 7482 7406
f 7841 7406 7598
f 7843 7844 7845
f 7833 7824 7834
f 7848 7820 7836
f 7847 7834 7821
f 7828 7851 7846
f 7853 7854 7855
f 7850 7846 7845
f 7829 7828 7850
f 7828 7825 7832
f 7858 7859 7823
f 7860 7858 7822
f 7831 7861 7851
f 7844 7862 7838
f 7834 7835 7822
f 7863 7864 7827
f 7849 7821 7820
f 7825 7824 7833
f 7859 7865 7866
f 7855 7854 7867
f 7837 7852 7855
f 7865 7853 7852
f 7837 7856 7845
f 7857 7867 7868
f 7864 7860 7835
f 7843 7861 7642
f 7868 7863 7826
f 7830 7833 7847
f 7857 7850 7856
f 7837 7836 7866
f 7836 7820 7823
f 7870 7868 7867
f 7870 7871 7863
f 7871 7872 7864
f 7872 7873 7860
f 7869 7867 7854
f 7874 7854 7853
f 7876 7875 7853
f 7874 7877 7878
f 7879 7880 7881
f 7883 7879 7882
f 7886 7879 7883
f 7887 7888 7886
f 7890 7889 7886
f 7886 7888 7880
f 7891 7881 7880
f 7884 7893 7885
f 7871 7870 7893
f 7871 7884 7894
f 7884 7882 7895
f 7882 7881 7896
f 7890 7885 7893
f 7893 7870 7869
f 7881 7891 7897
f 7898 7899 7895
f 7900 7898 7896
f 7901 7902 7899
f 7904 7899 7902
f 7898 7900 7905
f 7894 7895 7899
f 7904 7873 7872
f 7907 7897 7891
f 7906 7891 7892
f 7890 7878 7909
f 7910 7887 7889
f 7877 7911 7909
f 7912 7910 7909
f 7887 7910 7914
f 7906 7908 7913
f 7873 7915 7858
f 7916 7876 7865
f 7859 7858 7915
f 7916 7915 7903
f 7917 7903 7902
f 7917 7919 7876
f 7873 7904 7903
f 7919 7920 7875
f 7877 7874 7875
f 7911 7877 7920
f 7922 7921 7920
f 7923 7924 7921
f 7918 7922 7919
f 7922 7918 7925
f 7924 7912 7911
f 7912 7924 7926
f 7928 7929 7930
f 7924 7923 7928
f 7927 7926 7930
f 7907 7906 7914
f 7910 7912 7927
f 7901 7925 7918
f 7905 7929 7925
f 7925 7929 7928
f 7905 7900 7930
f 7897 7907 7930
f 7888 7908 7892
f 7888 7887 7913
f 7645 7643 7831
f 7839 7838 7862
f 7841 7849 7848
f 7842 7847 7849
f 7504 7503 7844
f 7839 7931 7840
f 7643 7642 7861
f 7503 7539 7862
f 7846 7851 7861
f 7842 7598 7645
f 7932 7933 7934
f 7936 7937 7938
f 7937 7940 7941
f 7942 7943 7944
f 7947 7948 7949
f 7950 7936 7939
f 7953 7954 7955
f 7956 7957 7958
f 7956 7959 7540
f 7962 7963 7964
f 7936 7950 7965
f 7946 7949 7958
f 7966 7932 7952
f 7965 7950 7933
f 7968 7940 7969
f 7970 7971 7972
f 7974 7968 7964
f 7941 7940 7968
f 7940 7937 7944
f 7976 7977 7935
f 7978 7976 7934
f 7943 7979 7969
f 7947 7954 7963
f 7933 7950 7951
f 7980 7981 7939
f 7967 7933 7932
f 7937 7936 7945
f 7977 7982 7983
f 7973 7972 7984
f 7953 7970 7973
f 7982 7971 7970
f 7974 7963 7954
f 7975 7984 7985
f 7981 7978 7951
f 7961 7979 7544
f 7985 7980 7938
f 7942 7945 7965
f 7975 7968 7974
f 7952 7983 7970
f 7952 7932 7935
f 7987 7985 7984
f 7987 7988 7980
f 7988 7989 7981
f 7989 7990 7978
f 7986 7984 7972
f 7991 7972 7971
f 7993 7992 7971
f 7986 7991 7994
f 7997 7998 7999
f 8000 7996 7999
f 8003 7996 8000
f 8005 8003 8006
f 8007 8006 8003
f 7996 8003 8005
f 7998 7997 8009
f 8010 8002 8000
f 7988 7987 8010
f 7988 8001 8011
f 8011 8001 7999
f 7998 8013 8012
f 8007 8002 8010
f 8010 7987 7986
f 8013 7998 8008
f 8015 8016 8012
f 8017 8015 8013
f 8018 8019 8016
f 8021 8016 8019
f 8015 8017 8022
f 8011 8012 8016
f 8021 7990 7989
f 8023 8024 8014
f 8023 8008 8009
f 8007 7995 8026
f 8026 8027 8004
f 8028 8026 7995
f 8029 8027 8026
f 8030 8004 8027
f 8023 8025 8030
f 7990 8032 7976
f 8033 7993 7982
f 7976 8032 8033
f 8034 8033 8032
f 8035 8034 8020
f 8034 8036 7993
f 7990 8021 8020
f 8036 8037 7992
f 7991 7992 8037
f 7994 8037 8038
f 8039 8038 8037
f 8040 8041 8038
f 8035 8039 8036
f 8039 8035 8042
f 8041 8029 8028
f 8029 8041 8043
f 8045 8046 8047
f 8041 8040 8045
f 8044 8043 8047
f 8024 8023 8031
f 8027 8029 8044
f 8042 8035 8019
f 8022 8046 8042
f 8042 8046 8045
f 8017 8047 8046
f 8014 8024 8047
f 8005 8025 8009
f 8005 8004 8030
f 7506 7641 7943
f 7954 7947 7946
f 7967 7966 7957
f 7960 7965 7967
f 7948 7947 7962
f 7955 7946 7957
f 7641 7544 7979
f 7969 7979 7961
f 7960 7540 7506
f 7362 8049 8050
f 8052 7618 7464
f 8051 7464 7467
f 8054 8055 7600
f 8056 7361 7618
f 7436 8050 8057
f 8049 7362 7361
f 8057 8058 7603
f 8055 8053 7467
f 8058 8054 7604
f 8059 8060 8058
f 8060 8061 8054
f 8061 8062 8055
f 8062 8063 8053
f 8059 8057 8050
f 8064 8050 8049
f 8056 8066 8065
f 8059 8064 8067
f 8069 8070 8071
f 8073 8069 8072
f 8075 8069 8073
f 8077 8078 8075
f 8075 8079 8070
f 8079 8080 8081
f 8082 8071 8070
f 8083 8076 8073
f 8061 8060 8083
f 8061 8074 8084
f 8074 8072 8085
f 8072 8071 8086
f 8077 8076 8083
f 8083 8060 8059
f 8071 8082 8087
f 8088 8089 8085
f 8090 8088 8086
f 8091 8092 8089
f 8094 8089 8092
f 8088 8090 8095
f 8084 8085 8089
f 8094 8063 8062
f 8097 8087 8082
f 8096 8082 8081
f 8077 8068 8098
f 8099 8100 8078
f 8101 8098 8068
f 8102 8099 8098
f 8100 8099 8104
f 8096 8080 8103
f 8075 8078 8100
f 8079 8100 8103
f 8105 8051 8053
f 8066 8056 8052
f 8051 8105 8106
f 8107 8106 8105
f 8108 8107 8093
f 8107 8109 8066
f 8063 8094 8093
f 8109 8110 8065
f 8064 8065 8110
f 8067 8110 8111
f 8112 8111 8110
f 8113 8114 8111
f 8108 8112 8109
f 8112 8108 8115
f 8114 8102 8101
f 8102 8114 8116
f 8118 8119 8120
f 8114 8113 8118
f 8117 8116 8120
f 8097 8096 8104
f 8099 8102 8117
f 8091 8115 8108
f 8095 8119 8115
f 8115 8119 8118
f 8095 8090 8120
f 8087 8097 8120
f 7550 7563 7561
f 7552 7551 7561
f 7931 7862 7539
f 7640 7409 7408
f 7549 7526 7644
f 7525 7413 7544
f 7931 7542 7482
f 7483 7482 7542
f 7626 7402 7405
f 7629 7433 7432
f 7629 8121 7949
f 8122 7958 7949
f 8123 8122 8121
f 8124 8123 7432
f 7434 7495 8125
f 8125 7430 8124
f 8124 7430 7429
f 8123 8124 8126
f 8122 8123 8127
f 7541 7540 7959
f 7404 7403 8129
f 8125 7495 7431
f 7526 7525 7505
f 7626 7483 7541
f 7959 7958 8122
f 7961 7545 8048
f 7629 7948 8048
f 8127 7402 7626
f 7402 8127 8126
f 8129 7403 8126
f 7428 7531 8129
f 7589 7531 7428
f 7334 7392 7426
f 7335 7334 7357
f 7616 7615 7446
f 7392 7397 7398
f 7393 7394 7397
f 7342 7469 7394
f 7344 7347 7469
f 7343 7618 7361
f 7360 7345 7344
f 7363 7575 7345
f 7437 7576 7575
f 7582 7576 7437
f 7421 7582 7639
f 7375 7421 7602
f 7599 7337 7375
f 7465 7464 7618
f 7332 7447 7587
f 7447 7332 7335
f 7445 7335 7356
f 7359 7442 7616
f 7636 7443 7442
f 7588 7605 7443
f 7589 7606 7605
f 7590 7471 7606
f 7471 7590 7591
f 7446 7615 7371
f 7371 7370 7372
f 7422 7372 7370
f 7577 7422 7424
f 7536 7577 7580
f 7591 7607 7635
f 7607 7608 7386
f 7543 7608 7494
f 7547 7387 7543
f 7608 7543 7387
f 7387 7547 7416
f 7457 7410 7382
f 7557 7457 7417
f 7559 7557 7554
f 7630 7559 7553
f 7534 7533 7586
f 7466 7338 7337
f 7465 7587 7338
f 7617 7340 7587
f 7341 7340 7617
f 8130 6091 6090
f 6023 6022 8132
f 6182 6023 8133
f 6623 6622 6792
f 6787 6696 6182
f 8134 6700 6696
f 6917 6757 6756
f 6762 6761 7112
f 6762 6765 6184
f 6765 6623 6185
f 6650 6769 6768
f 6772 6771 6916
f 6777 6776 6789
f 6022 6777 6788
f 6756 6700 8134
f 6758 6757 6771
f 6761 6776 6775
f 6769 6622 6621
f 6772 6768 6767
f 6174 6173 6760
f 6187 6186 6178
f 6811 6649 6648
f 6786 6785 6724
f 6791 6790 6918
f 6186 6793 6179
f 6808 6807 8133
f 6884 6883 8135
f 6174 6187 6670
f 6807 6785 6784
f 6791 6808 8132
f 6786 6884 8134
f 6790 6173 6172
f 6649 6793 6792
f 6316 6315 8136
f 8137 6655 6654
f 8139 8140 6601
f 6656 6655 6580
f 6868 8141 8142
f 6316 6712 6711
f 6864 8143 8144
f 6864 6863 8145
f 6868 6867 6869
f 6656 6867 6866
f 8146 8147 8148
f 8139 8150 8151
f 8152 8153 6866
f 8154 8155 8138
f 6874 6873 8156
f 8158 6318 8159
f 8160 8152 6865
f 8161 6317 6313
f 6161 6600 8162
f 8164 8154 6654
f 8153 8164 6653
f 8165 8166 8167
f 8166 5989 8169
f 5989 5988 8170
f 5988 6017 8171
f 8172 8173 6043
f 8174 8175 6032
f 8174 6035 6098
f 8176 6098 6796
f 8177 6796 8178
f 7132 8178 6728
f 6589 6588 8180
f 8180 6588 6004
f 8181 6004 6007
f 6334 6079 6731
f 6079 6078 6645
f 6078 6085 6646
f 6085 8183 8184
f 6091 8130 8185
f 6086 6730 8183
f 6950 6949 7118
f 6952 6951 6992
f 6983 6982 6968
f 6987 6986 7004
f 7001 7000 6979
f 7001 7262 7074
f 7262 7264 7075
f 7264 6952 7127
f 7265 6951 6943
f 7265 7266 6991
f 7266 6950 7070
f 6949 7267 7119
f 7267 6982 6939
f 6983 6987 7099
f 7268 6986 6985
f 7000 7268 8186
f 6938 6937 6985
f 6946 6945 6922
f 6956 6955 6948
f 6971 6970 6928
f 6970 6955 6954
f 6973 6946 6921
f 6977 6976 7263
f 6981 6980 7061
f 6973 7067 7117
f 7097 6980 6979
f 7104 6971 6927
f 6977 6981 7060
f 6976 6945 6944
f 6956 7067 7066
f 6937 7097 8186
f 6938 7104 7101
f 6924 6923 7116
f 6926 6924 7297
f 6930 6929 6962
f 6934 6933 6953
f 6960 6959 6936
f 6963 6929 6928
f 6967 6966 6975
f 7063 7062 7327
f 6959 7065 7096
f 6926 6934 7066
f 7102 6930 7304
f 6967 7063 7331
f 6966 6923 6922
f 7062 7065 7064
f 6963 6933 6932
f 7102 6960 6935
f 7299 7298 7269
f 7301 7300 6932
f 7306 7305 7285
f 7308 7305 6962
f 7315 7306 7284
f 7317 7316 7312
f 7319 7316 6964
f 7322 7298 7297
f 7317 7322 7116
f 7308 7300 7303
f 7326 7325 6958
f 7329 7328 7291
f 7328 7325 7324
f 7301 7299 8187
f 7319 7329 7290
f 7326 7315 7309
f 7272 7271 7321
f 7272 7274 8187
f 7274 7277 7302
f 7281 7280 7307
f 7283 7282 7593
f 7289 7288 7324
f 7293 7292 7330
f 7293 7296 7318
f 7310 7283 7594
f 7314 7313 7595
f 7282 7280 7279
f 7278 7281 7277
f 7314 7271 7270
f 7313 7296 7295
f 7288 7292 7291
f 7289 7310 7637
f 6003 6002 6626
f 6003 6138 7165
f 6690 8188 8189
f 6686 6685 5981
f 6685 6687 6096
f 6687 6688 6806
f 6002 6686 5980
f 6606 8188 5351
f 7164 7173 8190
f 8192 7175 7174
f 6015 6014 8153
f 6189 6188 8155
f 8157 8156 6284
f 6332 6015 8152
f 6593 6592 6317
f 6658 6189 8154
f 6014 6658 8164
f 6332 8194 7131
f 6805 8159 6321
f 6146 8163 8162
f 6607 7128 8195
f 8196 6126 6125
f 8198 7169 7168
f 8199 7168 6633
f 7177 6632 8201
f 8202 8203 8204
f 7208 7186 7185
f 7237 7230 7186
f 6819 6824 7230
f 6818 6821 6824
f 8206 6883 6821
f 8207 6917 8135
f 6917 8207 8209
f 8209 8210 7259
f 8210 8211 6647
f 6812 6648 8212
f 6809 6812 7258
f 6809 7257 8213
f 6113 8213 8214
f 7235 7223 6110
f 7223 7235 7234
f 6147 7234 8215
f 6148 8215 8216
f 8218 6155 6158
f 8219 6285 6116
f 6284 6188 6116
f 6188 6284 8156
f 8155 8156 6873
f 8138 6873 6872
f 8137 6872 8148
f 6193 8147 6281
f 6190 6281 6278
f 8220 8221 8222
f 8224 8225 7139
f 6223 6222 8226
f 6237 6236 8228
f 6238 6223 8227
f 6249 6248 8231
f 6253 6252 8233
f 6236 6279 8221
f 6331 6238 8230
f 6252 6595 8236
f 6222 6237 8229
f 6828 6827 8237
f 6280 8239 8240
f 8208 8135 6883
f 6648 6647 8211
f 6143 6624 8242
f 6624 7189 8244
f 8245 8246 8247
f 8249 8250 8251
f 7195 8253 8254
f 7214 8255 8253
f 8256 8255 7214
f 7243 7211 8257
f 7210 8258 8257
f 8259 7181 6102
f 8261 6122 6121
f 8178 7132 8263
f 7132 6797 8264
f 6797 6135 8265
f 6135 6134 8266
f 6134 6151 8267
f 6151 6154 8268
f 6154 8269 8270
f 8269 8271 8272
f 7194 7193 8273
f 7193 8250 8275
f 8249 8259 8260
f 8248 8277 8278
f 6129 6128 8279
f 7169 8198 8197
f 8198 8190 8192
f 7171 6141 7175
f 6589 6801 7129
f 6801 6037 6040
f 6037 6036 6041
f 6036 6131 6659
f 6131 6156 6118
f 6156 6155 6119
f 8218 8219 6119
f 8219 8218 6815
f 7191 7189 6641
f 8246 8244 7189
f 8245 8278 8281
f 8280 8279 6288
f 6125 6124 7170
f 6288 6127 6602
f 6126 8196 6604
f 8196 8193 6605
f 7174 6140 6691
f 6691 6140 6139
f 7171 7166 8283
f 7172 8283 8284
f 6139 6142 8284
f 8285 8286 8287
f 8211 8210 8289
f 8290 8291 8292
f 8293 8294 8291
f 8293 8207 8208
f 8296 8297 8298
f 6818 6817 8296
f 8285 7256 7258
f 7243 8299 7212
f 7243 6739 8300
f 8301 8300 6739
f 8302 8256 7213
f 8303 8302 7247
f 8304 8303 6168
f 6738 8298 8297
f 8288 8287 6167
f 8304 8292 8291
f 8305 8291 8294
f 6737 6736 8306
f 6736 7244 8307
f 8243 8242 8308
f 8242 8244 8282
f 8247 8246 7191
f 7196 8254 8251
f 8253 8310 8311
f 8255 8312 8310
f 8313 8312 8255
f 7244 8257 8313
f 8313 8257 8258
f 8312 8258 8314
f 8315 8311 8310
f 8311 8315 8316
f 8282 8281 8317
f 8308 8317 8261
f 8309 8261 8262
f 8248 8247 8275
f 8282 8244 8246
f 8307 8313 8256
f 8306 8307 8302
f 8305 8306 8303
f 8298 6738 6737
f 8287 8292 8304
f 7253 8319 7199
f 8319 8320 6028
f 8320 8321 6029
f 8321 8322 7184
f 8322 8203 7185
f 8203 8202 7205
f 8202 7240 7206
f 7239 7245 7210
f 7251 7227 8319
f 7227 7217 8320
f 7217 7216 8321
f 7216 7236 8322
f 7236 8204 8203
f 6175 8199 8200
f 7165 7164 8191
f 6137 8283 7166
f 6200 6199 8283
f 6199 6206 8284
f 8284 6206 6205
f 6205 6608 6689
f 6689 6608 5485
f 7009 7008 8323
f 7013 7012 7021
f 7017 7016 7029
f 7013 7059 7110
f 7073 7072 7084
f 7081 7080 7093
f 7082 7017 7028
f 7088 7072 6995
f 7088 7115 7057
f 7122 7121 7043
f 7124 7123 7024
f 7082 7025 7024
f 7009 7122 7042
f 7012 7124 7126
f 7115 7016 7015
f 7008 7059 7058
f 7081 7121 7120
f 7073 7080 7079
f 6997 6996 7076
f 7023 7022 6942
f 7027 7026 7069
f 7031 7030 6989
f 7079 7078 7033
f 7037 7036 7107
f 7027 7040 7126
f 7041 7030 7029
f 7026 7031 6988
f 7100 7023 6941
f 7108 7036 7002
f 7100 7037 8323
f 6997 7041 7114
f 7022 7040 7039
f 7111 7034 7033
f 7035 7261 7260
f 7261 7076 6996
f 7108 7255 7120
f 7245 8314 8258
f 7246 8315 8314
f 7181 8259 8316
f 8277 6101 6129
f 8278 6129 8280
f 6287 8317 8281
f 6122 8261 8317
f 5487 6145 6144
f 5489 6159 6162
f 6637 8324 8325
f 8326 8325 8225
f 5494 7139 8225
f 6160 6159 8150
f 5496 8324 8151
f 8163 8327 6162
f 6146 6145 8327
f 8243 8328 6144
f 8328 8243 8309
f 8318 8262 5501
f 8262 6121 5502
f 8329 8330 8331
f 8333 8334 8335
f 8338 8182 6007
f 8329 8334 8339
f 8341 6334 6734
f 6006 8342 8337
f 8342 6006 6804
f 6065 6064 8339
f 5995 5994 8341
f 6918 6172 6166
f 7221 6163 6166
f 6172 6171 6880
f 8344 5952 5955
f 5519 5976 5975
f 6806 8345 8346
f 6646 8184 8347
f 8165 8348 8349
f 6322 8350 8131
f 8345 6806 6688
f 6695 8346 5975
f 5976 5519 5528
f 5529 8130 8131
f 6643 8347 8352
f 8183 5533 5532
f 5534 8185 8130
f 6730 5535 5533
f 8351 6688 6093
f 5535 6730 6594
f 8353 8354 6652
f 8354 8353 8355
f 8357 8358 6825
f 8359 8357 6202
f 6224 8354 8356
f 6275 8361 8362
f 6201 6210 7143
f 7146 8363 8359
f 8357 8359 8363
f 8355 8365 8366
f 8361 8360 8368
f 8356 8355 8367
f 8370 8371 8372
f 8220 8373 7145
f 6275 6274 6228
f 5558 4067 6228
f 8375 8369 8367
f 8362 8368 8376
f 8378 8379 8380
f 8363 7146 8382
f 8384 8378 8381
f 8382 8373 8386
f 8383 8387 8364
f 6226 6225 6231
f 6231 6225 8361
f 6636 8388 8389
f 6635 8390 8388
f 8390 6635 5576
f 8379 8378 6232
f 8378 8384 6233
f 8384 8391 8371
f 8372 8392 8393
f 7138 8240 8239
f 8224 8239 8394
f 8146 6638 8394
f 6638 6637 8326
f 6340 6339 6299
f 6747 6338 6577
f 6344 6343 6346
f 6342 6341 6355
f 6353 6352 6349
f 6337 6351 6369
f 6360 6359 6328
f 6358 6357 6386
f 6364 6363 6293
f 6362 6361 6376
f 6366 6353 6297
f 6350 6365 6372
f 6533 6342 6303
f 6534 6536 6346
f 6744 6746 6533
f 6536 6534 6747
f 6357 6835 6894
f 6341 6834 6832
f 6839 6838 6292
f 6837 6836 6380
f 6838 6841 6354
f 6361 6840 6377
f 6363 6366 6296
f 6365 6362 6373
f 6359 6839 6291
f 6836 6358 6385
f 6481 6480 6902
f 6484 6483 6501
f 6477 6488 6487
f 6849 6467 6492
f 6494 6492 6467
f 6547 6481 6544
f 6750 6751 6546
f 6494 6466 6751
f 6843 6484 6500
f 6845 6573 6575
f 6489 6488 6847
f 6474 6487 6491
f 6483 6905 6906
f 6493 6463 6465
f 6471 6470 6544
f 6472 6482 6485
f 6476 6475 6461
f 6470 6451 6542
f 6570 6567 6569
f 6495 6567 6463
f 6475 6465 6462
f 6572 6848 6477
f 6574 6571 6457
f 6569 6568 6543
f 6575 6574 6473
f 6471 6904 6901
f 6469 6468 6508
f 6498 6497 6479
f 6503 6502 6518
f 6489 6506 6505
f 6467 6849 6509
f 6546 6548 6498
f 6549 6548 6752
f 6752 6751 6466
f 6503 6850 6846
f 6850 6851 6844
f 6507 6506 6852
f 6486 6505 6509
f 6502 6907 6909
f 6858 6893 6664
f 8396 8397 6611
f 6833 8398 6324
f 8399 6826 6825
f 6831 6830 8401
f 6707 6833 6826
f 8398 8403 6890
f 6858 6857 8404
f 8405 8396 6610
f 6830 6893 6553
f 8397 6892 6911
f 8400 6825 8358
f 8358 8357 8364
f 8406 8364 8387
f 8389 8408 8380
f 8389 8388 8409
f 8388 8390 8410
f 5575 5597 8410
f 6665 6273 8411
f 8412 8413 6720
f 8413 5602 5601
f 8411 8414 8413
f 6262 6742 6290
f 5602 8413 8414
f 7141 7140 7142
f 8393 8222 8241
f 8227 8226 7147
f 8229 8228 8374
f 8230 8227 7151
f 8232 8231 8415
f 8234 8233 8417
f 8221 8220 8374
f 8235 8230 7153
f 8233 8236 8420
f 8226 8229 7148
f 8238 8237 8421
f 7141 8393 8240
f 6581 6580 6655
f 6640 6639 8140
f 6710 6709 8141
f 6717 6716 6712
f 6860 6859 8143
f 6870 6869 6867
f 6717 8136 6726
f 6870 6580 6192
f 6860 8145 6050
f 6710 6869 6025
f 6639 8149 6871
f 6640 8151 8324
f 6581 8148 8147
f 5615 5614 6234
f 7144 7148 8374
f 7144 7143 6210
f 7150 7149 6210
f 7152 7150 6209
f 7152 7154 8419
f 7154 7155 8421
f 7158 7157 8415
f 7160 7159 8420
f 7162 7161 8418
f 7161 4321 5616
f 8370 6234 6233
f 8373 8382 7146
f 8392 8391 8386
f 8391 8392 8372
f 5617 8344 6713
f 5973 5618 3355
f 8345 5620 5619
f 3880 6735 6910
f 8351 5622 5620
f 8346 5619 5520
f 5621 6910 6911
f 5622 8351 8185
f 8150 5624 5497
f 8423 8424 8425
f 8427 6516 6519
f 8429 8430 8431
f 6523 8432 8433
f 8434 8435 8436
f 8438 8435 8434
f 8438 8440 6511
f 8441 8442 8424
f 8427 8443 8430
f 8444 8428 8445
f 8447 8425 8424
f 8449 8443 8444
f 8451 8431 8430
f 8453 8437 8454
f 8456 8434 8437
f 8439 8434 8456
f 8448 8424 8442
f 8452 8430 8443
f 8425 8447 8459
f 8460 8461 8462
f 8464 8465 8466
f 8468 8469 8470
f 8472 8473 8474
f 8476 8477 8478
f 8480 8481 8482
f 8484 8485 8486
f 8485 8488 8489
f 8490 8491 8481
f 8492 8493 8494
f 8495 8494 8496
f 8498 8499 8500
f 8502 8501 8500
f 8504 8505 8506
f 8508 8509 8510
f 8513 8508 8511
f 8507 8506 8514
f 8516 8517 8518
f 8520 8517 8516
f 8522 8523 8524
f 8526 8527 8522
f 8528 8529 8530
f 8532 8530 8529
f 8534 8535 8536
f 8538 8539 8534
f 8464 8482 8481
f 8483 8540 8541
f 8542 8485 8484
f 8487 8543 8540
f 8488 8485 8542
f 8545 8546 8486
f 8481 8491 8466
f 8547 8545 8489
f 8548 8494 8493
f 8549 8550 8502
f 8551 8496 8494
f 8497 8541 8552
f 8469 8500 8499
f 8547 8541 8497
f 8469 8468 8503
f 8501 8502 8550
f 8460 8504 8507
f 8552 8553 8506
f 8554 8511 8510
f 8549 8552 8505
f 8554 8555 8512
f 8513 8556 8550
f 8461 8507 8515
f 8557 8556 8513
f 8558 8516 8519
f 8559 8560 8527
f 8521 8516 8558
f 8553 8562 8517
f 8477 8525 8524
f 8520 8523 8557
f 8476 8526 8525
f 8527 8560 8556
f 8563 8529 8528
f 8564 8539 8531
f 8533 8529 8563
f 8562 8567 8530
f 8473 8537 8536
f 8559 8562 8532
f 8472 8538 8537
f 8560 8534 8539
f 8463 8462 8555
f 8544 8542 8467
f 8470 8551 8548
f 8475 8474 8566
f 8479 8478 8561
f 8484 8487 8483
f 8490 8489 8488
f 8503 8493 8492
f 8498 8497 8496
f 8504 8510 8509
f 8515 8514 8513
f 8519 8518 8527
f 8521 8524 8523
f 8528 8531 8539
f 8533 8536 8535
f 8467 8484 8482
f 8487 8486 8546
f 8544 8466 8491
f 8480 8541 8547
f 8493 8503 8468
f 8495 8552 8549
f 8551 8470 8499
f 8501 8545 8547
f 8460 8463 8510
f 8508 8550 8549
f 8555 8462 8515
f 8506 8553 8557
f 8519 8526 8476
f 8517 8562 8559
f 8561 8478 8524
f 8522 8556 8557
f 8475 8528 8538
f 8567 8565 8531
f 8566 8474 8536
f 8560 8559 8535
f 8442 8441 8568
f 6512 8570 8568
f 8570 8440 8571
f 8426 6515 6514
f 8428 8444 8443
f 6522 8429 8432
f 8437 8436 8433
f 6524 8436 8435
f 6528 6527 8435
f 8423 6514 6550
f 8429 6522 6516
f 6515 8426 8445
f 8441 6550 6754
f 8570 8572 8569
f 8440 8570 6512
f 8569 8573 8458
f 8574 8575 8572
f 8572 8575 8573
f 8453 8576 8577
f 8576 8453 8455
f 8452 8579 8580
f 8573 8581 8582
f 8575 8583 8581
f 8584 8583 8575
f 8571 8439 8457
f 8439 8571 8440
f 8585 8586 8587
f 8587 8589 8590
f 8589 8591 8592
f 8591 8593 8594
f 8593 8595 8596
f 8595 8597 8598
f 8599 8600 8586
f 8601 8602 8600
f 8603 8604 8602
f 8605 8606 8598
f 8607 8608 8604
f 8609 8610 8608
f 8611 8612 8610
f 8606 8605 8612
f 8613 8614 8589
f 8614 8615 8591
f 8615 8616 8593
f 8616 8617 8595
f 8617 8618 8597
f 8619 8620 8617
f 8620 8621 8618
f 8620 8622 8623
f 8624 8625 8626
f 8626 8623 8622
f 8620 8619 8628
f 8622 8628 8629
f 8627 8629 8630
f 8632 8633 8634
f 8636 8634 8633
f 8637 8638 8636
f 8639 8633 8632
f 8633 8639 8641
f 8635 8641 8642
f 8642 8643 8644
f 8645 8638 8637
f 8586 8646 8613
f 8600 8647 8646
f 8616 8615 8648
f 8615 8614 8649
f 8613 8650 8649
f 8651 8650 8613
f 8647 8652 8651
f 8652 8653 8654
f 8602 8655 8647
f 8655 8656 8652
f 8656 8657 8653
f 8653 8658 8659
f 8658 8660 8661
f 8644 8662 8663
f 8664 8661 8662
f 8661 8664 8666
f 8666 8667 8654
f 8667 8650 8651
f 8668 8605 8597
f 8669 8668 8618
f 8670 8669 8621
f 8671 8670 8623
f 8671 8626 8625
f 8625 8631 8673
f 8636 8674 8675
f 8638 8676 8674
f 8645 8677 8676
f 8645 8663 8678
f 8679 8680 8660
f 8657 8679 8658
f 8583 8584 8648
f 8650 8581 8583
f 8667 8582 8581
f 8666 8681 8582
f 8664 8682 8681
f 8682 8664 8665
f 8684 8685 8643
f 8684 8642 8641
f 8639 8580 8579
f 8580 8639 8640
f 8629 8577 8576
f 8604 8686 8655
f 8608 8687 8686
f 8610 8688 8687
f 8612 8689 8688
f 8605 8668 8689
f 8690 8689 8668
f 8691 8688 8689
f 8692 8687 8688
f 8693 8686 8687
f 8656 8655 8686
f 8694 8690 8669
f 8695 8691 8690
f 8696 8692 8691
f 8697 8693 8692
f 8657 8656 8693
f 8697 8698 8679
f 8696 8699 8698
f 8696 8695 8700
f 8694 8701 8700
f 8670 8671 8701
f 8702 8701 8671
f 8701 8702 8703
f 8703 8704 8699
f 8699 8704 8705
f 8698 8705 8680
f 8672 8673 8706
f 8675 8674 8707
f 8674 8676 8709
f 8709 8676 8677
f 8677 8678 8711
f 8712 8713 8710
f 8702 8706 8714
f 8713 8712 8714
f 8707 8709 8716
f 8717 8716 8713
f 8710 8713 8716
f 8708 8707 8717
f 8546 8601 8599
f 8546 8545 8603
f 8550 8607 8603
f 8556 8609 8607
f 8560 8611 8609
f 8564 8606 8611
f 8565 8598 8606
f 8565 8567 8596
f 8567 8562 8594
f 8562 8553 8592
f 8553 8552 8590
f 8590 8552 8541
f 8540 8585 8588
f 8543 8599 8585
f 8684 8449 8450
f 8579 8452 8449
f 8682 8447 8448
f 8447 8682 8683
f 8681 8448 8458
f 8584 8718 8619
f 8628 8718 8577
f 8457 8456 8577
f 8574 8457 8718
f 7134 6920 6919
f 6164 6163 6919
f 5485 6608 6609
f 3832 5351 8188
f 5921 6609 6221
f 5922 4281 7128
f 6439 8719 8720
f 8720 8719 6570
f 6570 8719 8721
f 6439 6447 8721
f 6727 6058 6057
f 6312 6057 6073
f 6828 6248 6073
f 6877 6268 6267
f 6745 6267 6299
f 6891 6306 6305
f 6338 6747 6746
f 6438 6411 6410
f 6412 6411 6440
f 6564 6421 6424
f 6842 6578 6577
f 6889 6305 6829
f 6579 6578 6564
f 6435 6410 6565
f 8722 6857 6306
f 8723 6859 6058
f 6269 6268 6878
f 7160 7157 6829
f 8724 8144 8143
f 8238 8231 6248
f 6339 6746 6744
f 8395 6577 6338
f 6879 6878 8404
f 8422 8415 8231
f 8725 8143 6859
f 8416 8415 7157
f 6059 6050 6049
f 6330 6099 6049
f 7156 6260 6259
f 6269 6265 6264
f 6297 6349 6264
f 6340 6352 6351
f 6368 6842 8395
f 6422 6414 6559
f 6436 6403 6404
f 6447 6439 6438
f 6424 6423 6436
f 6331 6827 6099
f 6422 6421 6842
f 8722 8403 6856
f 8141 6863 6862
f 6265 6855 6617
f 6324 6890 6259
f 7158 7155 6260
f 6709 8145 6863
f 8235 8237 6827
f 6298 6349 6352
f 6370 6369 6351
f 6891 6890 8403
f 8419 8421 8237
f 6051 6050 8145
f 8422 8421 7155
f 8721 6447 6446
f 6748 6440 8720
f 8727 6008 6011
f 8158 6009 8144
f 6009 6008 6861
f 6008 8727 6862
f 8142 6862 8727
f 6554 6553 6893
f 6833 6707 6708
f 6708 6856 8403
f 5623 6911 6892
f 8406 8366 8365
f 8407 8375 8366
f 8377 8376 8408
f 8397 8396 6530
f 6651 8399 8400
f 8402 8401 6616
f 6618 6707 8399
f 6554 8404 6878
f 8396 8405 6854
f 8401 6553 6552
f 6892 8397 6529
f 8353 8400 8365
f 8377 8409 6276
f 8409 8410 6277
f 8410 5597 5932
f 8726 8404 6857
f 8726 6856 6855
f 7234 6107 6106
f 8279 6124 6127
f 8354 6224 6227
f 6246 6245 6619
f 8239 6280 6282
f 8162 6283 6286
f 6292 6354 6246
f 6382 6378 6377
f 6392 6397 6396
f 6396 6395 6427
f 6398 6397 6443
f 6459 6443 6458
f 6525 6520 6523
f 6558 6272 6271
f 6429 6428 6560
f 6460 6458 6572
f 6272 6558 3736
f 7128 6603 6602
f 6227 6245 6244
f 7180 6631 6634
f 6642 6286 6285
f 6356 6741 6740
f 6816 6815 8218
f 6820 8300 8301
f 6355 6832 6741
f 6344 6835 6834
f 6364 6841 6840
f 6375 6378 6560
f 6848 6847 6488
f 6853 6852 6506
f 6530 6854 6740
f 8140 6871 6874
f 6555 6271 6831
f 8215 6106 6881
f 6348 6895 6894
f 6383 6895 6896
f 6433 6897 6896
f 6432 6897 6898
f 6406 6899 6898
f 6900 6455 6387
f 6900 6449 6448
f 6472 6904 6903
f 6480 6905 6903
f 6497 6907 6906
f 6908 6519 6518
f 4280 5933 6120
f 6100 7167 7170
f 6632 6631 7188
f 7235 8214 7201
f 7206 7209 7212
f 8213 7257 7232
f 8214 8213 7231
f 6108 6107 7200
f 7238 8299 8300
f 7207 7212 8299
f 8205 7241 7240
f 6170 6169 7232
f 6638 8146 8149
f 6601 6874 8157
f 6600 8157 6283
f 8392 8223 8222
f 6278 6280 8241
f 6816 8272 8274
f 6642 6815 6814
f 6128 7170 6124
f 8195 6602 6127
f 8212 8211 8286
f 8292 8287 8286
f 8290 8289 8210
f 8207 8293 8290
f 8294 8293 8295
f 8206 8296 8295
f 6817 8301 8297
f 8288 6170 7256
f 7209 7206 7240
f 6225 6224 8360
f 8369 8368 8360
f 8375 8376 8368
f 8381 8380 8387
f 8385 8381 8383
f 8385 8386 8391
f 8147 8146 6282
f 6345 6894 6835
f 6327 6832 6834
f 6295 6354 6841
f 6379 6377 6840
f 6853 6847 6845
f 6479 6906 6905
f 6848 6572 6571
f 6452 6901 6904
f 6525 6852 6851
f 6496 6909 6907
f 8402 8405 6876
f 8408 8407 8387
f 6279 8241 8222
f 6872 6871 8149
f 8223 8386 8373
f 6526 8433 8436
f 8446 8445 8426
f 8455 8454 8431
f 8446 8459 8450
f 8454 8433 8432
f 6908 8445 8428
f 8578 8455 8451
f 8632 8631 8625
f 8640 8632 8624
f 8660 8663 8662
f 8662 8644 8643
f 8675 8673 8631
f 8680 8678 8663
f 8683 8665 8643
f 8578 8640 8630
f 8673 8675 8708
f 8678 8680 8705
f 8711 8705 8704
f 8706 8708 8715
f 8703 8714 8712
f 8459 8683 8685
f 8407 8408 8376
f 6615 6854 8405
f 5993 6080 6335
f 6060 6682 6018
f 5993 6047 6081
f 6105 6104 6176
f 6177 6104 6000
f 6309 6311 6310
f 8725 6315 6314
f 8724 6314 6318
f 6321 6320 6053
f 6249 6595 6310
f 6596 6254 6257
f 8188 6606 6605
f 5986 6683 6682
f 6714 6726 6311
f 6047 6320 6086
f 6875 6596 6304
f 6001 6105 6912
f 7162 7159 6597
f 7254 7163 6912
f 6684 6683 7163
f 8723 8136 6315
f 6592 8159 6318
f 8332 8331 8171
f 6607 6606 5350
f 8191 8190 8198
f 8197 8192 8193
f 8159 6592 6319
f 8232 8236 6595
f 8192 8190 7173
f 8189 6605 8193
f 6177 8191 8199
f 6733 8331 8330
f 8340 8341 8330
f 8341 5994 6335
f 8412 6721 6875
f 8414 8411 6273
f 8416 8420 8236
f 6727 6726 8136
f 8417 8420 7159
f 6277 5932 5558
f 5935 5576 6635
f 5991 5990 6061
f 6019 6018 6682
f 5999 6034 6033
f 6045 6044 6677
f 6055 6054 6083
f 5995 6064 6063
f 6084 6054 6053
f 6088 5990 5989
f 6063 6084 6046
f 6066 6097 6034
f 6103 6102 7181
f 6673 6676 6133
f 6149 6148 6153
f 6323 6088 8166
f 6585 6584 6083
f 6630 6629 6702
f 6634 6633 7168
f 6676 6149 6152
f 6703 6629 6628
f 6796 6729 6728
f 6069 6729 6097
f 6132 6798 6674
f 6803 6799 6800
f 6011 6010 6055
f 6799 6803 6582
f 7194 8271 6881
f 7131 6584 6583
f 6798 7133 6913
f 7179 7178 8204
f 7183 7182 7246
f 7188 7183 7242
f 6109 7196 7192
f 7204 6630 6176
f 7219 7218 6628
f 7218 7228 7248
f 7179 7219 6627
f 7250 7254 6704
f 7228 7252 7249
f 6678 7250 7249
f 5997 7252 7251
f 8168 8167 6644
f 8167 8169 6732
f 8169 8170 6733
f 8170 8171 8331
f 8336 8335 8173
f 8182 8338 8175
f 8182 8174 8176
f 8181 8176 8177
f 8180 8177 8179
f 7133 6728 6590
f 7130 7131 8194
f 8200 6633 6632
f 7178 8201 8205
f 8269 6154 6153
f 8254 8311 8252
f 8260 6102 6101
f 8179 8263 6802
f 8263 8264 6038
f 8264 8265 6039
f 8265 8266 6130
f 8266 8267 6157
f 8267 8268 6158
f 8268 8270 8217
f 8270 8272 6816
f 6813 8274 8273
f 8273 8275 8247
f 8276 8260 8277
f 7192 8251 8250
f 8252 8316 8259
f 8276 8275 8250
f 7204 8200 7177
f 7182 8316 8315
f 8343 8339 8334
f 8333 8337 8342
f 8343 8342 6800
f 8340 8339 6064
f 6323 8349 8350
f 8168 8352 8348
f 8349 5937 5936
f 8352 5939 5938
f 6103 6634 7167
f 8271 8269 8216
f 8201 7188 7241
f 8274 8272 8271
f 5991 6018 6017
f 8728 8171 6017
f 5997 5996 6680
f 5996 6033 6045
f 6033 6032 6042
f 6042 6032 8175
f 8172 8175 8338
f 8336 8338 8337
f 6684 6678 6677
f 6681 6677 6044
f 6019 6044 6043
f 6016 6043 8173
f 8728 8173 8335
f 8332 8335 8334
f 8194 6332 8160
f 6805 6010 6009
f 5940 5941 7137
f 8324 5496 5942
f 8325 5942 5495
f 6253 5943 4292
f 7137 5941 5944
f 8348 5938 5937
f 8350 5936 5530
f 5624 8150 6159
f 6718 4293 5940
f 8327 5945 5490
f 8347 5946 5939
f 5933 5502 6121
f 8184 5532 5946
f 7142 4298 5615
f 6145 5487 5945
f 8234 5947 5943
f 8328 5948 5488
f 8318 5500 5948
f 7139 5494 4299
f 8418 5616 5947
f 5604 8414 6599
f 5949 3853 6712
f 5944 5949 6716
f 6720 5601 5950
f 6255 5950 4322
f 5614 5935 6235
f 6711 3852 5951
f 8161 5951 3857
f 5973 5964 2965
f 2965 5964 5963
f 222 5963 5960
f 223 5960 5958
f 5958 5957 3185
f 5957 5970 2977
f 5970 5967 1213
f 5967 5966 1214
f 2532 1214 5966
f 2894 2532 5953
f 2871 2894 5952
f 5510 5722 5721
f 5822 5825 5824
f 3511 3512 3844
f 3887 3892 3889
f 3876 3879 3878
f 3356 3357 3911
f 3372 3373 3390
f 3849 3854 3851
f 3481 3478 3867
f 3873 3874 3385
f 3875 3375 3450
f 3915 3794 3865
f 3657 3670 3671
f 5618 5973 3013
f 1997 1996 1889
f 1237 745 744
f 1535 1534 120
f 1531 1532 201
f 1119 1241 1032
f 946 948 824
f 163 8 5
f 9041 9178 9175
f 1155 1156 1162
f 427 213 327
f 553 1902 796
f 8732 2232 2231
f 8732 3178 2230
f 2237 3183 3180
f 8734 8735 8736
f 8735 8737 8738
f 8737 8739 8740
f 8739 8741 8742
f 8743 8744 8745
f 8746 8745 8747
f 8749 8750 8748
f 8751 8752 8750
f 8754 8755 8756
f 8757 8758 8755
f 8759 8760 8758
f 8761 8762 8760
f 8763 8764 8762
f 8766 8751 8749
f 8765 8749 8747
f 8767 8747 8745
f 8768 8745 8744
f 8744 8770 8771
f 8770 8741 8772
f 8741 8739 8773
f 8739 8737 8774
f 8737 8735 8775
f 8735 8734 8776
f 8776 8734 8777
f 2904 8778 8779
f 8780 8778 2904
f 8781 8780 2902
f 2875 8782 8781
f 8783 8784 2733
f 2825 8785 8786
f 8788 8789 8790
f 8792 8788 8787
f 2724 2723 8785
f 8787 8790 3115
f 8791 8787 3117
f 8794 8766 8765
f 8793 8765 8767
f 8795 8767 8768
f 8796 8768 8769
f 8797 8769 8771
f 8771 8772 8799
f 8772 8773 8800
f 8773 8774 8801
f 8774 8775 8802
f 8775 8776 8803
f 8776 3184 3056
f 8802 8803 2253
f 8801 8802 2252
f 8800 8801 1727
f 8799 8800 2150
f 8804 8798 8799
f 8805 8797 8798
f 8806 8796 8797
f 8807 8795 8796
f 8793 8795 8807
f 8794 8793 8808
f 8810 8811 8809
f 8808 8807 8806
f 8810 8806 8805
f 8813 8811 8810
f 8812 8805 8804
f 8815 8813 8812
f 8814 8804 1941
f 8755 8750 8752
f 8758 8748 8750
f 8760 8746 8748
f 8762 8743 8746
f 8816 8817 8764
f 8818 8819 8820
f 8816 8763 8782
f 8821 8818 8817
f 8789 8821 8783
f 8818 8821 8789
f 8819 8818 8788
f 8822 8820 8819
f 8823 8819 8792
f 8824 8792 8791
f 2712 8791 3119
f 8826 8822 8823
f 8825 8823 8824
f 8827 8824 2712
f 8828 8827 2711
f 8829 8825 8827
f 8830 8826 8825
f 8743 8762 8764
f 8817 8820 8831
f 8770 8744 8743
f 8741 8770 8831
f 8820 8822 8742
f 8740 8742 8822
f 8738 8740 8826
f 8736 8738 8830
f 8833 8828 2400
f 8834 8829 8828
f 8832 8830 8829
f 8835 8833 2402
f 3058 8835 2707
f 3061 8836 8835
f 8836 8834 8833
f 8733 8736 8832
f 8837 8832 8834
f 8777 8734 8733
f 8838 8733 8837
f 8837 8836 3061
f 1961 3057 8838
f 3057 3184 8777
f 8779 8754 8753
f 8778 8757 8754
f 8780 8759 8757
f 8781 8761 8759
f 8782 8763 8761
f 8821 8816 8784
f 8785 8790 8789
f 2723 3115 8790
f 2875 2733 8784
f 2736 2824 8786
f 2947 8779 8839
f 8815 8814 1360
f 1900 1925 1924
f 1736 1717 1718
f 1955 1952 1943
f 1671 1738 1735
f 1696 1750 1698
f 1800 1865 1864
f 2063 2055 2056
f 1737 1734 1717
f 1751 1735 1697
f 943 9337 9351
f 9108 8839 8753
f 1577 1578 1764
f 9369 1598 1599
f 1945 146 82
f 68 6 7
f 147 1542 1543
f 1109 1135 1133
f 1503 1910 1907
f 1499 1501 1909
f 452 1922 735
f 1824 2068 9287
f 1825 2067 2068
f 1463 1462 1022
f 841 1012 1009
f 1568 1547 1955
f 1910 1503 1502
f 1939 1502 422
f 309 280 1940
f 1804 1851 1866
f 269 1482 1954
f 2065 1607 2060
f 9264 1685 1758
f 280 276 552
f 1875 1873 1869
f 1739 1721 1734
f 5923 5897 5899
f 1778 1779 1790
f 310 1920 1915
f 1909 1908 1906
f 1789 1783 1778
f 978 981 980
f 1584 1759 1731
f 425 426 311
f 148 1543 115
f 2044 9349 9346
f 277 1910 1939
f 1943 1946 1945
f 1461 1462 1463
f 2253 8803 3056
f 2981 2254 8927
f 2209 2998 8927
f 2254 2253 3055
f 2998 926 958
f 2826 2817 2721
f 8928 2739 2721
f 2816 8929 8928
f 2334 2297 2296
f 2298 2297 2334
f 2301 2298 2336
f 2311 2301 2338
f 2312 2311 2354
f 2359 2358 2361
f 2335 2296 2359
f 2414 2413 2365
f 2413 2270 2361
f 2355 2352 2540
f 2541 2540 2539
f 2722 2721 2739
f 3114 2722 2738
f 3110 3112 3121
f 3108 3110 3120
f 3122 1754 3127
f 3112 3122 3126
f 3127 1754 1753
f 3139 3133 2529
f 9196 9227 3133
f 8928 2789 2740
f 8929 2790 2789
f 228 229 91
f 245 244 243
f 248 7 247
f 2 297 296
f 145 146 300
f 327 213 210
f 329 332 331
f 239 241 240
f 373 376 375
f 178 177 176
f 1218 1225 1228
f 9314 1231 1295
f 808 809 824
f 9310 9311 1013
f 9265 9262 1411
f 2154 2149 2159
f 9297 9287 1758
f 306 807 1922
f 2157 2153 1976
f 708 709 2031
f 1450 1226 1227
f 1672 1604 1605
f 1813 1814 1821
f 1717 1716 1715
f 176 159 402
f 1710 1705 9368
f 1712 1580 1577
f 1705 1713 1711
f 3435 3476 3475
f 971 978 979
f 822 823 1094
f 2909 2810 2793
f 2810 2769 2795
f 2799 2910 2249
f 9114 9095 2910
f 2769 2768 2801
f 3177 3176 3178
f 3178 8732 3180
f 3181 1394 1393
f 3181 1633 1632
f 3182 1632 2244
f 3183 2244 2243
f 8932 2791 2790
f 2808 8932 8929
f 2239 9018 9016
f 1149 1150 9015
f 1150 2009 9011
f 2202 9013 9010
f 2921 9008 9009
f 9012 9004 2133
f 1777 1579 1759
f 1201 1196 1183
f 9005 8998 2195
f 8997 9020 2770
f 9379 9377 1687
f 1516 152 154
f 8993 9006 2974
f 8994 8992 2779
f 2771 2772 9019
f 3070 2771 8990
f 8991 8988 2775
f 1376 1375 1370
f 2767 8987 9000
f 2195 8998 8987
f 2775 8988 8986
f 8344 5617 8989
f 9256 9254 8983
f 2776 8986 8982
f 2240 9016 8979
f 2920 8979 9121
f 8992 8978 2786
f 1805 1850 1851
f 8978 8976 2787
f 2951 2773 8984
f 2772 2951 8975
f 2973 2224 8974
f 2224 2223 8981
f 1957 1953 320
f 306 305 304
f 2770 9020 8972
f 2913 8972 9018
f 2923 9009 8971
f 308 1940 431
f 207 208 132
f 1879 1876 1881
f 9185 9239 8969
f 2475 3070 9002
f 2476 2475 8968
f 2223 2476 8967
f 8966 8993 2803
f 2037 9007 11
f 1959 1958 450
f 2003 8999 8964
f 9 10 334
f 2009 2008 8962
f 2008 2973 8980
f 9329 672 673
f 8959 8994 2778
f 2935 8958 8957
f 111 1149 9014
f 3238 3342 3341
f 8954 8958 2935
f 683 9328 9337
f 8952 9001 2810
f 736 733 732
f 1795 1804 1803
f 8949 8954 2938
f 8951 8949 2939
f 2950 8956 8948
f 2940 2949 8948
f 9253 9243 8956
f 2868 8953 8946
f 2869 8946 8966
f 1024 1034 1023
f 8944 8947 2948
f 551 1939 442
f 2972 8943 9012
f 2032 8977 8943
f 216 93 1924
f 3532 3534 3482
f 203 202 201
f 3539 3542 3541
f 1828 1848 1847
f 1958 1957 449
f 272 271 178
f 2871 8989 8939
f 9071 9121 9008
f 2801 2768 9095
f 2005 9210 9106
f 960 886 899
f 9109 9107 9064
f 9232 9240 9098
f 3151 9098 9045
f 2193 9056 9075
f 9059 9055 3145
f 9055 9101 2761
f 9044 9059 3144
f 2926 9110 9086
f 9086 9044 3104
f 9207 9206 9198
f 566 567 9210
f 8839 9108 1864
f 1602 1586 2079
f 2868 9110 9063
f 2922 9063 9062
f 2923 9062 9070
f 9122 9065 2918
f 9071 9122 9066
f 2921 9070 9122
f 2920 9066 9038
f 9065 9094 2915
f 2917 2766 9074
f 2916 2917 9093
f 2239 9039 9104
f 2911 9092 9104
f 9095 9092 2911
f 2797 2801 9114
f 2797 9043 9050
f 9074 9080 2763
f 9060 9080 2764
f 2194 9075 9100
f 2221 9100 9101
f 2756 9060 9061
f 2750 9050 9061
f 9121 8979 1817
f 9215 9222 1691
f 2515 9073 9042
f 2548 9042 9045
f 2513 2489 9084
f 2513 9068 9073
f 2509 9085 9072
f 2510 9084 9085
f 2289 9072 9091
f 2283 9091 9069
f 2240 9038 9039
f 9111 9109 9076
f 716 2121 9339
f 727 1999 9213
f 2165 2171 2170
f 9112 9111 9078
f 9195 9033 9030
f 2175 2172 769
f 2100 500 2095
f 9210 567 9209
f 640 9004 9012
f 1653 9020 8997
f 1895 8980 8974
f 746 8974 8981
f 1653 1810 8972
f 9214 1603 1604
f 2093 2075 2073
f 959 996 995
f 962 899 919
f 1400 1401 1398
f 1000 817 1127
f 956 959 884
f 1662 8992 8994
f 2034 9002 8990
f 9378 1689 8983
f 8979 9016 766
f 9016 9018 765
f 334 9014 9015
f 1868 8975 8984
f 1684 1651 1652
f 1682 1683 775
f 1585 1603 9214
f 9215 9214 1672
f 2173 2174 490
f 1658 8988 8991
f 9000 8987 1650
f 1571 9206 2010
f 1587 9116 9123
f 2099 2095 2077
f 787 9213 1999
f 2000 9146 786
f 3155 339 9149
f 9165 3155 9135
f 2180 2179 9137
f 8940 2180 9136
f 1684 9298 9292
f 1760 464 8939
f 2607 9141 9145
f 2581 9128 9141
f 2371 2502 9152
f 2371 9147 9145
f 2587 9128 9127
f 2586 9127 9149
f 2497 9143 9139
f 2502 2503 9139
f 2494 9143 9142
f 9142 9140 2472
f 9140 9153 2468
f 9153 9155 2469
f 726 9360 9344
f 581 9011 8962
f 10 8955 9014
f 1837 8958 8954
f 741 8981 8967
f 1299 8968 9002
f 1851 8951 8948
f 8971 9009 1820
f 580 8962 8980
f 1758 1685 8966
f 1693 9001 8952
f 8948 8956 1867
f 1894 1826 9012
f 2126 1418 9265
f 9358 2126 9293
f 2113 9363 9319
f 2179 9165 9241
f 624 9355 9356
f 2192 9056 9240
f 2177 8985 9239
f 1364 9276 9285
f 9310 9307 1470
f 3135 1753 9227
f 2069 9264 9287
f 1351 9313 9305
f 2108 9334 9353
f 2089 2092 9188
f 9280 9286 1358
f 2001 9201 9235
f 2187 9235 9171
f 2130 9208 9204
f 2004 9204 9201
f 2014 9176 9231
f 2201 9231 9208
f 3167 9172 9211
f 3168 9176 9172
f 3159 9161 9216
f 3160 9216 9217
f 9182 9159 3158
f 3158 9159 9161
f 2200 3069 9182
f 9137 9241 9194
f 9174 9226 2197
f 9242 9188 2092
f 9226 9242 9173
f 3154 9158 9242
f 3155 9165 9158
f 2091 9171 9173
f 2196 3148 9202
f 2193 2196 9228
f 9056 2193 9233
f 2086 2192 9232
f 2087 2086 9230
f 2204 9194 9203
f 2205 9203 9202
f 9361 9338 574
f 2124 2087 9229
f 2208 2124 9212
f 9163 9237 3140
f 9237 9197 3138
f 9197 9196 3139
f 9223 9164 3136
f 9164 9163 3137
f 9227 9219 3131
f 9219 9234 3132
f 1813 9291 9290
f 1293 9306 9308
f 2184 2321 9200
f 2181 2184 9184
f 9217 9220 3079
f 9220 9186 3080
f 709 9325 9327
f 2774 2961 9189
f 9238 9221 2134
f 9261 9260 766
f 2968 9236 9218
f 2969 9211 9236
f 2958 9199 9189
f 2132 9199 9218
f 2321 2185 9223
f 9312 9300 1449
f 9357 9326 582
f 9338 9341 577
f 9299 9278 1818
f 705 9354 9339
f 9268 9364 9359
f 2111 9335 9363
f 9262 9281 1366
f 1812 9291 9274
f 675 9303 9304
f 8940 9157 9303
f 2110 9319 9320
f 2104 9348 9353
f 2109 9320 9351
f 9294 9283 703
f 1680 9263 9298
f 1639 1627 9271
f 623 9356 9358
f 2139 2140 9318
f 1808 1640 9296
f 9272 9273 1819
f 9324 9366 9352
f 1646 9284 9282
f 9341 9342 633
f 2139 9317 9327
f 2156 2155 9323
f 674 9304 9365
f 2117 9269 9264
f 1815 9274 9299
f 9307 9301 1444
f 697 9358 9364
f 866 842 9288
f 9316 9321 2136
f 9037 9183 9178
f 9035 9192 9183
f 9205 9198 9190
f 9192 9035 9033
f 1088 9190 9198
f 9191 9192 9195
f 2791 8932 8933
f 8932 2808 2807
f 2792 8933 8934
f 8933 2807 2806
f 8952 2909 8934
f 8960 8934 2806
f 2948 8947 9243
f 2105 9360 9348
f 8982 9254 9256
f 680 9330 9328
f 1891 1890 9362
f 2905 9251 9253
f 2900 9249 9251
f 2901 9249 9259
f 2734 2878 9258
f 2877 9259 9258
f 2820 9252 9246
f 2818 9248 9244
f 2823 9245 9244
f 2822 9245 9250
f 2819 2735 9252
f 2817 9248 9247
f 2809 9257 9247
f 2808 9257 9255
f 2805 9256 9255
f 1702 9373 9375
f 9374 9372 1797
f 9367 9368 1706
f 9370 9379 1692
f 1657 9350 9332
f 1890 1877 9347
f 9224 9222 1674
f 1689 1690 9224
f 9378 9254 8982
f 8960 8983 1689
f 9369 9375 1703
f 1598 9369 9380
f 9332 9336 1876
f 1691 1690 9377
f 9377 9378 1688
f 9386 9385 9389
f 9386 9390 9391
f 9384 9388 9389
f 9390 9394 9395
f 9389 9388 9392
f 9389 9393 9394
f 9394 9398 9399
f 9393 9392 9396
f 9394 9393 9397
f 9399 9398 9402
f 9396 9400 9401
f 9397 9401 9402
f 9402 9406 9407
f 9401 9400 9404
f 9402 9401 9405
f 9407 9406 9410
f 9405 9404 9408
f 9405 9409 9410
f 9411 9410 9414
f 9409 9408 9412
f 9410 9409 9413
f 9414 9418 9419
f 9412 9416 9417
f 9413 9417 9418
f 9418 9422 9423
f 9417 9416 9420
f 9418 9417 9421
f 9422 9426 9427
f 9420 9424 9425
f 9421 9425 9426
f 9426 9430 9431
f 9425 9424 9428
f 9426 9425 9429
f 9431 9430 9434
f 9428 9432 9433
f 9429 9433 9434
f 9434 9438 9439
f 9433 9432 9436
f 9434 9433 9437
f 9439 9438 9442
f 9436 9440 9441
f 9437 9441 9442
f 9443 9442 9446
f 9441 9440 9444
f 9442 9441 9445
f 9447 9446 9450
f 9444 9448 9449
f 9445 9449 9450
f 9450 9454 9455
f 9449 9448 9452
f 9450 9449 9453
f 9454 9458 9459
f 9452 9456 9457
f 9453 9457 9458
f 9458 9462 9463
f 9457 9456 9460
f 9458 9457 9461
f 9463 9462 9466
f 9460 9464 9465
f 9461 9465 9466
f 9466 9470 9471
f 9465 9464 9468
f 9466 9465 9469
f 9471 9470 9474
f 9468 9472 9473
f 9469 9473 9474
f 9475 9474 9478
f 9473 9472 9476
f 9474 9473 9477
f 9479 9478 9482
f 9476 9480 9481
f 9477 9481 9482
f 9483 9482 9486
f 9481 9480 9484
f 9482 9481 9485
f 9486 9490 9491
f 9484 9488 9489
f 9485 9489 9490
f 9490 9494 9495
f 9489 9488 9492
f 9490 9489 9493
f 9495 9494 9498
f 9492 9496 9497
f 9493 9497 9498
f 9498 9502 9503
f 9497 9496 9500
f 9498 9497 9501
f 9503 9502 9507
f 9500 9505 9506
f 9501 9506 9507
f 9508 9507 9511
f 9505 9509 9510
f 9507 9506 9510
f 9512 9511 9386
f 9510 9509 9384
f 9510 9385 9386
f 9521 9520 9533
f 9518 9531 9532
f 9517 9516 9529
f 9515 9514 9527
f 9523 9536 9537
f 9521 9534 9535
f 9519 9532 9533
f 9518 9517 9530
f 9515 9528 9529
f 9513 9526 9527
f 9524 9537 9538
f 9523 9522 9535
f 9528 9541 9542
f 9526 9539 9540
f 9538 9537 9550
f 9535 9548 9549
f 9534 9533 9546
f 9531 9544 9545
f 9530 9529 9542
f 9528 9527 9540
f 9537 9536 9549
f 9534 9547 9548
f 9532 9545 9546
f 9531 9530 9543
f 9541 9554 9555
f 9540 9539 9552
f 9550 9563 9564
f 9548 9561 9562
f 9547 9546 9559
f 9544 9557 9558
f 9542 9555 9556
f 9541 9540 9553
f 9549 9562 9563
f 9547 9560 9561
f 9546 9545 9558
f 9544 9543 9556
f 9555 9554 9567
f 9552 9565 9566
f 9564 9563 9576
f 9562 9561 9574
f 9559 9572 9573
f 9557 9570 9571
f 9555 9568 9569
f 9553 9566 9567
f 9562 9575 9576
f 9561 9560 9573
f 9559 9558 9571
f 9557 9556 9569
f 9567 9580 9581
f 9566 9565 9578
f 9576 9589 9590
f 9575 9574 9587
f 9572 9585 9586
f 9571 9570 9583
f 9569 9568 9581
f 9566 9579 9580
f 9576 9575 9588
f 9574 9573 9586
f 9571 9584 9585
f 9569 9582 9583
f 9581 9580 9593
f 9578 9591 9592
f 9590 9589 9602
f 9588 9587 9600
f 9585 9598 9599
f 9583 9596 9597
f 9582 9581 9594
f 9579 9592 9593
f 9589 9588 9601
f 9587 9586 9599
f 9584 9597 9598
f 9583 9582 9595
f 9594 9593 9606
f 9592 9591 9604
f 9602 9615 9616
f 9601 9600 9613
f 9598 9611 9612
f 9596 9609 9610
f 9594 9607 9608
f 9592 9605 9606
f 9601 9614 9615
f 9600 9599 9612
f 9598 9597 9610
f 9596 9595 9608
f 9607 9606 9619
f 9605 9604 9617
f 9615 9628 9629
f 9613 9626 9627
f 9611 9624 9625
f 9610 9609 9622
f 9607 9620 9621
f 9605 9618 9619
f 9615 9614 9627
f 9613 9612 9625
f 9611 9610 9623
f 9608 9621 9622
f 9619 9632 9633
f 9617 9630 9631
f 9628 9641 9642
f 9627 9626 9639
f 9625 9624 9637
f 9622 9635 9636
f 9621 9620 9633
f 9619 9618 9631
f 9627 9640 9641
f 9625 9638 9639
f 9623 9636 9637
f 9622 9621 9634
f 9632 9645 9646
f 9630 9643 9644
f 9642 9641 9654
f 9639 9652 9653
f 9638 9637 9650
f 9635 9648 9649
f 9634 9633 9646
f 9632 9631 9644
f 9641 9640 9653
f 9638 9651 9652
f 9636 9649 9650
f 9635 9634 9647
f 9645 9658 9659
f 9644 9643 9656
f 9654 9667 9668
f 9652 9665 9666
f 9651 9650 9663
f 9648 9661 9662
f 9646 9659 9660
f 9645 9644 9657
f 9653 9666 9667
f 9651 9664 9665
f 9650 9649 9662
f 9648 9647 9660
f 9659 9658 9671
f 9656 9669 9670
f 9668 9667 9680
f 9665 9678 9679
f 9663 9676 9677
f 9661 9674 9675
f 9659 9672 9673
f 9657 9670 9671
f 9666 9679 9680
f 9665 9664 9677
f 9663 9662 9675
f 9661 9660 9673
f 9671 9684 9685
f 9670 9669 9682
f 9680 9693 9694
f 9678 9691 9692
f 9677 9676 9689
f 9675 9674 9687
f 9673 9672 9685
f 9670 9683 9684
f 9680 9679 9692
f 9678 9677 9690
f 9675 9688 9689
f 9673 9686 9687
f 9685 9684 9697
f 9682 9695 9696
f 9694 9693 9706
f 9692 9691 9704
f 9689 9702 9703
f 9687 9700 9701
f 9686 9685 9698
f 9683 9696 9697
f 9693 9692 9705
f 9691 9690 9703
f 9688 9701 9702
f 9687 9686 9699
f 9698 9697 9710
f 9696 9695 9708
f 9706 9719 9720
f 9705 9704 9717
f 9702 9715 9716
f 9700 9713 9714
f 9698 9711 9712
f 9696 9709 9710
f 9705 9718 9719
f 9704 9703 9716
f 9702 9701 9714
f 9700 9699 9712
f 9711 9710 9723
f 9709 9708 9721
f 9719 9732 9733
f 9717 9730 9731
f 9715 9728 9729
f 9714 9713 9726
f 9711 9724 9725
f 9709 9722 9723
f 9718 9731 9732
f 9717 9716 9729
f 9715 9714 9727
f 9712 9725 9726
f 9723 9736 9737
f 9721 9734 9735
f 9733 9732 9745
f 9731 9730 9743
f 9729 9728 9741
f 9726 9739 9740
f 9725 9724 9737
f 9723 9722 9735
f 9732 9731 9744
f 9729 9742 9743
f 9727 9740 9741
f 9726 9725 9738
f 9736 9749 9750
f 9734 9747 9748
f 9746 9745 9758
f 9743 9756 9757
f 9742 9741 9754
f 9739 9752 9753
f 9738 9737 9750
f 9736 9735 9748
f 9745 9744 9757
f 9742 9755 9756
f 9740 9753 9754
f 9739 9738 9751
f 9749 9762 9763
f 9748 9747 9760
f 9758 9771 9772
f 9756 9769 9770
f 9755 9754 9767
f 9752 9765 9766
f 9750 9763 9764
f 9749 9748 9761
f 9757 9770 9771
f 9756 9755 9768
f 9754 9753 9766
f 9752 9751 9764
f 9762 9775 9776
f 9760 9773 9774
f 9772 9771 9784
f 9770 9769 9782
f 9768 9767 9780
f 9765 9778 9779
f 9763 9776 9777
f 9762 9761 9774
f 9770 9783 9784
f 9768 9781 9782
f 9767 9766 9779
f 9764 9777 9778
f 9775 9788 9789
f 9774 9773 9786
f 9784 9797 9798
f 9782 9795 9796
f 9781 9780 9793
f 9779 9778 9791
f 9777 9776 9789
f 9774 9787 9788
f 9784 9783 9796
f 9782 9781 9794
f 9779 9792 9793
f 9777 9790 9791
f 9789 9788 9802
f 9786 9800 9801
f 9798 9797 9811
f 9796 9795 9809
f 9793 9807 9808
f 9792 9791 9805
f 9790 9789 9803
f 9787 9801 9802
f 9797 9796 9810
f 9795 9794 9808
f 9792 9806 9807
f 9790 9804 9805
f 9803 9802 9815
f 9801 9800 9813
f 9811 9824 9825
f 9810 9809 9822
f 9807 9820 9821
f 9806 9805 9818
f 9803 9816 9817
f 9801 9814 9815
f 9810 9823 9824
f 9809 9808 9821
f 9807 9806 9819
f 9804 9817 9818
f 9816 9815 9828
f 9814 9813 9826
f 9825 9824 9837
f 9822 9835 9836
f 9820 9833 9834
f 9819 9818 9831
f 9816 9829 9830
f 9814 9827 9828
f 9824 9823 9836
f 9822 9821 9834
f 9820 9819 9832
f 9817 9830 9831
f 9828 9841 9842
f 9826 9839 9840
f 9837 9850 9851
f 9836 9835 9848
f 9834 9833 9846
f 9831 9844 9845
f 9830 9829 9842
f 9828 9827 9840
f 9836 9849 9850
f 9834 9847 9848
f 9832 9845 9846
f 9831 9830 9843
f 9841 9854 9855
f 9839 9852 9853
f 9851 9850 9863
f 9848 9861 9862
f 9847 9846 9859
f 9845 9844 9857
f 9843 9842 9855
f 9841 9840 9853
f 9850 9849 9862
f 9847 9860 9861
f 9845 9858 9859
f 9843 9856 9857
f 9854 9867 9868
f 9853 9852 9865
f 9863 9876 9877
f 9861 9874 9875
f 9860 9859 9872
f 9858 9857 9870
f 9855 9868 9869
f 9854 9853 9866
f 9862 9875 9876
f 9860 9873 9874
f 9859 9858 9871
f 9856 9869 9870
f 9868 9867 9880
f 9865 9878 9879
f 9877 9876 9889
f 9875 9874 9887
f 9873 9872 9885
f 9870 9883 9884
f 9868 9881 9882
f 9867 9866 9879
f 9875 9888 9889
f 9873 9886 9887
f 9872 9871 9884
f 9870 9869 9882
f 9880 9893 9894
f 9878 9891 9892
f 9889 9902 9903
f 9887 9900 9901
f 9886 9885 9898
f 9884 9883 9896
f 9882 9881 9894
f 9879 9892 9893
f 9889 9888 9901
f 9887 9886 9899
f 9884 9897 9898
f 9882 9895 9896
f 9894 9893 9906
f 9891 9904 9905
f 9903 9902 9915
f 9901 9900 9913
f 9898 9911 9912
f 9896 9909 9910
f 9895 9894 9907
f 9892 9905 9906
f 9902 9901 9914
f 9899 9912 9913
f 9897 9910 9911
f 9896 9895 9908
f 9907 9906 9919
f 9905 9904 9917
f 9915 9928 9929
f 9914 9913 9926
f 9911 9924 9925
f 9909 9922 9923
f 9907 9920 9921
f 9905 9918 9919
f 9914 9927 9928
f 9913 9912 9925
f 9911 9910 9923
f 9909 9908 9921
f 9920 9919 9515
f 9918 9917 9513
f 9929 9928 9524
f 9926 9522 9523
f 9924 9520 9521
f 9923 9922 9518
f 9920 9516 9517
f 9918 9514 9515
f 9928 9927 9523
f 9926 9925 9521
f 9924 9923 9519
f 9921 9517 9518
f 9387 9513 9917
f 9917 9904 9508
f 9904 9891 9503
f 9891 9878 9499
f 9499 9878 9865
f 9495 9865 9852
f 9491 9852 9839
f 9839 9826 9483
f 9483 9826 9813
f 9813 9800 9475
f 9800 9786 9471
f 9786 9773 9467
f 9467 9773 9760
f 9463 9760 9747
f 9459 9747 9734
f 9734 9721 9451
f 9451 9721 9708
f 9708 9695 9443
f 9695 9682 9439
f 9682 9669 9435
f 9435 9669 9656
f 9431 9656 9643
f 9427 9643 9630
f 9630 9617 9419
f 9419 9617 9604
f 9604 9591 9411
f 9591 9578 9407
f 9578 9565 9403
f 9403 9565 9552
f 9399 9552 9539
f 9395 9539 9526
f 9526 9513 9387
f 9932 9931 9935
f 9932 9936 9937
f 9931 9930 9934
f 9936 9940 9941
f 9934 9938 9939
f 9935 9939 9940
f 9940 9944 9945
f 9939 9938 9942
f 9940 9939 9943
f 9945 9944 9948
f 9942 9946 9947
f 9943 9947 9948
f 9948 9952 9953
f 9947 9946 9950
f 9948 9947 9951
f 9953 9952 9956
f 9950 9954 9955
f 9951 9955 9956
f 9957 9956 9960
f 9955 9954 9958
f 9956 9955 9959
f 9961 9960 9964
f 9958 9962 9963
f 9959 9963 9964
f 9965 9964 9968
f 9963 9962 9966
f 9964 9963 9967
f 9968 9972 9973
f 9966 9970 9971
f 9967 9971 9972
f 9972 9976 9977
f 9970 9974 9975
f 9972 9971 9975
f 9977 9976 9980
f 9974 9978 9979
f 9975 9979 9980
f 9980 9984 9985
f 9979 9978 9982
f 9980 9979 9983
f 9985 9984 9988
f 9982 9986 9987
f 9983 9987 9988
f 9989 9988 9992
f 9986 9990 9991
f 9988 9987 9991
f 9993 9992 9996
f 9991 9990 9994
f 9991 9995 9996
f 9996 10000 10001
f 9994 9998 9999
f 9996 9995 9999
f 10000 10004 10005
f 9999 9998 10002
f 9999 10003 10004
f 10004 10008 10009
f 10003 10002 10006
f 10004 10003 10007
f 10009 10008 10012
f 10006 10010 10011
f 10007 10011 10012
f 10012 10016 10017
f 10011 10010 10014
f 10012 10011 10015
f 10017 10016 10020
f 10014 10018 10019
f 10015 10019 10020
f 10021 10020 10024
f 10019 10018 10022
f 10020 10019 10023
f 10024 10028 10029
f 10022 10026 10027
f 10023 10027 10028
f 10028 10032 10033
f 10027 10026 10030
f 10028 10027 10031
f 10032 10036 10037
f 10030 10034 10035
f 10031 10035 10036
f 10036 10040 10041
f 10035 10034 10038
f 10036 10035 10039
f 10041 10040 10044
f 10038 10042 10043
f 10039 10043 10044
f 10044 10048 10049
f 10043 10042 10046
f 10044 10043 10047
f 10049 10048 10053
f 10046 10051 10052
f 10047 10052 10053
f 10054 10053 10057
f 10052 10051 10055
f 10053 10052 10056
f 10058 10057 9932
f 10055 9930 9931
f 10056 9931 9932
f 10067 10066 10079
f 10064 10077 10078
f 10063 10062 10075
f 10061 10060 10073
f 10070 10069 10082
f 10067 10080 10081
f 10065 10078 10079
f 10064 10063 10076
f 10061 10074 10075
f 10059 10072 10073
f 10071 10070 10083
f 10069 10068 10081
f 10074 10087 10088
f 10072 10085 10086
f 10084 10083 10096
f 10081 10094 10095
f 10080 10079 10092
f 10078 10077 10090
f 10076 10075 10088
f 10074 10073 10086
f 10083 10082 10095
f 10080 10093 10094
f 10078 10091 10092
f 10076 10089 10090
f 10087 10100 10101
f 10086 10085 10098
f 10096 10109 10110
f 10094 10107 10108
f 10093 10092 10105
f 10091 10090 10103
f 10088 10101 10102
f 10087 10086 10099
f 10095 10108 10109
f 10094 10093 10106
f 10092 10091 10104
f 10089 10102 10103
f 10100 10113 10114
f 10098 10111 10112
f 10110 10109 10122
f 10108 10107 10120
f 10105 10118 10119
f 10103 10116 10117
f 10101 10114 10115
f 10100 10099 10112
f 10108 10121 10122
f 10106 10119 10120
f 10105 10104 10117
f 10103 10102 10115
f 10113 10126 10127
f 10112 10111 10124
f 10122 10135 10136
f 10120 10133 10134
f 10119 10118 10131
f 10117 10116 10129
f 10115 10114 10127
f 10113 10112 10125
f 10122 10121 10134
f 10119 10132 10133
f 10117 10130 10131
f 10115 10128 10129
f 10127 10126 10139
f 10124 10137 10138
f 10136 10135 10148
f 10134 10133 10146
f 10131 10144 10145
f 10130 10129 10142
f 10128 10127 10140
f 10125 10138 10139
f 10135 10134 10147
f 10133 10132 10145
f 10130 10143 10144
f 10128 10141 10142
f 10140 10139 10152
f 10138 10137 10150
f 10148 10161 10162
f 10147 10146 10159
f 10144 10157 10158
f 10143 10142 10155
f 10140 10153 10154
f 10138 10151 10152
f 10147 10160 10161
f 10146 10145 10158
f 10144 10143 10156
f 10141 10154 10155
f 10153 10152 10165
f 10151 10150 10163
f 10162 10161 10174
f 10159 10172 10173
f 10157 10170 10171
f 10156 10155 10168
f 10153 10166 10167
f 10151 10164 10165
f 10161 10160 10173
f 10159 10158 10171
f 10157 10156 10169
f 10154 10167 10168
f 10165 10178 10179
f 10163 10176 10177
f 10175 10174 10187
f 10173 10172 10185
f 10171 10170 10183
f 10168 10181 10182
f 10167 10166 10179
f 10165 10164 10177
f 10173 10186 10187
f 10171 10184 10185
f 10169 10182 10183
f 10168 10167 10180
f 10178 10191 10192
f 10176 10189 10190
f 10188 10187 10200
f 10185 10198 10199
f 10184 10183 10196
f 10182 10181 10194
f 10180 10179 10192
f 10178 10177 10190
f 10187 10186 10199
f 10184 10197 10198
f 10182 10195 10196
f 10180 10193 10194
f 10191 10204 10205
f 10190 10189 10202
f 10200 10213 10214
f 10198 10211 10212
f 10197 10196 10209
f 10195 10194 10207
f 10192 10205 10206
f 10191 10190 10203
f 10199 10212 10213
f 10197 10210 10211
f 10196 10195 10208
f 10193 10206 10207
f 10205 10204 10217
f 10202 10215 10216
f 10214 10213 10226
f 10211 10224 10225
f 10210 10209 10222
f 10207 10220 10221
f 10205 10218 10219
f 10204 10203 10216
f 10212 10225 10226
f 10210 10223 10224
f 10209 10208 10221
f 10207 10206 10219
f 10217 10230 10231
f 10216 10215 10228
f 10226 10239 10240
f 10224 10237 10238
f 10223 10222 10235
f 10221 10220 10233
f 10219 10218 10231
f 10217 10216 10229
f 10226 10225 10238
f 10223 10236 10237
f 10221 10234 10235
f 10219 10232 10233
f 10231 10230 10243
f 10228 10241 10242
f 10240 10239 10252
f 10238 10237 10250
f 10235 10248 10249
f 10234 10233 10246
f 10232 10231 10244
f 10229 10242 10243
f 10239 10238 10251
f 10237 10236 10249
f 10234 10247 10248
f 10232 10245 10246
f 10244 10243 10256
f 10242 10241 10254
f 10252 10265 10266
f 10251 10250 10263
f 10248 10261 10262
f 10247 10246 10259
f 10244 10257 10258
f 10242 10255 10256
f 10251 10264 10265
f 10250 10249 10262
f 10248 10247 10260
f 10245 10258 10259
f 10257 10256 10269
f 10255 10254 10267
f 10266 10265 10278
f 10263 10276 10277
f 10261 10274 10275
f 10260 10259 10272
f 10257 10270 10271
f 10255 10268 10269
f 10265 10264 10277
f 10263 10262 10275
f 10261 10260 10273
f 10258 10271 10272
f 10269 10282 10283
f 10267 10280 10281
f 10278 10291 10292
f 10277 10276 10289
f 10275 10274 10287
f 10272 10285 10286
f 10271 10270 10283
f 10269 10268 10281
f 10277 10290 10291
f 10275 10288 10289
f 10273 10286 10287
f 10272 10271 10284
f 10282 10295 10296
f 10280 10293 10294
f 10292 10291 10304
f 10289 10302 10303
f 10288 10287 10300
f 10286 10285 10298
f 10284 10283 10296
f 10282 10281 10294
f 10291 10290 10303
f 10288 10301 10302
f 10286 10299 10300
f 10284 10297 10298
f 10295 10308 10309
f 10294 10293 10306
f 10304 10317 10318
f 10302 10315 10316
f 10301 10300 10313
f 10299 10298 10311
f 10296 10309 10310
f 10295 10294 10307
f 10303 10316 10317
f 10301 10314 10315
f 10300 10299 10312
f 10297 10310 10311
f 10309 10308 10321
f 10307 10306 10319
f 10318 10317 10330
f 10316 10315 10328
f 10314 10313 10326
f 10311 10324 10325
f 10309 10322 10323
f 10308 10307 10320
f 10316 10329 10330
f 10314 10327 10328
f 10313 10312 10325
f 10311 10310 10323
f 10321 10334 10335
f 10320 10319 10332
f 10330 10343 10344
f 10329 10328 10341
f 10326 10339 10340
f 10325 10324 10337
f 10323 10322 10335
f 10320 10333 10334
f 10330 10329 10342
f 10328 10327 10340
f 10325 10338 10339
f 10323 10336 10337
f 10335 10334 10348
f 10332 10346 10347
f 10344 10343 10357
f 10342 10341 10355
f 10339 10353 10354
f 10337 10351 10352
f 10336 10335 10349
f 10333 10347 10348
f 10343 10342 10356
f 10341 10340 10354
f 10338 10352 10353
f 10337 10336 10350
f 10349 10348 10361
f 10347 10346 10359
f 10357 10370 10371
f 10356 10355 10368
f 10353 10366 10367
f 10351 10364 10365
f 10349 10362 10363
f 10347 10360 10361
f 10356 10369 10370
f 10355 10354 10367
f 10353 10352 10365
f 10351 10350 10363
f 10362 10361 10374
f 10360 10359 10372
f 10371 10370 10383
f 10368 10381 10382
f 10366 10379 10380
f 10365 10364 10377
f 10362 10375 10376
f 10360 10373 10374
f 10370 10369 10382
f 10368 10367 10380
f 10366 10365 10378
f 10363 10376 10377
f 10374 10387 10388
f 10372 10385 10386
f 10383 10396 10397
f 10382 10381 10394
f 10380 10379 10392
f 10377 10390 10391
f 10376 10375 10388
f 10374 10373 10386
f 10382 10395 10396
f 10380 10393 10394
f 10378 10391 10392
f 10377 10376 10389
f 10387 10400 10401
f 10385 10398 10399
f 10397 10396 10409
f 10394 10407 10408
f 10393 10392 10405
f 10390 10403 10404
f 10389 10388 10401
f 10387 10386 10399
f 10396 10395 10408
f 10393 10406 10407
f 10391 10404 10405
f 10390 10389 10402
f 10400 10413 10414
f 10399 10398 10411
f 10409 10422 10423
f 10407 10420 10421
f 10406 10405 10418
f 10403 10416 10417
f 10401 10414 10415
f 10400 10399 10412
f 10408 10421 10422
f 10406 10419 10420
f 10405 10404 10417
f 10403 10402 10415
f 10414 10413 10426
f 10411 10424 10425
f 10423 10422 10435
f 10420 10433 10434
f 10418 10431 10432
f 10416 10429 10430
f 10414 10427 10428
f 10412 10425 10426
f 10421 10434 10435
f 10419 10432 10433
f 10418 10417 10430
f 10416 10415 10428
f 10427 10426 10439
f 10425 10424 10437
f 10435 10448 10449
f 10433 10446 10447
f 10431 10444 10445
f 10430 10429 10442
f 10428 10427 10440
f 10425 10438 10439
f 10435 10434 10447
f 10433 10432 10445
f 10430 10443 10444
f 10428 10441 10442
f 10440 10439 10452
f 10437 10450 10451
f 10449 10448 10461
f 10447 10446 10459
f 10444 10457 10458
f 10443 10442 10455
f 10441 10440 10453
f 10438 10451 10452
f 10448 10447 10460
f 10446 10445 10458
f 10443 10456 10457
f 10441 10454 10455
f 10453 10452 10465
f 10451 10450 10463
f 10461 10474 10475
f 10460 10459 10472
f 10457 10470 10471
f 10456 10455 10468
f 10453 10466 10467
f 10451 10464 10465
f 10460 10473 10474
f 10459 10458 10471
f 10457 10456 10469
f 10454 10467 10468
f 10466 10465 10061
f 10464 10463 10059
f 10474 10070 10071
f 10472 10068 10069
f 10470 10066 10067
f 10469 10468 10064
f 10466 10062 10063
f 10464 10060 10061
f 10473 10069 10070
f 10472 10471 10067
f 10470 10469 10065
f 10467 10063 10064
f 9933 10059 10463
f 10463 10450 10054
f 10450 10437 10049
f 10437 10424 10045
f 10045 10424 10411
f 10041 10411 10398
f 10037 10398 10385
f 10385 10372 10029
f 10029 10372 10359
f 10359 10346 10021
f 10346 10332 10017
f 10332 10319 10013
f 10013 10319 10306
f 10009 10306 10293
f 10005 10293 10280
f 10280 10267 9997
f 9997 10267 10254
f 10254 10241 9989
f 10241 10228 9985
f 10228 10215 9981
f 9981 10215 10202
f 9977 10202 10189
f 9973 10189 10176
f 10176 10163 9965
f 9965 10163 10150
f 10150 10137 9957
f 10137 10124 9953
f 10124 10111 9949
f 9949 10111 10098
f 9945 10098 10085
f 9941 10085 10072
f 10072 10059 9933

